ID,Dim1,Dim2,Dim3,Referendum,Option_Ind,Option_SouAss,Option_Prov,Argument_Droit,Argument_Resssources,Argument_Faisable,Honte_Racisme,Honte_Colonialisme,Futur_Francais,Futur_Economie,Futur_culture,Opinion_Immigration,Opinion_sociale,Opinion_economique,Opinion_feministe,Opinion_lgbtq,Attitude_risque,Vote_provincial,Vote_federal,Genre,Langue,Age,Origine,Scolarite,Revenus
Ind_1,0.439325,-2.054237,0.118951,Sou_NON,CONTRE,POUR,POUR,POUR,CONTRE,NEUTRE,ACCORD,ACCORD,NSP,NSP,NEUTRE,POUR,Responsabilité collective,NSP,Féministe: POUR féministe,Féministe: POUR féministe,Risque difficile,QS,NPD,Femme,Francophones,18-39 ans,Né Canada,Collégial,Revenus moyens
Ind_2,-0.45036,-1.64425,-0.752147,Sou_NSP,POUR,POUR,POUR,POUR,CONTRE,POUR,ACCORD,NEUTRE,NEUTRE,PESSIMISTE,OPTIMISTE,CONTRE,Responsabilité collective,Economie: privé et public,Féministe: POUR féministe,Féministe: POUR féministe,Risque difficile,PLQ,NPD,Femme,Francophones,18-39 ans,Né Canada,Universitaire,Revenus moyens
Ind_3,0.220854,-0.8045,2.164368,Sou_NSP,NSP,NSP,NSP,NSP,NSP,NSP,NSP,NSP,PESSIMISTE,NSP,NSP,CONTRE,NSP,Economie: privé et public,Feministre: NEUTRE féministe,Feministe: CONTRE féministe,Risque facile,NSP,Vote fed: NSP,Femme,Non francophones,40-59 ans,Né Ailleurs,Secondaire,NSP
Ind_4,-2.37758,1.289581,-0.235095,Sou_OUI,POUR,POUR,POUR,POUR,POUR,POUR,DÉSACCORD,DÉSACCORD,OPTIMISTE,NEUTRE,OPTIMISTE,CONTRE,Responsabilité individuelle,Economie: privé et public,NSP,Feministe: CONTRE féministe,Risque facile,PQ,BQ,Homme,Francophones,60 ans et plus,Né Canada,Collégial,NSP
Ind_5,-0.270605,0.201963,0.347882,Sou_NON,POUR,NSP,POUR,POUR,CONTRE,POUR,DÉSACCORD,DÉSACCORD,NEUTRE,PESSIMISTE,OPTIMISTE,CONTRE,Responsabilité individuelle,NSP,Feministe: CONTRE féministe,Féministe: POUR féministe,Risque difficile,PQ,PCC,Femme,Francophones,18-39 ans,Né Canada,Collégial,Revenus élevés
Ind_6,2.115413,1.03798,-0.631907,Sou_NON,CONTRE,CONTRE,POUR,CONTRE,CONTRE,CONTRE,NEUTRE,NEUTRE,NEUTRE,PESSIMISTE,PESSIMISTE,CONTRE,Responsabilité individuelle,Economie: privé et public,Feministre: NEUTRE féministe,Feministre: NEUTRE féministe,Risque difficile,PLQ,PLC,Homme,Non francophones,60 ans et plus,Né Canada,Universitaire,Revenus bas
Ind_7,-1.40041,1.212352,0.445331,Sou_NSP,CONTRE,POUR,CONTRE,POUR,POUR,POUR,DÉSACCORD,DÉSACCORD,NEUTRE,OPTIMISTE,NEUTRE,CONTRE,Responsabilité mixte,Economie: privé et public,Feministre: NEUTRE féministe,Feministre: NEUTRE féministe,Risque facile,PQ,PCC,Homme,Francophones,18-39 ans,Né Canada,Collégial,Revenus bas
Ind_8,0.640384,0.685608,0.023741,Sou_NON,POUR,POUR,POUR,CONTRE,POUR,CONTRE,NEUTRE,ACCORD,PESSIMISTE,PESSIMISTE,PESSIMISTE,CONTRE,Responsabilité individuelle,Economie: neutre,Feministre: NEUTRE féministe,Feministe: CONTRE féministe,Risque facile,CAQ,PLC,Femme,Francophones,40-59 ans,Né Canada,Universitaire,Revenus moyens
Ind_9,-2.082246,0.784195,0.631086,Sou_OUI,POUR,CONTRE,CONTRE,POUR,POUR,POUR,DÉSACCORD,DÉSACCORD,OPTIMISTE,OPTIMISTE,OPTIMISTE,CONTRE,Responsabilité mixte,Economie: neutre,Feministre: NEUTRE féministe,Feministre: NEUTRE féministe,Risque difficile,PQ,PCC,Femme,Francophones,60 ans et plus,Né Canada,Collégial,NSP
Ind_10,-2.824747,1.429441,-0.041581,Sou_OUI,POUR,POUR,CONTRE,POUR,POUR,POUR,DÉSACCORD,DÉSACCORD,OPTIMISTE,OPTIMISTE,OPTIMISTE,CONTRE,Responsabilité individuelle,Economie: privé et public,Feministre: NEUTRE féministe,Feministre: NEUTRE féministe,Risque difficile,PQ,BQ,Homme,Francophones,60 ans et plus,Né Canada,Secondaire,Revenus bas
Ind_11,1.448467,0.02194,-0.416687,Sou_NON,CONTRE,POUR,POUR,CONTRE,CONTRE,CONTRE,DÉSACCORD,DÉSACCORD,NEUTRE,PESSIMISTE,PESSIMISTE,CONTRE,Responsabilité collective,Economie: neutre,Féministe: POUR féministe,Féministe: POUR féministe,Risque facile,PLQ,PLC,Femme,Francophones,60 ans et plus,Né Canada,Collégial,NSP
Ind_12,1.353382,-0.568487,0.408596,Sou_NON,CONTRE,NSP,POUR,CONTRE,NSP,NSP,ACCORD,ACCORD,NEUTRE,PESSIMISTE,NSP,CONTRE,Responsabilité individuelle,Economie: privé et public,Féministe: POUR féministe,Feministre: NEUTRE féministe,Risque facile,NSP,PCC,Femme,Non francophones,18-39 ans,Né Canada,Collégial,Revenus bas
Ind_13,1.201111,0.88027,0.826154,Sou_NON,CONTRE,CONTRE,POUR,CONTRE,NEUTRE,CONTRE,ACCORD,NEUTRE,OPTIMISTE,PESSIMISTE,NEUTRE,CONTRE,Responsabilité mixte,Economie: neutre,Feministre: NEUTRE féministe,Feministre: NEUTRE féministe,Risque facile,NSP,Vote fed: NSP,Homme,Francophones,40-59 ans,Né Canada,Secondaire,Revenus moyens
Ind_14,-0.459248,0.095923,-0.913612,Sou_NON,CONTRE,CONTRE,POUR,POUR,POUR,POUR,NEUTRE,DÉSACCORD,OPTIMISTE,NEUTRE,OPTIMISTE,POUR,Responsabilité individuelle,Economie: privé seulement,Féministe: POUR féministe,Féministe: POUR féministe,Risque difficile,NSP,PLC,Homme,Francophones,60 ans et plus,Né Canada,Universitaire,Revenus moyens
Ind_15,-1.422158,-0.112076,-0.148351,Sou_OUI,CONTRE,CONTRE,POUR,POUR,POUR,POUR,DÉSACCORD,DÉSACCORD,OPTIMISTE,OPTIMISTE,OPTIMISTE,CONTRE,Responsabilité individuelle,NSP,Féministe: POUR féministe,Féministe: POUR féministe,Risque difficile,PQ,BQ,Femme,Francophones,40-59 ans,Né Canada,Collégial,Revenus bas
Ind_16,-1.767624,-1.664225,-1.202319,Sou_OUI,CONTRE,POUR,CONTRE,POUR,POUR,POUR,ACCORD,ACCORD,NEUTRE,OPTIMISTE,OPTIMISTE,NEUTRE,Responsabilité collective,Economie: privé et public,Féministe: POUR féministe,Féministe: POUR féministe,Risque difficile,PQ,BQ,Femme,Francophones,40-59 ans,Né Canada,Universitaire,Revenus moyens
Ind_17,-0.162487,0.594387,-0.550839,Sou_OUI,CONTRE,CONTRE,POUR,POUR,POUR,CONTRE,NEUTRE,ACCORD,NEUTRE,OPTIMISTE,OPTIMISTE,POUR,Responsabilité collective,Economie: privé seulement,Feministre: NEUTRE féministe,Feministe: CONTRE féministe,Risque facile,PLQ,NSP,Homme,Francophones,18-39 ans,Né Canada,Collégial,Revenus moyens
Ind_18,-2.304314,-0.795703,-1.226392,Sou_OUI,POUR,POUR,CONTRE,POUR,POUR,POUR,ACCORD,NEUTRE,OPTIMISTE,OPTIMISTE,NEUTRE,POUR,Responsabilité collective,Economie: privé et public,Feministe: CONTRE féministe,Féministe: POUR féministe,Risque facile,PQ,BQ,Femme,Francophones,60 ans et plus,Né Canada,Universitaire,Revenus moyens
Ind_19,-2.755211,1.33915,-0.93449,Sou_OUI,POUR,POUR,CONTRE,POUR,POUR,POUR,DÉSACCORD,DÉSACCORD,OPTIMISTE,NEUTRE,OPTIMISTE,POUR,Responsabilité individuelle,Economie: privé et public,Feministre: NEUTRE féministe,Feministre: NEUTRE féministe,Risque facile,PQ,BQ,Homme,Francophones,60 ans et plus,Né Canada,Universitaire,Revenus moyens
Ind_20,1.626209,1.235924,0.285822,Sou_NON,CONTRE,CONTRE,NSP,CONTRE,CONTRE,CONTRE,DÉSACCORD,DÉSACCORD,NEUTRE,PESSIMISTE,PESSIMISTE,POUR,Responsabilité mixte,Economie: neutre,Feministe: CONTRE féministe,Feministre: NEUTRE féministe,Risque difficile,PLQ,PCC,Homme,Francophones,40-59 ans,Né Canada,Secondaire,Revenus bas
Ind_21,1.121221,-0.121196,0.615412,Sou_NON,CONTRE,POUR,POUR,CONTRE,CONTRE,NEUTRE,DÉSACCORD,ACCORD,NEUTRE,NEUTRE,NEUTRE,CONTRE,Responsabilité individuelle,Economie: privé seulement,Feministe: CONTRE féministe,Féministe: POUR féministe,Risque difficile,NSP,PLC,Femme,Non francophones,40-59 ans,Né Canada,Secondaire,NSP
Ind_22,-2.769842,-0.050386,-1.003483,Sou_OUI,POUR,POUR,CONTRE,POUR,POUR,POUR,NSP,DÉSACCORD,OPTIMISTE,NSP,OPTIMISTE,CONTRE,Responsabilité collective,Economie: privé et public,Féministe: POUR féministe,Féministe: POUR féministe,Risque facile,PQ,BQ,Homme,Francophones,60 ans et plus,Né Canada,Universitaire,Revenus bas
Ind_23,1.170638,0.104731,-0.665479,Sou_NON,CONTRE,CONTRE,POUR,CONTRE,CONTRE,CONTRE,NEUTRE,NEUTRE,OPTIMISTE,NEUTRE,PESSIMISTE,CONTRE,Responsabilité mixte,Economie: privé et public,Féministe: POUR féministe,Féministe: POUR féministe,Risque facile,CAQ,PLC,Homme,Francophones,40-59 ans,Né Canada,Collégial,Revenus bas
Ind_24,-0.604524,-1.510116,-0.826277,Sou_NSP,CONTRE,POUR,POUR,POUR,POUR,POUR,ACCORD,ACCORD,NSP,PESSIMISTE,OPTIMISTE,POUR,Responsabilité mixte,Economie: privé et public,Féministe: POUR féministe,Féministe: POUR féministe,Risque facile,PQ,PLC,Femme,Francophones,18-39 ans,Né Canada,Collégial,Revenus élevés
Ind_25,0.005058,1.636639,0.806984,Sou_NON,CONTRE,POUR,NSP,NEUTRE,POUR,POUR,NEUTRE,DÉSACCORD,PESSIMISTE,PESSIMISTE,NEUTRE,CONTRE,Responsabilité individuelle,Economie: privé seulement,Feministe: CONTRE féministe,Feministre: NEUTRE féministe,Risque facile,NSP,PLC,Homme,Francophones,60 ans et plus,Né Canada,Collégial,Revenus bas
Ind_26,0.556963,0.901122,0.742878,Sou_NON,CONTRE,POUR,POUR,NEUTRE,NEUTRE,NEUTRE,DÉSACCORD,DÉSACCORD,NEUTRE,NSP,NEUTRE,CONTRE,Responsabilité individuelle,Economie: privé et public,Feministre: NEUTRE féministe,Feministre: NEUTRE féministe,Risque difficile,CAQ,NPD,Homme,Non francophones,40-59 ans,Né Ailleurs,Universitaire,Revenus moyens
Ind_27,-2.700868,0.181655,-0.710792,Sou_OUI,POUR,POUR,CONTRE,POUR,POUR,POUR,DÉSACCORD,DÉSACCORD,OPTIMISTE,OPTIMISTE,OPTIMISTE,CONTRE,Responsabilité collective,Economie: privé et public,Féministe: POUR féministe,Féministe: POUR féministe,Risque difficile,PQ,PCC,Homme,Francophones,60 ans et plus,Né Canada,Collégial,Revenus bas
Ind_28,-1.458836,1.127336,0.886936,Sou_NSP,CONTRE,POUR,CONTRE,POUR,POUR,POUR,DÉSACCORD,DÉSACCORD,OPTIMISTE,NEUTRE,OPTIMISTE,CONTRE,Responsabilité mixte,Economie: privé seulement,Feministre: NEUTRE féministe,Feministre: NEUTRE féministe,Risque difficile,NSP,Vote fed: NSP,Homme,Non francophones,60 ans et plus,Né Canada,Collégial,Revenus bas
Ind_29,-1.949372,0.971202,-0.366991,Sou_OUI,POUR,POUR,CONTRE,POUR,POUR,POUR,ACCORD,DÉSACCORD,NEUTRE,OPTIMISTE,NEUTRE,CONTRE,Responsabilité collective,Economie: neutre,Feministe: CONTRE féministe,Feministe: CONTRE féministe,Risque facile,PQ,PCC,Homme,Francophones,40-59 ans,Né Canada,Universitaire,Revenus moyens
Ind_30,-2.440862,-0.775872,-1.299698,Sou_NSP,POUR,POUR,CONTRE,POUR,POUR,POUR,ACCORD,ACCORD,OPTIMISTE,OPTIMISTE,OPTIMISTE,NEUTRE,Responsabilité mixte,Economie: privé et public,Féministe: POUR féministe,Féministe: POUR féministe,Risque facile,PQ,BQ,Homme,Francophones,40-59 ans,Né Canada,Universitaire,Revenus élevés
Ind_31,1.953696,-0.520147,-0.126509,Sou_NON,CONTRE,CONTRE,POUR,CONTRE,CONTRE,CONTRE,ACCORD,NEUTRE,NEUTRE,PESSIMISTE,PESSIMISTE,POUR,Responsabilité collective,Economie: privé seulement,Feministre: NEUTRE féministe,Féministe: POUR féministe,Risque facile,NSP,Vote fed: NSP,Femme,Francophones,18-39 ans,Né Canada,Collégial,Revenus bas
Ind_32,1.541389,-0.371731,0.090133,Sou_NON,CONTRE,POUR,POUR,CONTRE,CONTRE,CONTRE,NEUTRE,NEUTRE,NEUTRE,PESSIMISTE,PESSIMISTE,POUR,Responsabilité mixte,Economie: privé et public,NSP,NSP,Risque facile,PCQ,NPD,Femme,Francophones,18-39 ans,Né Canada,Collégial,Revenus élevés
Ind_33,-0.084086,1.748678,-0.433949,Sou_NON,CONTRE,POUR,POUR,POUR,POUR,POUR,DÉSACCORD,DÉSACCORD,NEUTRE,PESSIMISTE,PESSIMISTE,CONTRE,Responsabilité individuelle,Economie: privé et public,Feministe: CONTRE féministe,Feministre: NEUTRE féministe,Risque facile,PQ,PLC,Homme,Francophones,40-59 ans,Né Canada,Collégial,Revenus élevés
Ind_34,-1.267763,-0.63594,-1.446845,Sou_OUI,POUR,POUR,POUR,NEUTRE,POUR,POUR,ACCORD,ACCORD,OPTIMISTE,OPTIMISTE,OPTIMISTE,CONTRE,Responsabilité mixte,Economie: privé et public,Féministe: POUR féministe,Féministe: POUR féministe,Risque facile,PLQ,PLC,Homme,Non francophones,18-39 ans,Né Canada,Universitaire,Revenus moyens
Ind_35,0.841517,0.217315,-1.040124,Sou_NON,CONTRE,POUR,POUR,CONTRE,CONTRE,POUR,NEUTRE,NEUTRE,OPTIMISTE,PESSIMISTE,NEUTRE,NEUTRE,Responsabilité individuelle,Economie: privé et public,Feministre: NEUTRE féministe,Féministe: POUR féministe,Risque facile,CAQ,PLC,Homme,Non francophones,18-39 ans,Né Canada,Universitaire,Revenus élevés
Ind_36,-0.408296,-0.104017,2.103258,Sou_NSP,POUR,POUR,POUR,NSP,NSP,NSP,NSP,NSP,NSP,NSP,NSP,CONTRE,Responsabilité individuelle,NSP,NSP,NSP,Risque facile,NSP,Vote fed: NSP,Homme,Francophones,18-39 ans,Né Canada,Secondaire,Revenus moyens
Ind_37,1.477261,1.167731,-0.199864,Sou_NON,CONTRE,CONTRE,POUR,CONTRE,CONTRE,CONTRE,DÉSACCORD,NEUTRE,NSP,PESSIMISTE,PESSIMISTE,NEUTRE,Responsabilité mixte,Economie: privé et public,Feministre: NEUTRE féministe,Feministre: NEUTRE féministe,Risque facile,PQ,PCC,Homme,Francophones,40-59 ans,Né Canada,Collégial,Revenus moyens
Ind_38,1.570782,1.265661,-0.792042,Sou_OUI,CONTRE,CONTRE,POUR,CONTRE,CONTRE,CONTRE,ACCORD,ACCORD,PESSIMISTE,PESSIMISTE,PESSIMISTE,CONTRE,Responsabilité collective,Economie: privé seulement,Feministre: NEUTRE féministe,Feministre: NEUTRE féministe,Risque facile,PCQ,PCC,Homme,Non francophones,40-59 ans,Né Canada,Universitaire,Revenus élevés
Ind_39,-2.142299,0.560812,0.172299,Sou_OUI,POUR,POUR,POUR,POUR,POUR,POUR,NEUTRE,DÉSACCORD,OPTIMISTE,OPTIMISTE,OPTIMISTE,NEUTRE,Responsabilité mixte,Economie: privé et public,Feministre: NEUTRE féministe,Feministre: NEUTRE féministe,Risque difficile,PQ,NPD,Homme,Francophones,40-59 ans,Né Canada,Collégial,Revenus bas
Ind_40,-0.055627,0.438464,-0.214108,Sou_NSP,CONTRE,CONTRE,POUR,NEUTRE,NEUTRE,NEUTRE,DÉSACCORD,DÉSACCORD,OPTIMISTE,OPTIMISTE,OPTIMISTE,CONTRE,Responsabilité individuelle,Economie: privé et public,Féministe: POUR féministe,Féministe: POUR féministe,Risque facile,CAQ,PLC,Homme,Non francophones,60 ans et plus,Né Canada,Collégial,Revenus bas
Ind_41,0.886707,-0.158226,-0.779035,Sou_NON,CONTRE,CONTRE,CONTRE,POUR,CONTRE,CONTRE,DÉSACCORD,ACCORD,PESSIMISTE,PESSIMISTE,NEUTRE,NEUTRE,Responsabilité collective,Economie: privé et public,Féministe: POUR féministe,Feministre: NEUTRE féministe,Risque facile,CAQ,PLC,Femme,Francophones,60 ans et plus,Né Canada,Collégial,Revenus moyens
Ind_42,-2.220383,1.150658,-0.020691,Sou_OUI,POUR,POUR,CONTRE,POUR,POUR,POUR,NEUTRE,DÉSACCORD,OPTIMISTE,NEUTRE,OPTIMISTE,CONTRE,Responsabilité individuelle,Economie: privé et public,Feministe: CONTRE féministe,Feministe: CONTRE féministe,Risque difficile,PCQ,PCC,Homme,Francophones,40-59 ans,Né Canada,Collégial,Revenus moyens
Ind_43,1.732427,0.018891,0.658843,Sou_NON,CONTRE,CONTRE,POUR,CONTRE,CONTRE,CONTRE,NEUTRE,NEUTRE,PESSIMISTE,PESSIMISTE,NEUTRE,CONTRE,Responsabilité mixte,Economie: privé seulement,Feministre: NEUTRE féministe,Féministe: POUR féministe,Risque difficile,PCQ,PCC,Femme,Francophones,18-39 ans,Né Canada,Secondaire,Revenus moyens
Ind_44,-2.865614,0.900923,-0.836387,Sou_OUI,POUR,POUR,CONTRE,POUR,POUR,POUR,DÉSACCORD,DÉSACCORD,OPTIMISTE,OPTIMISTE,OPTIMISTE,CONTRE,Responsabilité collective,Economie: privé et public,Feministre: NEUTRE féministe,Féministe: POUR féministe,Risque facile,PQ,BQ,Homme,Francophones,60 ans et plus,Né Canada,Collégial,Revenus moyens
Ind_45,0.561949,-0.932423,0.136954,Sou_NON,CONTRE,NSP,CONTRE,CONTRE,CONTRE,NSP,ACCORD,ACCORD,OPTIMISTE,PESSIMISTE,OPTIMISTE,CONTRE,Responsabilité collective,NSP,Féministe: POUR féministe,Feministre: NEUTRE féministe,Risque difficile,QS,PCC,Femme,Francophones,18-39 ans,Né Ailleurs,Collégial,Revenus élevés
Ind_46,-2.825842,-0.109615,-1.269069,Sou_OUI,POUR,POUR,CONTRE,POUR,POUR,POUR,DÉSACCORD,DÉSACCORD,OPTIMISTE,OPTIMISTE,OPTIMISTE,POUR,Responsabilité collective,Economie: privé et public,Féministe: POUR féministe,Féministe: POUR féministe,Risque facile,PQ,BQ,Homme,Francophones,18-39 ans,Né Canada,Collégial,Revenus bas
Ind_47,-1.753623,0.514387,0.397933,Sou_OUI,POUR,POUR,CONTRE,POUR,POUR,NEUTRE,ACCORD,DÉSACCORD,NEUTRE,NEUTRE,OPTIMISTE,POUR,Responsabilité mixte,Economie: neutre,Feministre: NEUTRE féministe,Feministre: NEUTRE féministe,Risque facile,NSP,Vote fed: NSP,Homme,Francophones,60 ans et plus,Né Canada,Universitaire,NSP
Ind_48,-1.5886,-1.696093,-1.020147,Sou_OUI,NSP,POUR,CONTRE,POUR,POUR,POUR,ACCORD,ACCORD,NEUTRE,NSP,OPTIMISTE,NEUTRE,Responsabilité collective,Economie: privé et public,Féministe: POUR féministe,Féministe: POUR féministe,Risque facile,QS,NPD,Femme,Francophones,40-59 ans,Né Canada,Universitaire,Revenus moyens
Ind_49,-0.97925,0.477247,0.692957,Sou_NSP,CONTRE,POUR,POUR,POUR,POUR,NSP,DÉSACCORD,DÉSACCORD,NSP,NEUTRE,NSP,CONTRE,NSP,Economie: privé et public,Feministre: NEUTRE féministe,Feministre: NEUTRE féministe,Risque difficile,PQ,BQ,Homme,Francophones,18-39 ans,Né Canada,Universitaire,NSP
Ind_50,1.547587,0.251719,0.335701,Sou_NON,CONTRE,POUR,POUR,CONTRE,CONTRE,CONTRE,ACCORD,NEUTRE,NEUTRE,PESSIMISTE,PESSIMISTE,CONTRE,Responsabilité collective,Economie: privé seulement,Feministre: NEUTRE féministe,Feministre: NEUTRE féministe,Risque facile,NSP,Vote fed: NSP,Femme,Francophones,40-59 ans,Né Canada,Universitaire,NSP
Ind_51,1.77457,1.429188,-0.455206,Sou_NON,CONTRE,CONTRE,POUR,CONTRE,CONTRE,CONTRE,DÉSACCORD,DÉSACCORD,NEUTRE,PESSIMISTE,PESSIMISTE,NEUTRE,Responsabilité individuelle,Economie: neutre,Feministe: CONTRE féministe,NSP,Risque facile,CAQ,PLC,Homme,Francophones,60 ans et plus,Né Canada,Universitaire,NSP
Ind_52,-0.135368,0.504451,0.416929,Sou_NON,CONTRE,POUR,POUR,POUR,NEUTRE,NEUTRE,DÉSACCORD,DÉSACCORD,OPTIMISTE,PESSIMISTE,NEUTRE,NEUTRE,Responsabilité collective,Economie: neutre,Feministre: NEUTRE féministe,Féministe: POUR féministe,Risque facile,NSP,BQ,Homme,Francophones,40-59 ans,Né Canada,Collégial,Revenus moyens
Ind_53,0.063174,-1.12655,-0.619856,Sou_NON,CONTRE,POUR,CONTRE,POUR,CONTRE,CONTRE,NEUTRE,NEUTRE,OPTIMISTE,PESSIMISTE,OPTIMISTE,POUR,Responsabilité individuelle,Economie: privé et public,Féministe: POUR féministe,Féministe: POUR féministe,Risque difficile,NSP,Vote fed: NSP,Femme,Francophones,40-59 ans,Né Canada,Universitaire,Revenus élevés
Ind_54,0.478761,0.26179,0.94812,Sou_NON,CONTRE,CONTRE,CONTRE,CONTRE,CONTRE,NEUTRE,ACCORD,NSP,NEUTRE,NSP,OPTIMISTE,CONTRE,Responsabilité mixte,Economie: privé seulement,Feministre: NEUTRE féministe,Feministre: NEUTRE féministe,Risque facile,PQ,Vote fed: NSP,Femme,Francophones,40-59 ans,Né Canada,Collégial,Revenus moyens
Ind_55,1.565159,0.591417,0.118372,Sou_NON,CONTRE,CONTRE,POUR,NEUTRE,CONTRE,CONTRE,NSP,DÉSACCORD,PESSIMISTE,PESSIMISTE,PESSIMISTE,NEUTRE,Responsabilité collective,Economie: neutre,Feministe: CONTRE féministe,Féministe: POUR féministe,Risque facile,Vote prov: NSP,Vote fed: NSP,Homme,Francophones,60 ans et plus,Né Ailleurs,Collégial,Revenus bas
Ind_56,0.296082,-0.473339,0.728941,Sou_NON,NSP,POUR,POUR,NEUTRE,NEUTRE,CONTRE,ACCORD,NEUTRE,NEUTRE,NSP,NEUTRE,NSP,Responsabilité mixte,NSP,Féministe: POUR féministe,Féministe: POUR féministe,Risque facile,CAQ,PCC,Homme,Francophones,60 ans et plus,Né Canada,Secondaire,Revenus bas
Ind_57,1.250487,-1.29441,-0.6979,Sou_NON,CONTRE,POUR,POUR,POUR,CONTRE,CONTRE,ACCORD,ACCORD,NEUTRE,PESSIMISTE,PESSIMISTE,POUR,Responsabilité individuelle,NSP,Féministe: POUR féministe,Féministe: POUR féministe,Risque difficile,QS,PLC,Femme,Francophones,18-39 ans,Né Canada,Collégial,Revenus moyens
Ind_58,0.863254,0.385874,-0.7941,Sou_NON,CONTRE,POUR,POUR,CONTRE,POUR,CONTRE,DÉSACCORD,NEUTRE,NEUTRE,PESSIMISTE,NEUTRE,CONTRE,Responsabilité individuelle,Economie: privé seulement,Féministe: POUR féministe,Féministe: POUR féministe,Risque facile,QS,NPD,Homme,Non francophones,18-39 ans,Né Canada,Universitaire,Revenus moyens
Ind_59,-0.276418,0.288787,-1.187249,Sou_NON,POUR,POUR,POUR,CONTRE,CONTRE,POUR,ACCORD,ACCORD,OPTIMISTE,NEUTRE,OPTIMISTE,CONTRE,Responsabilité individuelle,Economie: privé et public,Féministe: POUR féministe,Feministe: CONTRE féministe,Risque facile,PCQ,PCC,Homme,Non francophones,18-39 ans,Né Canada,Universitaire,Revenus moyens
Ind_60,-1.435133,-0.179772,-1.36954,Sou_OUI,CONTRE,POUR,POUR,POUR,POUR,POUR,ACCORD,ACCORD,OPTIMISTE,NEUTRE,OPTIMISTE,NEUTRE,Responsabilité individuelle,Economie: privé seulement,Féministe: POUR féministe,Féministe: POUR féministe,Risque facile,PQ,PLC,Homme,Francophones,40-59 ans,Né Canada,Universitaire,Revenus moyens
Ind_61,1.403508,-0.638271,2.066001,Sou_NON,CONTRE,CONTRE,POUR,CONTRE,NEUTRE,NEUTRE,NSP,NSP,PESSIMISTE,PESSIMISTE,NSP,CONTRE,NSP,NSP,NSP,NSP,Risque difficile,NSP,Vote fed: NSP,Femme,Francophones,40-59 ans,Né Ailleurs,Collégial,Revenus bas
Ind_62,1.626052,0.355029,-0.96479,Sou_NON,CONTRE,CONTRE,POUR,CONTRE,CONTRE,CONTRE,DÉSACCORD,DÉSACCORD,NEUTRE,PESSIMISTE,PESSIMISTE,CONTRE,NSP,Economie: privé et public,Féministe: POUR féministe,Féministe: POUR féministe,Risque difficile,CAQ,PLC,Homme,Francophones,60 ans et plus,Né Canada,Universitaire,Revenus bas
Ind_63,2.09764,0.500274,-0.650715,Sou_NON,CONTRE,CONTRE,POUR,CONTRE,CONTRE,CONTRE,ACCORD,NEUTRE,PESSIMISTE,PESSIMISTE,PESSIMISTE,POUR,Responsabilité individuelle,Economie: neutre,Feministe: CONTRE féministe,NSP,Risque difficile,PLQ,PLC,Homme,Francophones,60 ans et plus,Né Ailleurs,Universitaire,Revenus bas
Ind_64,0.600232,-2.04113,-1.062681,Sou_NON,CONTRE,NSP,POUR,CONTRE,POUR,NSP,ACCORD,ACCORD,OPTIMISTE,PESSIMISTE,OPTIMISTE,NEUTRE,Responsabilité collective,Economie: privé et public,Féministe: POUR féministe,Féministe: POUR féministe,Risque difficile,QS,NPD,Femme,Non francophones,18-39 ans,Né Canada,Universitaire,Revenus élevés
Ind_65,-2.47652,1.110544,-0.116271,Sou_OUI,POUR,POUR,CONTRE,POUR,POUR,POUR,NEUTRE,DÉSACCORD,OPTIMISTE,NEUTRE,OPTIMISTE,POUR,Responsabilité individuelle,Economie: privé seulement,Feministre: NEUTRE féministe,Feministre: NEUTRE féministe,Risque difficile,CAQ,BQ,Homme,Francophones,60 ans et plus,Né Canada,Universitaire,Revenus bas
Ind_66,1.632767,1.882466,0.198441,Sou_NON,CONTRE,CONTRE,POUR,NEUTRE,CONTRE,CONTRE,DÉSACCORD,DÉSACCORD,NEUTRE,PESSIMISTE,PESSIMISTE,CONTRE,Responsabilité mixte,Economie: privé seulement,Feministre: NEUTRE féministe,Feministre: NEUTRE féministe,Risque facile,PLQ,PLC,Homme,Francophones,60 ans et plus,Né Canada,Collégial,Revenus bas
Ind_67,1.567069,1.757836,-0.643827,Sou_NON,CONTRE,POUR,POUR,CONTRE,CONTRE,CONTRE,DÉSACCORD,DÉSACCORD,PESSIMISTE,PESSIMISTE,PESSIMISTE,CONTRE,Responsabilité individuelle,Economie: privé et public,Feministe: CONTRE féministe,Feministe: CONTRE féministe,Risque facile,CAQ,PLC,Homme,Non francophones,40-59 ans,Né Canada,Collégial,Revenus moyens
Ind_68,2.26994,0.597241,-0.522798,Sou_NON,CONTRE,CONTRE,POUR,CONTRE,CONTRE,CONTRE,ACCORD,DÉSACCORD,NEUTRE,PESSIMISTE,PESSIMISTE,POUR,Responsabilité mixte,Economie: neutre,Feministre: NEUTRE féministe,NSP,Risque difficile,PLQ,PLC,Homme,Non francophones,60 ans et plus,Né Ailleurs,Collégial,Revenus élevés
Ind_69,1.229809,1.689682,0.106595,Sou_NON,CONTRE,CONTRE,POUR,CONTRE,CONTRE,CONTRE,NEUTRE,DÉSACCORD,OPTIMISTE,PESSIMISTE,OPTIMISTE,CONTRE,Responsabilité individuelle,Economie: privé seulement,Feministre: NEUTRE féministe,Feministe: CONTRE féministe,Risque difficile,Vote prov: NSP,PCC,Homme,Non francophones,60 ans et plus,Né Canada,Secondaire,Revenus bas
Ind_70,-2.867535,1.156621,-0.473875,Sou_OUI,POUR,POUR,CONTRE,POUR,POUR,POUR,DÉSACCORD,DÉSACCORD,OPTIMISTE,OPTIMISTE,OPTIMISTE,CONTRE,Responsabilité mixte,Economie: privé seulement,Feministre: NEUTRE féministe,Féministe: POUR féministe,Risque facile,PQ,BQ,Homme,Francophones,60 ans et plus,Né Canada,Universitaire,Revenus bas
Ind_71,-1.239375,0.718087,-0.2612,Sou_NON,POUR,POUR,POUR,POUR,POUR,NEUTRE,DÉSACCORD,DÉSACCORD,NEUTRE,NEUTRE,OPTIMISTE,CONTRE,Responsabilité individuelle,Economie: privé seulement,Féministe: POUR féministe,Féministe: POUR féministe,Risque facile,CAQ,BQ,Homme,Francophones,40-59 ans,Né Canada,Universitaire,NSP
Ind_72,-2.330388,1.194599,-0.554651,Sou_OUI,POUR,POUR,CONTRE,POUR,POUR,POUR,DÉSACCORD,DÉSACCORD,OPTIMISTE,PESSIMISTE,OPTIMISTE,CONTRE,Responsabilité individuelle,Economie: privé et public,Féministe: POUR féministe,Feministre: NEUTRE féministe,Risque facile,PQ,Vote fed: NSP,Homme,Francophones,60 ans et plus,Né Canada,Collégial,Revenus moyens
Ind_73,1.552862,-0.127062,0.787702,Sou_NON,CONTRE,NSP,POUR,CONTRE,CONTRE,CONTRE,ACCORD,NSP,OPTIMISTE,PESSIMISTE,PESSIMISTE,CONTRE,Responsabilité individuelle,Economie: neutre,NSP,NSP,Risque difficile,CAQ,PCC,Femme,Francophones,18-39 ans,Né Canada,Collégial,Revenus élevés
Ind_74,0.652659,0.119495,0.05649,Sou_NON,CONTRE,POUR,POUR,POUR,CONTRE,CONTRE,DÉSACCORD,DÉSACCORD,PESSIMISTE,PESSIMISTE,NEUTRE,CONTRE,Responsabilité individuelle,Economie: privé seulement,Féministe: POUR féministe,Féministe: POUR féministe,Risque difficile,PQ,PLC,Femme,Francophones,40-59 ans,Né Canada,Collégial,Revenus bas
Ind_75,-1.536182,-1.066893,-1.258122,Sou_NON,POUR,POUR,CONTRE,POUR,POUR,POUR,ACCORD,ACCORD,OPTIMISTE,PESSIMISTE,OPTIMISTE,POUR,Responsabilité collective,Economie: privé et public,Féministe: POUR féministe,NSP,Risque facile,PQ,NPD,Femme,Francophones,40-59 ans,Né Canada,Universitaire,Revenus bas
Ind_76,-1.857176,0.462707,0.526184,Sou_OUI,POUR,POUR,POUR,POUR,POUR,NEUTRE,DÉSACCORD,DÉSACCORD,OPTIMISTE,OPTIMISTE,OPTIMISTE,CONTRE,Responsabilité collective,NSP,Feministre: NEUTRE féministe,Feministe: CONTRE féministe,NSP,PQ,PLC,Femme,Francophones,60 ans et plus,Né Canada,Secondaire,Revenus bas
Ind_77,1.989817,0.987755,0.18453,Sou_NON,CONTRE,CONTRE,POUR,CONTRE,CONTRE,CONTRE,NEUTRE,NEUTRE,NEUTRE,PESSIMISTE,PESSIMISTE,NEUTRE,Responsabilité individuelle,Economie: neutre,Feministe: CONTRE féministe,Feministe: CONTRE féministe,Risque difficile,PCQ,PCC,Homme,Francophones,40-59 ans,Né Ailleurs,Collégial,Revenus élevés
Ind_78,2.093349,-0.544304,-1.368194,Sou_NON,CONTRE,CONTRE,POUR,NEUTRE,CONTRE,CONTRE,ACCORD,NEUTRE,NEUTRE,PESSIMISTE,PESSIMISTE,CONTRE,Responsabilité individuelle,Economie: privé et public,Féministe: POUR féministe,Féministe: POUR féministe,Risque facile,PLQ,PLC,Femme,Non francophones,40-59 ans,Né Canada,Universitaire,Revenus moyens
Ind_79,0.826288,-0.357124,1.408348,Sou_NON,CONTRE,CONTRE,CONTRE,NEUTRE,NSP,NEUTRE,ACCORD,ACCORD,NEUTRE,PESSIMISTE,NSP,CONTRE,Responsabilité mixte,Economie: neutre,Feministre: NEUTRE féministe,Feministre: NEUTRE féministe,Risque difficile,PCQ,NSP,Femme,Francophones,18-39 ans,Né Canada,Secondaire,Revenus moyens
Ind_80,0.087103,0.084923,2.549372,Sou_NSP,NSP,NSP,NSP,NSP,NSP,NSP,NSP,NSP,PESSIMISTE,PESSIMISTE,NSP,CONTRE,Responsabilité mixte,Economie: neutre,Feministre: NEUTRE féministe,Feministre: NEUTRE féministe,Risque facile,NSP,Vote fed: NSP,Homme,Francophones,18-39 ans,Né Canada,Collégial,Revenus bas
Ind_81,1.058961,0.21696,-0.903793,Sou_NON,CONTRE,CONTRE,POUR,POUR,CONTRE,CONTRE,ACCORD,ACCORD,PESSIMISTE,PESSIMISTE,OPTIMISTE,CONTRE,Responsabilité mixte,Economie: privé seulement,Féministe: POUR féministe,Féministe: POUR féministe,Risque facile,PLQ,PLC,Homme,Francophones,60 ans et plus,Né Canada,Secondaire,Revenus bas
Ind_82,1.91037,-1.291142,0.114584,Sou_NON,CONTRE,CONTRE,POUR,CONTRE,CONTRE,CONTRE,NEUTRE,NEUTRE,NEUTRE,PESSIMISTE,PESSIMISTE,NEUTRE,Responsabilité mixte,Economie: neutre,Féministe: POUR féministe,Féministe: POUR féministe,Risque difficile,NSP,Vote fed: NSP,Femme,Francophones,18-39 ans,Né Canada,Universitaire,Revenus élevés
Ind_83,-0.220863,-0.600865,2.566709,Sou_NSP,POUR,POUR,POUR,NEUTRE,NEUTRE,NEUTRE,ACCORD,NEUTRE,NEUTRE,NSP,NEUTRE,CONTRE,Responsabilité mixte,Economie: neutre,Feministre: NEUTRE féministe,Feministre: NEUTRE féministe,Risque difficile,Vote prov: NSP,Vote fed: NSP,Femme,Francophones,40-59 ans,Né Canada,Secondaire,Revenus bas
Ind_84,1.448645,-1.899407,-0.361331,Sou_NON,CONTRE,NSP,NSP,CONTRE,CONTRE,NEUTRE,ACCORD,ACCORD,NEUTRE,PESSIMISTE,PESSIMISTE,POUR,Responsabilité collective,Economie: neutre,Féministe: POUR féministe,Féministe: POUR féministe,Risque difficile,PLQ,NPD,Femme,Francophones,18-39 ans,Né Ailleurs,Universitaire,Revenus bas
Ind_85,-0.387192,0.681643,0.90851,Sou_NSP,NSP,POUR,CONTRE,CONTRE,CONTRE,CONTRE,ACCORD,NEUTRE,NEUTRE,NEUTRE,OPTIMISTE,CONTRE,Responsabilité individuelle,Economie: neutre,Feministre: NEUTRE féministe,Feministre: NEUTRE féministe,Risque difficile,NSP,BQ,Homme,Francophones,60 ans et plus,Né Canada,Secondaire,Revenus moyens
Ind_86,0.133942,-1.998148,0.383976,Sou_NON,NSP,CONTRE,POUR,NEUTRE,NEUTRE,NEUTRE,ACCORD,ACCORD,OPTIMISTE,NSP,OPTIMISTE,POUR,Responsabilité mixte,Economie: privé et public,Féministe: POUR féministe,Féministe: POUR féministe,Risque difficile,QS,NPD,Femme,Francophones,40-59 ans,Né Canada,Collégial,Revenus bas
Ind_87,-2.321947,0.115343,0.484489,Sou_OUI,POUR,POUR,CONTRE,POUR,POUR,POUR,NSP,NSP,NEUTRE,OPTIMISTE,OPTIMISTE,CONTRE,Responsabilité individuelle,Economie: privé et public,Feministre: NEUTRE féministe,Feministe: CONTRE féministe,Risque difficile,PQ,BQ,Femme,Francophones,60 ans et plus,Né Canada,Secondaire,Revenus bas
Ind_88,-1.541561,-1.065408,-1.307441,Sou_NSP,POUR,POUR,CONTRE,POUR,POUR,POUR,ACCORD,ACCORD,NEUTRE,NEUTRE,NEUTRE,POUR,Responsabilité collective,Economie: privé et public,Féministe: POUR féministe,Féministe: POUR féministe,Risque facile,QS,NPD,Homme,Francophones,40-59 ans,Né Canada,Universitaire,Revenus moyens
Ind_89,1.123372,-0.633976,0.142526,Sou_NON,CONTRE,CONTRE,POUR,NEUTRE,CONTRE,NEUTRE,ACCORD,ACCORD,PESSIMISTE,PESSIMISTE,OPTIMISTE,NEUTRE,Responsabilité individuelle,Economie: privé seulement,Féministe: POUR féministe,Féministe: POUR féministe,Risque facile,PCQ,Vote fed: NSP,Femme,Francophones,40-59 ans,Né Canada,Secondaire,Revenus bas
Ind_90,0.445785,0.137358,-0.49268,Sou_NON,CONTRE,CONTRE,POUR,POUR,NEUTRE,CONTRE,ACCORD,ACCORD,OPTIMISTE,NSP,OPTIMISTE,CONTRE,Responsabilité collective,Economie: privé et public,Feministre: NEUTRE féministe,Feministre: NEUTRE féministe,Risque difficile,PLQ,PLC,Homme,Francophones,60 ans et plus,Né Canada,Universitaire,NSP
Ind_91,-0.460479,0.291886,1.981105,Sou_NSP,POUR,POUR,POUR,NEUTRE,NEUTRE,NEUTRE,NEUTRE,NEUTRE,NEUTRE,NEUTRE,NEUTRE,NEUTRE,Responsabilité mixte,Economie: neutre,Feministre: NEUTRE féministe,Feministre: NEUTRE féministe,Risque facile,CAQ,Vote fed: NSP,Homme,Francophones,60 ans et plus,Né Canada,Collégial,NSP
Ind_92,0.651973,-1.663349,-0.43756,Sou_NSP,CONTRE,POUR,POUR,NEUTRE,CONTRE,CONTRE,ACCORD,DÉSACCORD,NEUTRE,PESSIMISTE,NEUTRE,POUR,Responsabilité collective,Economie: privé et public,Féministe: POUR féministe,Féministe: POUR féministe,Risque difficile,QS,BQ,Femme,Francophones,18-39 ans,Né Canada,Universitaire,Revenus bas
Ind_93,-0.108594,0.015063,-0.688368,Sou_NON,CONTRE,POUR,POUR,POUR,CONTRE,CONTRE,NEUTRE,DÉSACCORD,OPTIMISTE,PESSIMISTE,OPTIMISTE,CONTRE,Responsabilité individuelle,Economie: privé et public,Féministe: POUR féministe,Féministe: POUR féministe,Risque facile,PQ,BQ,Femme,Francophones,40-59 ans,Né Canada,Collégial,Revenus moyens
Ind_94,-1.525977,0.854087,0.658901,Sou_OUI,POUR,POUR,POUR,POUR,POUR,POUR,ACCORD,DÉSACCORD,OPTIMISTE,OPTIMISTE,PESSIMISTE,CONTRE,Responsabilité mixte,Economie: neutre,Feministe: CONTRE féministe,Feministre: NEUTRE féministe,Risque difficile,Vote prov: NSP,Vote fed: NSP,Homme,Francophones,60 ans et plus,Né Canada,Collégial,Revenus bas
Ind_95,-0.602441,0.486273,1.157168,Sou_NON,POUR,POUR,POUR,CONTRE,POUR,NEUTRE,NEUTRE,ACCORD,NEUTRE,NEUTRE,OPTIMISTE,CONTRE,Responsabilité individuelle,Economie: privé seulement,Feministre: NEUTRE féministe,Feministre: NEUTRE féministe,Risque difficile,CAQ,BQ,Femme,Francophones,60 ans et plus,Né Canada,Secondaire,Revenus bas
Ind_96,-2.738758,-0.404418,-0.519106,Sou_OUI,POUR,POUR,CONTRE,POUR,POUR,POUR,DÉSACCORD,DÉSACCORD,OPTIMISTE,NEUTRE,OPTIMISTE,NEUTRE,Responsabilité mixte,Economie: neutre,Féministe: POUR féministe,Féministe: POUR féministe,Risque facile,PQ,BQ,Femme,Francophones,60 ans et plus,Né Canada,Universitaire,Revenus bas
Ind_97,-1.486092,-1.564482,-1.026224,Sou_OUI,POUR,POUR,CONTRE,POUR,POUR,POUR,ACCORD,ACCORD,OPTIMISTE,PESSIMISTE,NEUTRE,CONTRE,Responsabilité collective,Economie: privé et public,Féministe: POUR féministe,Féministe: POUR féministe,Risque difficile,QS,PLC,Femme,Francophones,40-59 ans,Né Canada,Universitaire,NSP
Ind_98,1.782308,1.378992,0.432715,Sou_NON,CONTRE,CONTRE,POUR,CONTRE,CONTRE,CONTRE,DÉSACCORD,DÉSACCORD,NEUTRE,PESSIMISTE,PESSIMISTE,CONTRE,Responsabilité mixte,Economie: privé seulement,Feministre: NEUTRE féministe,Feministre: NEUTRE féministe,Risque facile,PCQ,PCC,Femme,Francophones,18-39 ans,Né Canada,Secondaire,Revenus moyens
Ind_99,2.219627,0.229187,-0.169857,Sou_NON,CONTRE,CONTRE,POUR,CONTRE,CONTRE,CONTRE,ACCORD,ACCORD,NEUTRE,PESSIMISTE,PESSIMISTE,NEUTRE,Responsabilité individuelle,Economie: privé seulement,Feministre: NEUTRE féministe,Feministre: NEUTRE féministe,Risque difficile,PLQ,PLC,Femme,Francophones,40-59 ans,Né Canada,Collégial,Revenus élevés
Ind_100,-0.438649,-0.519089,1.789164,Sou_NSP,NSP,NSP,POUR,CONTRE,NSP,NEUTRE,DÉSACCORD,DÉSACCORD,PESSIMISTE,NSP,OPTIMISTE,CONTRE,Responsabilité mixte,NSP,Féministe: POUR féministe,Feministre: NEUTRE féministe,Risque difficile,PQ,BQ,Femme,Francophones,40-59 ans,Né Canada,Collégial,NSP
Ind_101,0.806543,0.577774,-0.215609,Sou_NSP,POUR,CONTRE,POUR,POUR,CONTRE,CONTRE,ACCORD,DÉSACCORD,PESSIMISTE,PESSIMISTE,PESSIMISTE,CONTRE,Responsabilité individuelle,Economie: privé seulement,Feministe: CONTRE féministe,Féministe: POUR féministe,Risque difficile,Vote prov: NSP,NSP,Homme,Non francophones,18-39 ans,Né Canada,Collégial,NSP
Ind_102,2.057813,-1.412375,-0.966512,Sou_NON,CONTRE,CONTRE,POUR,CONTRE,CONTRE,NSP,ACCORD,ACCORD,NEUTRE,PESSIMISTE,PESSIMISTE,CONTRE,Responsabilité collective,Economie: privé et public,Féministe: POUR féministe,Féministe: POUR féministe,Risque difficile,PLQ,PLC,Femme,Non francophones,18-39 ans,Né Canada,Collégial,Revenus bas
Ind_103,0.724871,1.324407,0.407046,Sou_NON,CONTRE,POUR,POUR,NEUTRE,CONTRE,POUR,NSP,DÉSACCORD,NEUTRE,PESSIMISTE,NEUTRE,NEUTRE,Responsabilité individuelle,Economie: privé seulement,Feministre: NEUTRE féministe,Feministe: CONTRE féministe,Risque facile,CAQ,PLC,Homme,Francophones,60 ans et plus,Né Ailleurs,Secondaire,Revenus bas
Ind_104,1.486765,-0.444088,-0.335663,Sou_NON,CONTRE,CONTRE,POUR,CONTRE,CONTRE,CONTRE,ACCORD,ACCORD,NEUTRE,NEUTRE,NEUTRE,CONTRE,Responsabilité individuelle,Economie: privé et public,Feministre: NEUTRE féministe,Féministe: POUR féministe,Risque difficile,PCQ,PCC,Femme,Francophones,18-39 ans,Né Canada,Universitaire,Revenus moyens
Ind_105,-1.92177,1.101853,-0.035736,Sou_OUI,POUR,POUR,CONTRE,POUR,POUR,POUR,NEUTRE,NEUTRE,OPTIMISTE,NEUTRE,NEUTRE,CONTRE,Responsabilité individuelle,Economie: privé et public,Feministe: CONTRE féministe,Feministre: NEUTRE féministe,Risque facile,CAQ,PLC,Homme,Francophones,40-59 ans,Né Canada,Secondaire,Revenus bas
Ind_106,1.576416,1.86611,0.424266,Sou_NON,CONTRE,CONTRE,POUR,NEUTRE,CONTRE,CONTRE,DÉSACCORD,DÉSACCORD,NEUTRE,PESSIMISTE,PESSIMISTE,CONTRE,Responsabilité individuelle,Economie: privé seulement,Feministe: CONTRE féministe,Feministre: NEUTRE féministe,Risque difficile,PCQ,NSP,Homme,Francophones,40-59 ans,Né Canada,Collégial,Revenus moyens
Ind_107,1.66289,-1.83119,-1.444004,Sou_NON,CONTRE,CONTRE,POUR,POUR,CONTRE,CONTRE,ACCORD,ACCORD,NSP,PESSIMISTE,NSP,NEUTRE,Responsabilité collective,Economie: privé et public,Féministe: POUR féministe,Féministe: POUR féministe,Risque difficile,PLQ,PLC,Femme,Non francophones,18-39 ans,Né Canada,Universitaire,Revenus moyens
Ind_108,2.005291,-1.011884,-1.44659,Sou_NON,CONTRE,CONTRE,POUR,CONTRE,CONTRE,CONTRE,DÉSACCORD,DÉSACCORD,NEUTRE,PESSIMISTE,PESSIMISTE,POUR,Responsabilité collective,Economie: privé et public,Féministe: POUR féministe,Féministe: POUR féministe,Risque difficile,QS,NPD,Femme,Non francophones,18-39 ans,Né Ailleurs,Universitaire,Revenus élevés
Ind_109,2.06377,0.750074,0.21831,Sou_NON,CONTRE,CONTRE,POUR,CONTRE,CONTRE,CONTRE,NEUTRE,NSP,PESSIMISTE,PESSIMISTE,PESSIMISTE,CONTRE,Responsabilité individuelle,NSP,Feministre: NEUTRE féministe,Feministre: NEUTRE féministe,Risque facile,PLQ,PLC,Femme,Francophones,18-39 ans,Né Canada,Collégial,Revenus moyens
Ind_110,-1.021926,0.579814,0.262972,Sou_OUI,POUR,POUR,NSP,POUR,POUR,POUR,DÉSACCORD,DÉSACCORD,NEUTRE,PESSIMISTE,NEUTRE,CONTRE,Responsabilité mixte,NSP,Feministe: CONTRE féministe,Feministe: CONTRE féministe,Risque difficile,Vote prov: NSP,NSP,Homme,Non francophones,18-39 ans,Né Ailleurs,Universitaire,NSP
Ind_111,1.549014,0.552978,0.005149,Sou_NON,CONTRE,CONTRE,POUR,NEUTRE,CONTRE,CONTRE,ACCORD,ACCORD,NEUTRE,PESSIMISTE,PESSIMISTE,CONTRE,Responsabilité mixte,Economie: privé et public,Feministre: NEUTRE féministe,Feministre: NEUTRE féministe,Risque difficile,PQ,PLC,Homme,Francophones,40-59 ans,Né Canada,Secondaire,Revenus bas
Ind_112,0.862314,1.163809,1.097849,Sou_NSP,CONTRE,POUR,POUR,NEUTRE,CONTRE,CONTRE,DÉSACCORD,DÉSACCORD,NEUTRE,PESSIMISTE,NEUTRE,CONTRE,Responsabilité individuelle,Economie: privé seulement,Feministe: CONTRE féministe,Feministre: NEUTRE féministe,Risque facile,PCQ,PCC,Femme,Francophones,18-39 ans,Né Canada,Collégial,NSP
Ind_113,-2.250854,0.020547,-0.846411,Sou_OUI,POUR,CONTRE,CONTRE,POUR,POUR,POUR,DÉSACCORD,DÉSACCORD,OPTIMISTE,OPTIMISTE,OPTIMISTE,CONTRE,Responsabilité collective,Economie: privé et public,Féministe: POUR féministe,Féministe: POUR féministe,Risque difficile,PQ,PCC,Homme,Francophones,18-39 ans,Né Canada,Collégial,Revenus bas
Ind_114,0.507916,0.492247,1.017351,Sou_NSP,CONTRE,CONTRE,POUR,NEUTRE,CONTRE,POUR,NSP,ACCORD,NSP,PESSIMISTE,OPTIMISTE,CONTRE,Responsabilité individuelle,Economie: privé et public,Feministre: NEUTRE féministe,Feministre: NEUTRE féministe,Risque difficile,NSP,Vote fed: NSP,Homme,Francophones,40-59 ans,Né Canada,Collégial,Revenus bas
Ind_115,-0.891648,0.061678,-1.552531,Sou_NON,CONTRE,POUR,POUR,POUR,POUR,CONTRE,DÉSACCORD,DÉSACCORD,OPTIMISTE,NEUTRE,OPTIMISTE,POUR,Responsabilité collective,Economie: privé et public,Féministe: POUR féministe,Féministe: POUR féministe,Risque facile,PQ,NPD,Homme,Francophones,60 ans et plus,Né Canada,Universitaire,Revenus moyens
Ind_116,-0.119069,-0.702553,2.573821,Sou_NSP,NSP,NSP,NSP,NEUTRE,NSP,NSP,NSP,NSP,NSP,NSP,NSP,NEUTRE,NSP,NSP,NSP,NSP,NSP,Vote prov: NSP,PCC,Homme,Francophones,40-59 ans,Né Canada,Secondaire,NSP
Ind_117,2.423127,-0.267897,-0.936986,Sou_NON,CONTRE,CONTRE,POUR,CONTRE,CONTRE,CONTRE,ACCORD,ACCORD,NEUTRE,PESSIMISTE,PESSIMISTE,CONTRE,Responsabilité mixte,Economie: privé et public,Feministe: CONTRE féministe,Feministe: CONTRE féministe,Risque difficile,PLQ,PLC,Femme,Non francophones,40-59 ans,Né Ailleurs,Universitaire,Revenus moyens
Ind_118,2.000271,-0.429828,-0.928422,Sou_NON,CONTRE,CONTRE,POUR,CONTRE,NEUTRE,CONTRE,ACCORD,DÉSACCORD,PESSIMISTE,PESSIMISTE,PESSIMISTE,CONTRE,Responsabilité individuelle,Economie: privé et public,Féministe: POUR féministe,Féministe: POUR féministe,Risque difficile,PLQ,PLC,Femme,Non francophones,60 ans et plus,Né Ailleurs,Collégial,Revenus moyens
Ind_119,-1.513294,0.715692,0.007425,Sou_OUI,CONTRE,CONTRE,POUR,POUR,POUR,POUR,NEUTRE,DÉSACCORD,OPTIMISTE,NEUTRE,OPTIMISTE,CONTRE,Responsabilité mixte,Economie: neutre,Féministe: POUR féministe,NSP,Risque facile,PQ,BQ,Homme,Francophones,60 ans et plus,Né Canada,Collégial,Revenus bas
Ind_120,-2.039084,-0.703159,-0.802695,Sou_OUI,POUR,POUR,POUR,POUR,NSP,POUR,NEUTRE,ACCORD,OPTIMISTE,OPTIMISTE,OPTIMISTE,POUR,Responsabilité individuelle,Economie: privé et public,Féministe: POUR féministe,Féministe: POUR féministe,Risque difficile,PQ,BQ,Homme,Francophones,18-39 ans,Né Canada,Secondaire,Revenus moyens
Ind_121,0.965866,-0.84513,0.730066,Sou_NON,CONTRE,CONTRE,POUR,NEUTRE,NSP,CONTRE,NSP,NSP,OPTIMISTE,NSP,OPTIMISTE,NSP,Responsabilité mixte,Economie: privé et public,NSP,NSP,Risque difficile,Vote prov: NSP,PLC,Femme,Non francophones,40-59 ans,Né Canada,Collégial,Revenus moyens
Ind_122,2.244027,0.303982,-0.746496,Sou_NON,CONTRE,CONTRE,POUR,CONTRE,CONTRE,CONTRE,ACCORD,DÉSACCORD,NEUTRE,PESSIMISTE,PESSIMISTE,NEUTRE,Responsabilité individuelle,Economie: privé et public,Feministre: NEUTRE féministe,Feministre: NEUTRE féministe,Risque difficile,PCQ,PLC,Femme,Non francophones,40-59 ans,Né Canada,Universitaire,Revenus élevés
Ind_123,1.000199,1.252636,0.259011,Sou_NON,CONTRE,CONTRE,POUR,CONTRE,NEUTRE,CONTRE,NEUTRE,DÉSACCORD,OPTIMISTE,PESSIMISTE,OPTIMISTE,NEUTRE,Responsabilité individuelle,Economie: privé seulement,Feministre: NEUTRE féministe,Feministre: NEUTRE féministe,Risque difficile,PLQ,PCC,Homme,Francophones,18-39 ans,Né Canada,Secondaire,Revenus moyens
Ind_124,-0.64741,1.619498,-0.466047,Sou_NON,POUR,POUR,CONTRE,POUR,CONTRE,CONTRE,DÉSACCORD,DÉSACCORD,OPTIMISTE,PESSIMISTE,OPTIMISTE,CONTRE,Responsabilité collective,Economie: privé seulement,Feministre: NEUTRE féministe,Feministre: NEUTRE féministe,Risque facile,Vote prov: NSP,PLC,Homme,Francophones,60 ans et plus,Né Canada,Universitaire,NSP
Ind_125,1.029858,-0.501279,1.076717,Sou_NON,CONTRE,CONTRE,POUR,NSP,NEUTRE,NSP,NEUTRE,ACCORD,NEUTRE,NSP,PESSIMISTE,CONTRE,Responsabilité individuelle,Economie: privé seulement,Feministre: NEUTRE féministe,Féministe: POUR féministe,Risque difficile,QS,PVQ,Femme,Francophones,18-39 ans,Né Canada,Collégial,Revenus bas
Ind_126,1.274015,1.004906,-0.24492,Sou_NON,CONTRE,CONTRE,POUR,POUR,CONTRE,CONTRE,DÉSACCORD,DÉSACCORD,PESSIMISTE,PESSIMISTE,PESSIMISTE,CONTRE,Responsabilité individuelle,Economie: privé et public,Feministe: CONTRE féministe,Féministe: POUR féministe,Risque difficile,Vote prov: NSP,Vote fed: NSP,Homme,Francophones,40-59 ans,Né Canada,Collégial,Revenus élevés
Ind_127,2.141408,0.355442,-0.499794,Sou_NON,CONTRE,CONTRE,POUR,CONTRE,CONTRE,CONTRE,ACCORD,NEUTRE,PESSIMISTE,PESSIMISTE,PESSIMISTE,NSP,Responsabilité individuelle,Economie: neutre,NSP,NSP,Risque difficile,PLQ,PLC,Homme,Francophones,40-59 ans,Né Ailleurs,Universitaire,Revenus moyens
Ind_128,-2.643827,0.930496,0.183058,Sou_OUI,POUR,POUR,CONTRE,POUR,POUR,POUR,DÉSACCORD,NEUTRE,OPTIMISTE,NEUTRE,OPTIMISTE,POUR,Responsabilité individuelle,Economie: neutre,Feministre: NEUTRE féministe,Feministre: NEUTRE féministe,Risque difficile,PQ,BQ,Homme,Francophones,60 ans et plus,Né Canada,Collégial,Revenus bas
Ind_129,-2.398343,0.583281,-0.444219,Sou_OUI,POUR,POUR,POUR,POUR,POUR,POUR,NEUTRE,DÉSACCORD,OPTIMISTE,OPTIMISTE,OPTIMISTE,CONTRE,Responsabilité individuelle,Economie: privé seulement,Féministe: POUR féministe,Féministe: POUR féministe,Risque facile,PQ,BQ,Homme,Francophones,18-39 ans,Né Canada,Collégial,Revenus bas
Ind_130,-2.120748,-0.081374,1.113933,Sou_OUI,POUR,POUR,CONTRE,POUR,POUR,POUR,NSP,NEUTRE,NEUTRE,OPTIMISTE,OPTIMISTE,CONTRE,Responsabilité mixte,Economie: privé seulement,Feministre: NEUTRE féministe,NSP,Risque difficile,PQ,Vote fed: NSP,Femme,Francophones,60 ans et plus,Né Canada,Collégial,Revenus bas
Ind_131,-2.047538,-0.975365,-0.753917,Sou_OUI,POUR,POUR,CONTRE,POUR,POUR,POUR,ACCORD,ACCORD,NEUTRE,OPTIMISTE,OPTIMISTE,CONTRE,Responsabilité mixte,Economie: privé et public,Féministe: POUR féministe,Féministe: POUR féministe,Risque facile,PQ,PLC,Femme,Francophones,40-59 ans,Né Canada,Collégial,Revenus bas
Ind_132,1.878303,0.011673,-0.622931,Sou_NON,CONTRE,CONTRE,POUR,CONTRE,CONTRE,CONTRE,ACCORD,ACCORD,OPTIMISTE,PESSIMISTE,NEUTRE,NEUTRE,Responsabilité individuelle,Economie: privé et public,Feministre: NEUTRE féministe,Feministre: NEUTRE féministe,Risque difficile,PCQ,PCC,Femme,Non francophones,40-59 ans,Né Ailleurs,Universitaire,Revenus élevés
Ind_133,0.873621,-1.563604,1.943001,Sou_NON,CONTRE,NSP,POUR,CONTRE,NEUTRE,NEUTRE,NSP,NSP,NSP,NSP,NSP,NEUTRE,Responsabilité mixte,NSP,Feministe: CONTRE féministe,Féministe: POUR féministe,Risque difficile,NSP,Vote fed: NSP,Femme,Francophones,40-59 ans,Né Canada,Universitaire,NSP
Ind_134,-2.79057,1.374666,0.428412,Sou_OUI,POUR,POUR,CONTRE,POUR,POUR,POUR,DÉSACCORD,DÉSACCORD,OPTIMISTE,OPTIMISTE,OPTIMISTE,CONTRE,Responsabilité mixte,Economie: neutre,Feministre: NEUTRE féministe,Feministre: NEUTRE féministe,NSP,PQ,BQ,Homme,Francophones,60 ans et plus,Né Canada,Collégial,NSP
Ind_135,-2.40182,-1.508123,-0.546899,Sou_OUI,POUR,POUR,CONTRE,POUR,POUR,NEUTRE,ACCORD,DÉSACCORD,OPTIMISTE,OPTIMISTE,OPTIMISTE,NEUTRE,Responsabilité collective,Economie: privé et public,Féministe: POUR féministe,Féministe: POUR féministe,Risque difficile,PQ,BQ,Femme,Francophones,18-39 ans,Né Canada,Collégial,Revenus bas
Ind_136,-0.147874,-1.613883,0.344556,Sou_NON,CONTRE,NSP,CONTRE,POUR,NSP,NSP,NSP,ACCORD,NEUTRE,NSP,OPTIMISTE,CONTRE,Responsabilité mixte,Economie: privé et public,Féministe: POUR féministe,Féministe: POUR féministe,Risque difficile,NSP,PLC,Femme,Francophones,60 ans et plus,Né Canada,Universitaire,Revenus bas
Ind_137,1.237626,-0.037771,-0.141419,Sou_NON,CONTRE,NSP,NSP,NSP,POUR,CONTRE,ACCORD,NEUTRE,NEUTRE,PESSIMISTE,PESSIMISTE,CONTRE,Responsabilité collective,Economie: privé et public,Feministre: NEUTRE féministe,Feministre: NEUTRE féministe,Risque facile,PLQ,PLC,Femme,Non francophones,60 ans et plus,Né Canada,Collégial,NSP
Ind_138,0.579378,0.513473,0.973415,Sou_NON,CONTRE,CONTRE,CONTRE,CONTRE,NSP,NSP,NSP,NSP,NEUTRE,NEUTRE,NSP,POUR,Responsabilité individuelle,Economie: neutre,Feministe: CONTRE féministe,Feministe: CONTRE féministe,Risque facile,Vote prov: NSP,Vote fed: NSP,Homme,Francophones,40-59 ans,Né Canada,Secondaire,NSP
Ind_139,-0.878725,-1.459575,-0.261128,Sou_OUI,POUR,POUR,POUR,POUR,CONTRE,CONTRE,ACCORD,ACCORD,OPTIMISTE,NEUTRE,OPTIMISTE,CONTRE,Responsabilité mixte,Economie: privé et public,Féministe: POUR féministe,Féministe: POUR féministe,Risque difficile,NSP,Vote fed: NSP,Femme,Francophones,40-59 ans,Né Canada,Universitaire,Revenus bas
Ind_140,1.525701,-1.228952,0.672244,Sou_NON,CONTRE,CONTRE,POUR,CONTRE,CONTRE,CONTRE,ACCORD,NEUTRE,NEUTRE,NSP,NEUTRE,CONTRE,Responsabilité mixte,NSP,Féministe: POUR féministe,Féministe: POUR féministe,Risque difficile,NSP,Vote fed: NSP,Femme,Francophones,40-59 ans,Né Canada,Collégial,Revenus moyens
Ind_141,-0.560831,-0.89402,-0.528729,Sou_NSP,NSP,CONTRE,POUR,POUR,POUR,NEUTRE,NEUTRE,NEUTRE,OPTIMISTE,PESSIMISTE,OPTIMISTE,CONTRE,Responsabilité individuelle,Economie: privé et public,Féministe: POUR féministe,Féministe: POUR féministe,Risque facile,PQ,PLC,Femme,Francophones,18-39 ans,Né Canada,Universitaire,Revenus élevés
Ind_142,-2.040956,0.955806,-0.200172,Sou_NSP,POUR,POUR,CONTRE,POUR,POUR,POUR,DÉSACCORD,DÉSACCORD,OPTIMISTE,PESSIMISTE,OPTIMISTE,CONTRE,Responsabilité collective,Economie: privé seulement,Feministe: CONTRE féministe,Féministe: POUR féministe,Risque facile,PQ,Vote fed: NSP,Homme,Francophones,40-59 ans,Né Canada,Collégial,Revenus moyens
Ind_143,-2.690368,-0.538684,-1.373045,Sou_OUI,POUR,POUR,CONTRE,POUR,POUR,POUR,NEUTRE,NEUTRE,OPTIMISTE,NEUTRE,OPTIMISTE,NEUTRE,Responsabilité collective,Economie: privé et public,Féministe: POUR féministe,Féministe: POUR féministe,Risque facile,PQ,BQ,Homme,Francophones,40-59 ans,Né Canada,Universitaire,Revenus moyens
Ind_144,0.782737,-0.535049,2.451508,Sou_NON,CONTRE,NSP,POUR,NSP,NEUTRE,NSP,NSP,NSP,NEUTRE,NSP,NSP,CONTRE,Responsabilité mixte,Economie: privé seulement,Feministe: CONTRE féministe,NSP,NSP,NSP,Vote fed: NSP,Femme,Francophones,40-59 ans,Né Canada,Collégial,Revenus élevés
Ind_145,-2.327238,0.362704,-1.610893,Sou_OUI,POUR,POUR,CONTRE,POUR,POUR,POUR,DÉSACCORD,DÉSACCORD,OPTIMISTE,NEUTRE,OPTIMISTE,CONTRE,Responsabilité individuelle,Economie: privé et public,Féministe: POUR féministe,Féministe: POUR féministe,Risque facile,PQ,PLC,Homme,Non francophones,18-39 ans,Né Canada,Universitaire,Revenus moyens
Ind_146,-1.521288,0.448879,0.469264,Sou_NSP,POUR,POUR,POUR,POUR,POUR,POUR,DÉSACCORD,DÉSACCORD,NEUTRE,NSP,OPTIMISTE,CONTRE,NSP,NSP,Feministe: CONTRE féministe,Féministe: POUR féministe,Risque difficile,PQ,PLC,Homme,Francophones,40-59 ans,Né Canada,Secondaire,Revenus bas
Ind_147,1.334936,-0.975265,-0.764748,Sou_NON,CONTRE,CONTRE,POUR,CONTRE,CONTRE,CONTRE,ACCORD,DÉSACCORD,OPTIMISTE,PESSIMISTE,PESSIMISTE,CONTRE,Responsabilité collective,Economie: privé et public,Féministe: POUR féministe,Féministe: POUR féministe,Risque difficile,QS,BQ,Femme,Francophones,18-39 ans,Né Canada,Secondaire,NSP
Ind_148,-1.860423,-0.961957,0.021936,Sou_NSP,NSP,NSP,NSP,POUR,POUR,POUR,NEUTRE,ACCORD,OPTIMISTE,NEUTRE,OPTIMISTE,CONTRE,Responsabilité collective,Economie: privé et public,Féministe: POUR féministe,Féministe: POUR féministe,Risque difficile,PQ,BQ,Homme,Francophones,40-59 ans,Né Canada,Secondaire,NSP
Ind_149,1.635381,1.276301,0.298233,Sou_NON,CONTRE,CONTRE,POUR,CONTRE,CONTRE,CONTRE,NEUTRE,DÉSACCORD,NEUTRE,PESSIMISTE,NEUTRE,CONTRE,Responsabilité individuelle,Economie: privé et public,Feministre: NEUTRE féministe,Feministre: NEUTRE féministe,Risque difficile,NSP,PLC,Homme,Francophones,60 ans et plus,Né Canada,Collégial,Revenus bas
Ind_150,2.41021,-0.741744,-1.078995,Sou_NON,CONTRE,CONTRE,POUR,CONTRE,CONTRE,CONTRE,ACCORD,ACCORD,NEUTRE,PESSIMISTE,PESSIMISTE,POUR,Responsabilité individuelle,Economie: privé et public,Féministe: POUR féministe,Feministre: NEUTRE féministe,Risque difficile,PLQ,PLC,Femme,Non francophones,18-39 ans,Né Ailleurs,Collégial,Revenus bas
Ind_151,-2.077241,-0.862354,-0.617462,Sou_OUI,POUR,POUR,CONTRE,POUR,POUR,POUR,ACCORD,DÉSACCORD,NEUTRE,OPTIMISTE,OPTIMISTE,NEUTRE,Responsabilité mixte,Economie: privé et public,Féministe: POUR féministe,Féministe: POUR féministe,Risque difficile,QS,PVQ,Homme,Francophones,18-39 ans,Né Canada,Collégial,Revenus bas
Ind_152,-0.461446,0.569978,0.103692,Sou_OUI,CONTRE,CONTRE,CONTRE,POUR,POUR,CONTRE,NEUTRE,DÉSACCORD,OPTIMISTE,OPTIMISTE,NEUTRE,CONTRE,Responsabilité mixte,Economie: privé seulement,Feministe: CONTRE féministe,Feministe: CONTRE féministe,Risque facile,PLQ,PLC,Femme,Francophones,18-39 ans,Né Canada,Secondaire,NSP
Ind_153,1.158209,-0.859365,0.169629,Sou_NON,CONTRE,CONTRE,POUR,NEUTRE,POUR,NEUTRE,DÉSACCORD,NEUTRE,PESSIMISTE,PESSIMISTE,PESSIMISTE,CONTRE,Responsabilité collective,Economie: neutre,Féministe: POUR féministe,Féministe: POUR féministe,Risque difficile,PLQ,PLC,Femme,Francophones,18-39 ans,Né Canada,Collégial,Revenus moyens
Ind_154,1.510225,0.906844,0.765107,Sou_NON,CONTRE,CONTRE,POUR,NEUTRE,NEUTRE,CONTRE,NEUTRE,DÉSACCORD,PESSIMISTE,PESSIMISTE,PESSIMISTE,NEUTRE,Responsabilité mixte,Economie: neutre,Feministre: NEUTRE féministe,Feministre: NEUTRE féministe,Risque difficile,PLQ,PLC,Homme,Francophones,60 ans et plus,Né Canada,Collégial,Revenus bas
Ind_155,-2.35855,-0.332724,-0.904071,Sou_OUI,POUR,NSP,CONTRE,POUR,POUR,POUR,NSP,DÉSACCORD,OPTIMISTE,OPTIMISTE,OPTIMISTE,CONTRE,Responsabilité mixte,Economie: privé et public,Féministe: POUR féministe,Féministe: POUR féministe,Risque difficile,PQ,BQ,Homme,Non francophones,40-59 ans,Né Canada,Universitaire,Revenus moyens
Ind_156,-0.982773,1.779195,0.523757,Sou_OUI,NSP,POUR,POUR,POUR,POUR,CONTRE,DÉSACCORD,DÉSACCORD,NEUTRE,NEUTRE,OPTIMISTE,CONTRE,Responsabilité individuelle,Economie: privé seulement,Feministe: CONTRE féministe,NSP,Risque facile,PCQ,PCC,Homme,Francophones,40-59 ans,Né Canada,Collégial,Revenus bas
Ind_157,1.541697,0.550724,0.671083,Sou_NON,CONTRE,POUR,POUR,CONTRE,CONTRE,CONTRE,NEUTRE,NEUTRE,PESSIMISTE,PESSIMISTE,PESSIMISTE,CONTRE,Responsabilité individuelle,Economie: neutre,Feministe: CONTRE féministe,Feministe: CONTRE féministe,Risque difficile,CAQ,PLC,Femme,Francophones,60 ans et plus,Né Canada,Secondaire,Revenus bas
Ind_158,1.977342,-0.887491,-0.587376,Sou_NON,CONTRE,CONTRE,POUR,CONTRE,CONTRE,CONTRE,NEUTRE,NSP,NEUTRE,PESSIMISTE,PESSIMISTE,NEUTRE,Responsabilité collective,Economie: privé et public,NSP,Féministe: POUR féministe,Risque difficile,CAQ,PLC,Femme,Francophones,40-59 ans,Né Canada,Universitaire,Revenus moyens
Ind_159,1.122251,1.382067,0.160609,Sou_NON,CONTRE,CONTRE,POUR,POUR,CONTRE,NEUTRE,DÉSACCORD,NEUTRE,PESSIMISTE,PESSIMISTE,NEUTRE,CONTRE,Responsabilité mixte,Economie: privé et public,Feministre: NEUTRE féministe,Feministre: NEUTRE féministe,Risque facile,PCQ,PCC,Homme,Non francophones,60 ans et plus,Né Canada,Collégial,Revenus élevés
Ind_160,2.205588,0.030031,0.330548,Sou_NON,CONTRE,CONTRE,POUR,CONTRE,CONTRE,CONTRE,NEUTRE,ACCORD,PESSIMISTE,PESSIMISTE,PESSIMISTE,POUR,Responsabilité mixte,Economie: neutre,Feministre: NEUTRE féministe,Feministre: NEUTRE féministe,Risque difficile,NSP,PLC,Femme,Non francophones,60 ans et plus,Né Canada,Collégial,Revenus bas
Ind_161,0.072069,-2.0777,0.490038,Sou_NSP,NSP,NSP,NSP,NSP,NEUTRE,NSP,NSP,NSP,NEUTRE,NEUTRE,PESSIMISTE,POUR,Responsabilité mixte,Economie: privé et public,Féministe: POUR féministe,Féministe: POUR féministe,Risque difficile,PQ,NPD,Femme,Non francophones,40-59 ans,Né Ailleurs,Universitaire,Revenus moyens
Ind_162,1.961699,1.839188,-0.131851,Sou_NON,CONTRE,CONTRE,POUR,CONTRE,CONTRE,CONTRE,NEUTRE,DÉSACCORD,PESSIMISTE,PESSIMISTE,PESSIMISTE,CONTRE,Responsabilité individuelle,Economie: privé seulement,Feministre: NEUTRE féministe,Feministre: NEUTRE féministe,Risque difficile,PCQ,PCC,Homme,Non francophones,40-59 ans,Né Canada,Universitaire,Revenus moyens
Ind_163,-2.235331,-1.144602,-0.508313,Sou_OUI,POUR,POUR,CONTRE,POUR,POUR,POUR,ACCORD,NEUTRE,NEUTRE,NEUTRE,OPTIMISTE,CONTRE,Responsabilité individuelle,Economie: privé et public,Féministe: POUR féministe,Féministe: POUR féministe,Risque difficile,PQ,BQ,Femme,Francophones,18-39 ans,Né Canada,Collégial,Revenus moyens
Ind_164,-1.924549,1.338852,0.324334,Sou_NSP,POUR,POUR,CONTRE,POUR,POUR,NEUTRE,DÉSACCORD,DÉSACCORD,OPTIMISTE,OPTIMISTE,OPTIMISTE,CONTRE,Responsabilité mixte,Economie: neutre,Feministre: NEUTRE féministe,Feministre: NEUTRE féministe,Risque facile,CAQ,PLC,Homme,Francophones,60 ans et plus,Né Canada,Universitaire,Revenus élevés
Ind_165,1.833307,1.135659,-0.244492,Sou_NON,CONTRE,CONTRE,POUR,CONTRE,CONTRE,CONTRE,NSP,DÉSACCORD,NEUTRE,PESSIMISTE,PESSIMISTE,NSP,Responsabilité individuelle,Economie: privé et public,NSP,NSP,Risque facile,PLQ,PCC,Homme,Francophones,40-59 ans,Né Canada,Secondaire,Revenus bas
Ind_166,-2.346232,0.236302,-0.434003,Sou_OUI,POUR,POUR,CONTRE,POUR,POUR,POUR,NSP,NSP,PESSIMISTE,OPTIMISTE,OPTIMISTE,CONTRE,Responsabilité individuelle,Economie: privé et public,Féministe: POUR féministe,Féministe: POUR féministe,Risque facile,CAQ,BQ,Homme,Francophones,60 ans et plus,Né Canada,Secondaire,Revenus bas
Ind_167,-2.193668,-0.97084,-0.559495,Sou_OUI,POUR,NSP,CONTRE,POUR,POUR,POUR,ACCORD,DÉSACCORD,OPTIMISTE,NEUTRE,OPTIMISTE,CONTRE,Responsabilité collective,Economie: privé et public,Féministe: POUR féministe,Féministe: POUR féministe,Risque difficile,PQ,PCC,Femme,Francophones,40-59 ans,Né Canada,Collégial,Revenus moyens
Ind_168,2.236579,-1.058747,-0.961227,Sou_NON,CONTRE,CONTRE,POUR,CONTRE,CONTRE,CONTRE,ACCORD,ACCORD,NEUTRE,PESSIMISTE,PESSIMISTE,CONTRE,Responsabilité mixte,Economie: privé et public,Féministe: POUR féministe,Féministe: POUR féministe,Risque difficile,PLQ,PLC,Femme,Non francophones,60 ans et plus,Né Canada,Collégial,NSP
Ind_169,-0.144559,-0.771998,-0.677292,Sou_NON,CONTRE,POUR,POUR,POUR,POUR,POUR,ACCORD,NEUTRE,PESSIMISTE,PESSIMISTE,NEUTRE,CONTRE,Responsabilité individuelle,Economie: privé et public,Féministe: POUR féministe,Féministe: POUR féministe,Risque facile,PQ,BQ,Femme,Non francophones,18-39 ans,Né Canada,Collégial,NSP
Ind_170,-1.130281,0.382523,0.210572,Sou_OUI,POUR,CONTRE,POUR,NEUTRE,POUR,POUR,NEUTRE,DÉSACCORD,PESSIMISTE,OPTIMISTE,OPTIMISTE,NEUTRE,Responsabilité individuelle,Economie: neutre,Feministre: NEUTRE féministe,Féministe: POUR féministe,Risque difficile,PQ,PLC,Homme,Francophones,18-39 ans,Né Canada,Secondaire,Revenus bas
Ind_171,-1.509761,-1.85351,0.671014,Sou_NSP,NSP,NSP,NSP,POUR,POUR,POUR,NEUTRE,NEUTRE,OPTIMISTE,OPTIMISTE,NEUTRE,NEUTRE,Responsabilité collective,NSP,Féministe: POUR féministe,Féministe: POUR féministe,Risque difficile,PQ,BQ,Femme,Francophones,18-39 ans,Né Canada,Collégial,Revenus bas
Ind_172,-1.802943,-0.890086,0.714482,Sou_NSP,NSP,POUR,NSP,POUR,POUR,POUR,DÉSACCORD,DÉSACCORD,OPTIMISTE,NSP,OPTIMISTE,CONTRE,Responsabilité mixte,Economie: neutre,Féministe: POUR féministe,Féministe: POUR féministe,Risque difficile,PQ,Vote fed: NSP,Femme,Francophones,40-59 ans,Né Canada,Universitaire,Revenus moyens
Ind_173,-0.893274,-1.529547,0.908071,Sou_OUI,NSP,NSP,POUR,POUR,POUR,POUR,ACCORD,NSP,NEUTRE,NSP,OPTIMISTE,NSP,Responsabilité individuelle,NSP,Féministe: POUR féministe,Féministe: POUR féministe,Risque difficile,NSP,Vote fed: NSP,Femme,Francophones,40-59 ans,Né Canada,Collégial,Revenus bas
Ind_174,0.355625,0.741605,0.504475,Sou_NON,CONTRE,CONTRE,CONTRE,NEUTRE,CONTRE,CONTRE,DÉSACCORD,DÉSACCORD,PESSIMISTE,PESSIMISTE,OPTIMISTE,CONTRE,Responsabilité mixte,Economie: privé et public,Feministre: NEUTRE féministe,Feministre: NEUTRE féministe,Risque difficile,PQ,BQ,Femme,Francophones,60 ans et plus,Né Canada,Secondaire,Revenus bas
Ind_175,-1.791264,-0.448388,0.471371,Sou_OUI,NSP,NSP,NSP,POUR,POUR,POUR,NSP,DÉSACCORD,NSP,OPTIMISTE,OPTIMISTE,POUR,NSP,Economie: privé seulement,NSP,Féministe: POUR féministe,Risque facile,PQ,BQ,Femme,Francophones,60 ans et plus,Né Canada,Collégial,NSP
Ind_176,-1.85131,-1.276541,-1.313257,Sou_OUI,POUR,POUR,NSP,POUR,NEUTRE,POUR,ACCORD,ACCORD,OPTIMISTE,OPTIMISTE,OPTIMISTE,NEUTRE,Responsabilité collective,Economie: privé et public,Féministe: POUR féministe,Féministe: POUR féministe,Risque difficile,PQ,NPD,Homme,Non francophones,40-59 ans,Né Canada,Universitaire,Revenus moyens
Ind_177,0.526354,0.528019,1.232024,Sou_NON,CONTRE,CONTRE,POUR,NEUTRE,CONTRE,CONTRE,DÉSACCORD,NEUTRE,OPTIMISTE,NSP,OPTIMISTE,CONTRE,Responsabilité mixte,Economie: neutre,Feministre: NEUTRE féministe,Feministre: NEUTRE féministe,Risque difficile,PQ,PCC,Femme,Francophones,60 ans et plus,Né Canada,Secondaire,Revenus bas
Ind_178,-2.50842,0.939774,-0.079429,Sou_OUI,POUR,POUR,CONTRE,POUR,POUR,POUR,DÉSACCORD,ACCORD,OPTIMISTE,OPTIMISTE,OPTIMISTE,NEUTRE,Responsabilité individuelle,Economie: neutre,NSP,Feministe: CONTRE féministe,Risque facile,CAQ,BQ,Homme,Francophones,60 ans et plus,Né Canada,Secondaire,Revenus bas
Ind_179,-2.743409,1.149217,-0.591961,Sou_OUI,POUR,POUR,CONTRE,POUR,POUR,POUR,DÉSACCORD,DÉSACCORD,OPTIMISTE,NEUTRE,OPTIMISTE,CONTRE,Responsabilité individuelle,Economie: privé et public,Feministe: CONTRE féministe,Feministe: CONTRE féministe,Risque difficile,PQ,BQ,Homme,Francophones,60 ans et plus,Né Canada,Universitaire,Revenus moyens
Ind_180,1.7225,1.526471,-0.188818,Sou_NON,CONTRE,CONTRE,POUR,CONTRE,CONTRE,CONTRE,DÉSACCORD,ACCORD,NEUTRE,PESSIMISTE,PESSIMISTE,CONTRE,Responsabilité individuelle,Economie: privé seulement,Féministe: POUR féministe,Feministre: NEUTRE féministe,Risque facile,PCQ,PCC,Homme,Francophones,40-59 ans,Né Canada,Collégial,Revenus bas
Ind_181,-2.549373,-0.326151,-0.608505,Sou_OUI,POUR,POUR,CONTRE,POUR,POUR,POUR,ACCORD,NEUTRE,OPTIMISTE,OPTIMISTE,OPTIMISTE,CONTRE,Responsabilité individuelle,Economie: privé seulement,Féministe: POUR féministe,Féministe: POUR féministe,Risque facile,PQ,BQ,Femme,Francophones,40-59 ans,Né Canada,Collégial,Revenus moyens
Ind_182,2.055853,0.683332,-0.04435,Sou_NON,CONTRE,CONTRE,POUR,CONTRE,CONTRE,CONTRE,ACCORD,DÉSACCORD,PESSIMISTE,PESSIMISTE,PESSIMISTE,CONTRE,Responsabilité individuelle,Economie: neutre,Feministe: CONTRE féministe,Feministe: CONTRE féministe,Risque difficile,PLQ,PLC,Femme,Francophones,60 ans et plus,Né Canada,Collégial,Revenus moyens
Ind_183,-1.718354,-1.584377,-0.120371,Sou_OUI,POUR,POUR,POUR,POUR,POUR,POUR,ACCORD,NEUTRE,NEUTRE,NSP,OPTIMISTE,POUR,Responsabilité collective,Economie: neutre,Féministe: POUR féministe,Féministe: POUR féministe,Risque difficile,PQ,BQ,Femme,Francophones,40-59 ans,Né Canada,Collégial,NSP
Ind_184,0.28167,0.273344,-0.495048,Sou_NON,CONTRE,POUR,POUR,POUR,CONTRE,CONTRE,NEUTRE,DÉSACCORD,PESSIMISTE,PESSIMISTE,OPTIMISTE,CONTRE,Responsabilité individuelle,Economie: privé et public,Féministe: POUR féministe,Féministe: POUR féministe,Risque difficile,PQ,PCC,Homme,Francophones,18-39 ans,Né Canada,Collégial,Revenus élevés
Ind_185,1.157546,1.814061,-0.245721,Sou_NON,CONTRE,POUR,POUR,CONTRE,NEUTRE,CONTRE,DÉSACCORD,DÉSACCORD,NEUTRE,PESSIMISTE,PESSIMISTE,CONTRE,Responsabilité individuelle,Economie: privé et public,Feministre: NEUTRE féministe,Feministre: NEUTRE féministe,Risque facile,PLQ,PCC,Homme,Francophones,40-59 ans,Né Canada,Universitaire,Revenus élevés
Ind_186,0.593001,-0.011924,-1.372888,Sou_NON,CONTRE,CONTRE,POUR,POUR,POUR,CONTRE,ACCORD,NEUTRE,OPTIMISTE,PESSIMISTE,OPTIMISTE,CONTRE,Responsabilité collective,Economie: privé et public,Féministe: POUR féministe,Feministre: NEUTRE féministe,Risque difficile,PLQ,PLC,Homme,Non francophones,60 ans et plus,Né Canada,Universitaire,Revenus bas
Ind_187,2.230474,0.091754,-0.88991,Sou_NON,CONTRE,CONTRE,POUR,CONTRE,CONTRE,CONTRE,NEUTRE,NEUTRE,NEUTRE,PESSIMISTE,PESSIMISTE,POUR,Responsabilité individuelle,Economie: privé et public,NSP,NSP,Risque difficile,PLQ,PLC,Homme,Non francophones,18-39 ans,Né Canada,Universitaire,Revenus bas
Ind_188,1.177687,0.922146,-0.357357,Sou_NON,CONTRE,NSP,POUR,POUR,CONTRE,POUR,ACCORD,DÉSACCORD,NEUTRE,PESSIMISTE,PESSIMISTE,CONTRE,Responsabilité individuelle,Economie: privé seulement,Feministe: CONTRE féministe,Feministe: CONTRE féministe,Risque facile,PCQ,PCC,Femme,Non francophones,40-59 ans,Né Ailleurs,Universitaire,Revenus moyens
Ind_189,1.907578,0.552344,0.097404,Sou_NON,CONTRE,CONTRE,POUR,NEUTRE,CONTRE,CONTRE,DÉSACCORD,NEUTRE,NEUTRE,PESSIMISTE,PESSIMISTE,CONTRE,Responsabilité individuelle,Economie: privé et public,NSP,Feministre: NEUTRE féministe,Risque difficile,NSP,Vote fed: NSP,Homme,Non francophones,18-39 ans,Né Ailleurs,Universitaire,NSP
Ind_190,-2.498376,0.87656,0.064612,Sou_OUI,POUR,POUR,CONTRE,POUR,POUR,POUR,DÉSACCORD,NEUTRE,OPTIMISTE,OPTIMISTE,NSP,CONTRE,Responsabilité individuelle,Economie: privé et public,Feministe: CONTRE féministe,Feministe: CONTRE féministe,Risque difficile,PQ,BQ,Homme,Francophones,60 ans et plus,Né Canada,Secondaire,Revenus bas
Ind_191,-0.518037,-0.287836,0.158773,Sou_NON,CONTRE,POUR,CONTRE,POUR,POUR,NSP,NEUTRE,ACCORD,OPTIMISTE,PESSIMISTE,NEUTRE,CONTRE,Responsabilité individuelle,Economie: neutre,Féministe: POUR féministe,Féministe: POUR féministe,Risque difficile,CAQ,NPD,Homme,Francophones,18-39 ans,Né Canada,Collégial,Revenus bas
Ind_192,-2.415294,-0.757362,-0.556186,Sou_OUI,POUR,POUR,CONTRE,POUR,POUR,POUR,ACCORD,DÉSACCORD,OPTIMISTE,NEUTRE,OPTIMISTE,NEUTRE,Responsabilité individuelle,Economie: neutre,Féministe: POUR féministe,Féministe: POUR féministe,NSP,PQ,Vote fed: NSP,Femme,Francophones,60 ans et plus,Né Canada,Universitaire,Revenus moyens
Ind_193,1.773036,0.082958,-1.173784,Sou_NON,CONTRE,CONTRE,POUR,CONTRE,CONTRE,NEUTRE,DÉSACCORD,ACCORD,PESSIMISTE,PESSIMISTE,PESSIMISTE,POUR,Responsabilité individuelle,Economie: privé et public,Féministe: POUR féministe,Féministe: POUR féministe,Risque facile,Vote prov: NSP,PLC,Homme,Non francophones,40-59 ans,Né Canada,Secondaire,NSP
Ind_194,2.196946,0.737501,-0.277099,Sou_NON,CONTRE,CONTRE,POUR,CONTRE,CONTRE,CONTRE,ACCORD,ACCORD,PESSIMISTE,PESSIMISTE,PESSIMISTE,CONTRE,Responsabilité individuelle,NSP,Feministe: CONTRE féministe,Feministe: CONTRE féministe,Risque facile,PCQ,PCC,Femme,Non francophones,40-59 ans,Né Canada,Collégial,Revenus moyens
Ind_195,-2.713398,0.655998,-0.157022,Sou_OUI,POUR,POUR,CONTRE,POUR,POUR,POUR,NEUTRE,NEUTRE,OPTIMISTE,OPTIMISTE,OPTIMISTE,CONTRE,Responsabilité mixte,Economie: privé et public,Feministre: NEUTRE féministe,Feministre: NEUTRE féministe,NSP,PQ,BQ,Homme,Francophones,60 ans et plus,Né Canada,Universitaire,NSP
Ind_196,1.199192,1.85696,0.333012,Sou_NON,CONTRE,CONTRE,POUR,NEUTRE,CONTRE,CONTRE,NEUTRE,DÉSACCORD,OPTIMISTE,PESSIMISTE,NEUTRE,CONTRE,Responsabilité individuelle,Economie: privé seulement,Feministre: NEUTRE féministe,Feministre: NEUTRE féministe,Risque facile,CAQ,PLC,Homme,Francophones,60 ans et plus,Né Canada,Collégial,NSP
Ind_197,-2.229218,1.419161,0.134976,Sou_OUI,POUR,POUR,CONTRE,POUR,POUR,CONTRE,NEUTRE,NEUTRE,OPTIMISTE,OPTIMISTE,OPTIMISTE,CONTRE,Responsabilité individuelle,Economie: neutre,Feministre: NEUTRE féministe,Feministre: NEUTRE féministe,Risque facile,PQ,BQ,Homme,Francophones,40-59 ans,Né Canada,Secondaire,Revenus moyens
Ind_198,-1.305605,-0.219474,0.938965,Sou_OUI,POUR,POUR,POUR,POUR,POUR,POUR,NEUTRE,DÉSACCORD,PESSIMISTE,NEUTRE,NSP,CONTRE,Responsabilité individuelle,NSP,Feministre: NEUTRE féministe,Féministe: POUR féministe,Risque difficile,NSP,Vote fed: NSP,Femme,Francophones,40-59 ans,Né Canada,Universitaire,Revenus bas
Ind_199,1.693696,1.239159,-0.44858,Sou_NON,CONTRE,CONTRE,POUR,CONTRE,CONTRE,CONTRE,NEUTRE,DÉSACCORD,PESSIMISTE,PESSIMISTE,NEUTRE,NEUTRE,Responsabilité individuelle,Economie: privé et public,Feministre: NEUTRE féministe,Feministre: NEUTRE féministe,Risque facile,NSP,PLC,Homme,Francophones,40-59 ans,Né Canada,Universitaire,Revenus élevés
Ind_200,1.399108,0.224672,0.662311,Sou_NON,CONTRE,CONTRE,POUR,CONTRE,CONTRE,NEUTRE,DÉSACCORD,DÉSACCORD,NSP,PESSIMISTE,PESSIMISTE,CONTRE,Responsabilité collective,Economie: neutre,Féministe: POUR féministe,Feministre: NEUTRE féministe,Risque facile,Vote prov: NSP,Vote fed: NSP,Femme,Francophones,18-39 ans,Né Canada,Secondaire,Revenus bas
Ind_201,1.194744,0.507206,1.035482,Sou_NON,CONTRE,CONTRE,POUR,NEUTRE,CONTRE,NEUTRE,NEUTRE,NEUTRE,OPTIMISTE,PESSIMISTE,PESSIMISTE,NEUTRE,Responsabilité mixte,Economie: privé seulement,Feministre: NEUTRE féministe,Feministre: NEUTRE féministe,Risque difficile,NSP,NPD,Homme,Francophones,40-59 ans,Né Canada,Collégial,Revenus bas
Ind_202,-1.711702,-1.880558,-1.061455,Sou_OUI,POUR,CONTRE,CONTRE,POUR,POUR,POUR,ACCORD,ACCORD,OPTIMISTE,NEUTRE,OPTIMISTE,NEUTRE,Responsabilité collective,Economie: privé et public,Féministe: POUR féministe,Féministe: POUR féministe,Risque difficile,QS,NPD,Femme,Francophones,18-39 ans,Né Canada,Collégial,Revenus élevés
Ind_203,-0.177469,-2.34351,-0.137049,Sou_NSP,NSP,POUR,NSP,NEUTRE,CONTRE,NEUTRE,ACCORD,ACCORD,NEUTRE,NEUTRE,NEUTRE,POUR,Responsabilité collective,Economie: privé et public,Féministe: POUR féministe,Féministe: POUR féministe,Risque difficile,PQ,PLC,Femme,Francophones,18-39 ans,Né Canada,Universitaire,Revenus moyens
Ind_204,-1.525998,-1.128197,0.03762,Sou_OUI,POUR,POUR,CONTRE,POUR,POUR,NSP,ACCORD,NEUTRE,OPTIMISTE,NSP,OPTIMISTE,NEUTRE,Responsabilité mixte,Economie: privé et public,Féministe: POUR féministe,Feministre: NEUTRE féministe,Risque difficile,PCQ,NSP,Femme,Non francophones,40-59 ans,Né Ailleurs,Collégial,Revenus bas
Ind_205,-0.835051,-0.576751,-0.991145,Sou_NSP,NSP,CONTRE,POUR,POUR,POUR,CONTRE,ACCORD,DÉSACCORD,OPTIMISTE,NEUTRE,OPTIMISTE,CONTRE,Responsabilité collective,Economie: privé et public,Féministe: POUR féministe,Féministe: POUR féministe,Risque difficile,PQ,PLC,Homme,Francophones,60 ans et plus,Né Canada,Universitaire,NSP
Ind_206,-1.265583,-1.585223,-0.635642,Sou_NSP,POUR,POUR,POUR,POUR,POUR,POUR,NEUTRE,ACCORD,PESSIMISTE,OPTIMISTE,OPTIMISTE,POUR,Responsabilité collective,Economie: privé et public,Féministe: POUR féministe,Féministe: POUR féministe,Risque facile,NSP,Vote fed: NSP,Femme,Francophones,18-39 ans,Né Ailleurs,Universitaire,Revenus élevés
Ind_207,1.177793,1.425622,-0.212238,Sou_NON,CONTRE,POUR,POUR,CONTRE,CONTRE,CONTRE,ACCORD,DÉSACCORD,PESSIMISTE,PESSIMISTE,OPTIMISTE,CONTRE,Responsabilité collective,Economie: privé seulement,Feministe: CONTRE féministe,Feministre: NEUTRE féministe,Risque facile,PCQ,NSP,Homme,Non francophones,40-59 ans,Né Canada,Collégial,NSP
Ind_208,1.99649,-1.665979,-1.365535,Sou_NON,CONTRE,CONTRE,POUR,NEUTRE,CONTRE,CONTRE,ACCORD,ACCORD,NEUTRE,PESSIMISTE,NSP,POUR,Responsabilité collective,Economie: privé et public,Féministe: POUR féministe,Féministe: POUR féministe,Risque difficile,PLQ,PLC,Femme,Non francophones,40-59 ans,Né Canada,Universitaire,Revenus moyens
Ind_209,0.184379,-0.815086,0.115612,Sou_NON,CONTRE,POUR,POUR,POUR,CONTRE,CONTRE,ACCORD,ACCORD,OPTIMISTE,NEUTRE,OPTIMISTE,CONTRE,Responsabilité collective,Economie: neutre,Feministre: NEUTRE féministe,Féministe: POUR féministe,Risque difficile,NSP,Vote fed: NSP,Femme,Francophones,40-59 ans,Né Canada,Universitaire,Revenus élevés
Ind_210,1.673905,-0.764308,-1.238409,Sou_NON,CONTRE,CONTRE,NSP,CONTRE,CONTRE,CONTRE,ACCORD,NEUTRE,PESSIMISTE,PESSIMISTE,NSP,POUR,Responsabilité mixte,Economie: privé et public,Féministe: POUR féministe,Féministe: POUR féministe,NSP,PLQ,PLC,Homme,Francophones,40-59 ans,Né Ailleurs,Universitaire,Revenus élevés
Ind_211,-0.137468,-1.49043,2.294151,Sou_NSP,NSP,NSP,NSP,NSP,NSP,NSP,NSP,NSP,PESSIMISTE,NSP,NSP,CONTRE,Responsabilité mixte,Economie: neutre,Féministe: POUR féministe,Féministe: POUR féministe,Risque facile,Vote prov: NSP,Vote fed: NSP,Femme,Francophones,40-59 ans,Né Canada,Secondaire,NSP
Ind_212,1.786271,-0.569381,1.419428,Sou_NON,CONTRE,CONTRE,POUR,CONTRE,CONTRE,CONTRE,NSP,NSP,NEUTRE,PESSIMISTE,NSP,CONTRE,Responsabilité mixte,NSP,NSP,NSP,Risque difficile,Vote prov: NSP,Vote fed: NSP,Femme,Francophones,18-39 ans,Né Canada,Collégial,Revenus élevés
Ind_213,-0.392092,0.054851,0.448423,Sou_NON,CONTRE,POUR,POUR,POUR,POUR,POUR,ACCORD,DÉSACCORD,PESSIMISTE,PESSIMISTE,OPTIMISTE,CONTRE,Responsabilité collective,NSP,Feministre: NEUTRE féministe,Feministe: CONTRE féministe,Risque difficile,PQ,PCC,Femme,Francophones,18-39 ans,Né Canada,Collégial,Revenus bas
Ind_214,-2.759405,0.919604,-0.423179,Sou_OUI,POUR,POUR,CONTRE,POUR,POUR,POUR,DÉSACCORD,NEUTRE,OPTIMISTE,NEUTRE,OPTIMISTE,CONTRE,Responsabilité mixte,Economie: privé et public,Feministre: NEUTRE féministe,Feministe: CONTRE féministe,Risque facile,PQ,BQ,Homme,Francophones,60 ans et plus,Né Canada,Universitaire,Revenus bas
Ind_215,-2.463349,1.246659,0.282288,Sou_OUI,POUR,POUR,CONTRE,POUR,POUR,POUR,DÉSACCORD,DÉSACCORD,OPTIMISTE,OPTIMISTE,OPTIMISTE,CONTRE,Responsabilité individuelle,Economie: neutre,Feministre: NEUTRE féministe,Feministe: CONTRE féministe,Risque facile,PQ,PCC,Femme,Francophones,60 ans et plus,Né Ailleurs,Secondaire,Revenus bas
Ind_216,0.403615,0.685981,0.023336,Sou_NON,CONTRE,CONTRE,POUR,POUR,POUR,POUR,DÉSACCORD,DÉSACCORD,NEUTRE,PESSIMISTE,PESSIMISTE,NEUTRE,Responsabilité mixte,Economie: neutre,Feministre: NEUTRE féministe,Féministe: POUR féministe,Risque facile,Vote prov: NSP,Vote fed: NSP,Homme,Francophones,18-39 ans,Né Canada,Collégial,Revenus moyens
Ind_217,-0.078072,-1.483238,2.464566,Sou_NSP,NSP,NSP,NSP,NSP,NSP,NSP,NSP,NSP,NSP,NSP,NSP,CONTRE,Responsabilité individuelle,Economie: privé et public,NSP,NSP,Risque difficile,NSP,Vote fed: NSP,Femme,Francophones,18-39 ans,Né Canada,Universitaire,Revenus bas
Ind_218,1.412341,-0.528274,0.028914,Sou_NON,CONTRE,CONTRE,NSP,CONTRE,CONTRE,CONTRE,NSP,ACCORD,PESSIMISTE,PESSIMISTE,PESSIMISTE,CONTRE,Responsabilité individuelle,Economie: neutre,Féministe: POUR féministe,Féministe: POUR féministe,Risque difficile,QS,BQ,Femme,Francophones,60 ans et plus,Né Canada,Collégial,Revenus moyens
Ind_219,-0.166549,-0.064326,0.993381,Sou_NSP,NSP,CONTRE,POUR,NSP,POUR,NEUTRE,ACCORD,DÉSACCORD,NSP,NSP,OPTIMISTE,NEUTRE,Responsabilité mixte,Economie: privé et public,Feministre: NEUTRE féministe,Feministre: NEUTRE féministe,Risque difficile,NSP,PLC,Homme,Francophones,60 ans et plus,Né Ailleurs,Collégial,Revenus bas
Ind_220,-1.172215,-0.082808,0.020366,Sou_NSP,POUR,POUR,POUR,POUR,POUR,CONTRE,ACCORD,DÉSACCORD,OPTIMISTE,NEUTRE,OPTIMISTE,CONTRE,Responsabilité individuelle,Economie: neutre,Feministe: CONTRE féministe,NSP,Risque difficile,PQ,BQ,Femme,Non francophones,18-39 ans,Né Ailleurs,Universitaire,Revenus élevés
Ind_221,-1.255478,-0.251695,1.025502,Sou_NSP,POUR,NSP,NSP,POUR,POUR,POUR,NSP,NSP,NEUTRE,NEUTRE,OPTIMISTE,CONTRE,Responsabilité collective,Economie: privé et public,Feministre: NEUTRE féministe,NSP,Risque difficile,PLQ,Vote fed: NSP,Homme,Francophones,40-59 ans,Né Canada,Collégial,NSP
Ind_222,0.333069,0.938735,0.186738,Sou_NON,CONTRE,POUR,NSP,NEUTRE,CONTRE,CONTRE,NEUTRE,DÉSACCORD,OPTIMISTE,OPTIMISTE,PESSIMISTE,CONTRE,Responsabilité collective,Economie: privé seulement,Feministe: CONTRE féministe,Féministe: POUR féministe,Risque facile,PCQ,PCC,Homme,Francophones,18-39 ans,Né Canada,Collégial,Revenus bas
Ind_223,2.072839,0.631919,0.618957,Sou_NON,CONTRE,CONTRE,POUR,CONTRE,CONTRE,CONTRE,DÉSACCORD,NEUTRE,PESSIMISTE,PESSIMISTE,PESSIMISTE,CONTRE,Responsabilité individuelle,Economie: neutre,Feministe: CONTRE féministe,Feministe: CONTRE féministe,Risque difficile,Vote prov: NSP,Vote fed: NSP,Femme,Non francophones,40-59 ans,Né Canada,Collégial,Revenus bas
Ind_224,-2.687482,0.134915,-0.33475,Sou_OUI,POUR,POUR,CONTRE,POUR,POUR,POUR,DÉSACCORD,DÉSACCORD,OPTIMISTE,OPTIMISTE,OPTIMISTE,CONTRE,Responsabilité mixte,Economie: privé et public,Feministre: NEUTRE féministe,Féministe: POUR féministe,Risque facile,PQ,BQ,Femme,Francophones,18-39 ans,Né Canada,Collégial,Revenus élevés
Ind_225,2.210846,0.129215,-0.412045,Sou_NON,CONTRE,CONTRE,POUR,CONTRE,CONTRE,CONTRE,NEUTRE,NEUTRE,NEUTRE,PESSIMISTE,NEUTRE,CONTRE,Responsabilité individuelle,Economie: privé et public,Feministe: CONTRE féministe,Feministe: CONTRE féministe,Risque difficile,PLQ,PLC,Femme,Non francophones,40-59 ans,Né Ailleurs,Universitaire,Revenus bas
Ind_226,-2.780889,-0.080625,-1.40244,Sou_OUI,POUR,POUR,CONTRE,POUR,POUR,POUR,DÉSACCORD,DÉSACCORD,OPTIMISTE,NSP,OPTIMISTE,POUR,Responsabilité collective,Economie: privé et public,Féministe: POUR féministe,Féministe: POUR féministe,Risque facile,PQ,BQ,Homme,Francophones,60 ans et plus,Né Canada,Universitaire,Revenus bas
Ind_227,0.406551,-0.68189,1.40624,Sou_NON,CONTRE,POUR,CONTRE,CONTRE,NEUTRE,NEUTRE,NSP,NSP,NSP,NSP,NSP,NEUTRE,NSP,NSP,NSP,NSP,NSP,NSP,Vote fed: NSP,Homme,Non francophones,18-39 ans,Né Canada,Universitaire,Revenus élevés
Ind_228,0.494625,-0.787752,1.563283,Sou_NON,CONTRE,NSP,POUR,NEUTRE,NEUTRE,CONTRE,NSP,DÉSACCORD,NSP,NEUTRE,OPTIMISTE,CONTRE,Responsabilité mixte,Economie: neutre,Féministe: POUR féministe,NSP,Risque difficile,NSP,Vote fed: NSP,Femme,Francophones,40-59 ans,Né Canada,Universitaire,Revenus moyens
Ind_229,1.315369,1.906969,0.353081,Sou_NON,CONTRE,POUR,POUR,CONTRE,CONTRE,CONTRE,DÉSACCORD,DÉSACCORD,NEUTRE,PESSIMISTE,PESSIMISTE,CONTRE,Responsabilité individuelle,Economie: privé seulement,Feministe: CONTRE féministe,Feministre: NEUTRE féministe,Risque difficile,PCQ,NSP,Homme,Francophones,40-59 ans,Né Canada,Secondaire,Revenus moyens
Ind_230,1.456862,-0.914465,0.440648,Sou_NON,CONTRE,CONTRE,POUR,NEUTRE,CONTRE,NEUTRE,NSP,NSP,PESSIMISTE,PESSIMISTE,PESSIMISTE,CONTRE,Responsabilité collective,Economie: neutre,Féministe: POUR féministe,Féministe: POUR féministe,Risque facile,QS,NPD,Femme,Francophones,18-39 ans,Né Ailleurs,Collégial,Revenus bas
Ind_231,-2.553018,1.022803,0.077021,Sou_OUI,POUR,NSP,CONTRE,POUR,POUR,POUR,DÉSACCORD,DÉSACCORD,OPTIMISTE,OPTIMISTE,OPTIMISTE,CONTRE,Responsabilité individuelle,Economie: privé seulement,Feministre: NEUTRE féministe,Féministe: POUR féministe,Risque difficile,PQ,BQ,Homme,Francophones,40-59 ans,Né Canada,Collégial,Revenus bas
Ind_232,-0.487311,1.431775,-0.125464,Sou_NON,POUR,CONTRE,CONTRE,POUR,POUR,CONTRE,DÉSACCORD,DÉSACCORD,PESSIMISTE,OPTIMISTE,PESSIMISTE,CONTRE,Responsabilité collective,Economie: privé et public,Feministe: CONTRE féministe,Feministre: NEUTRE féministe,Risque difficile,CAQ,PCC,Homme,Francophones,60 ans et plus,Né Canada,Secondaire,Revenus bas
Ind_233,-2.630701,-0.787744,-0.939698,Sou_OUI,POUR,POUR,CONTRE,POUR,POUR,POUR,NEUTRE,DÉSACCORD,OPTIMISTE,NEUTRE,OPTIMISTE,NEUTRE,Responsabilité mixte,Economie: privé et public,Féministe: POUR féministe,Féministe: POUR féministe,Risque facile,PQ,BQ,Femme,Francophones,40-59 ans,Né Canada,Universitaire,Revenus élevés
Ind_234,0.793332,-1.487001,0.796065,Sou_NON,NSP,NSP,NSP,NSP,NSP,NSP,NEUTRE,NSP,NEUTRE,PESSIMISTE,PESSIMISTE,NSP,Responsabilité collective,Economie: privé et public,Féministe: POUR féministe,Feministre: NEUTRE féministe,Risque difficile,Vote prov: NSP,Vote fed: NSP,Femme,Non francophones,18-39 ans,Né Canada,Universitaire,Revenus bas
Ind_235,1.316382,-0.474133,-0.616998,Sou_NON,CONTRE,CONTRE,POUR,CONTRE,CONTRE,CONTRE,ACCORD,NEUTRE,PESSIMISTE,PESSIMISTE,NEUTRE,CONTRE,Responsabilité individuelle,Economie: neutre,Féministe: POUR féministe,Féministe: POUR féministe,Risque facile,PQ,BQ,Femme,Francophones,18-39 ans,Né Canada,Universitaire,Revenus moyens
Ind_236,-2.16467,-1.401858,-0.573655,Sou_OUI,POUR,POUR,POUR,POUR,POUR,POUR,NEUTRE,NEUTRE,OPTIMISTE,NEUTRE,OPTIMISTE,NEUTRE,Responsabilité mixte,Economie: privé et public,Féministe: POUR féministe,Féministe: POUR féministe,Risque difficile,PQ,BQ,Femme,Francophones,40-59 ans,Né Canada,Universitaire,Revenus moyens
Ind_237,-0.783212,-1.579221,-0.770664,Sou_NSP,POUR,POUR,POUR,POUR,POUR,NEUTRE,ACCORD,ACCORD,NEUTRE,NEUTRE,PESSIMISTE,POUR,Responsabilité collective,Economie: privé et public,Féministe: POUR féministe,Féministe: POUR féministe,Risque difficile,QS,NPD,Homme,Francophones,18-39 ans,Né Canada,Universitaire,Revenus bas
Ind_238,1.536765,1.707904,-0.278618,Sou_NON,CONTRE,CONTRE,POUR,POUR,CONTRE,CONTRE,NEUTRE,DÉSACCORD,PESSIMISTE,PESSIMISTE,PESSIMISTE,CONTRE,Responsabilité individuelle,Economie: neutre,Feministe: CONTRE féministe,Feministe: CONTRE féministe,Risque facile,PLQ,PLC,Homme,Francophones,40-59 ans,Né Canada,Collégial,Revenus élevés
Ind_239,1.775545,-0.27956,1.459675,Sou_NON,CONTRE,CONTRE,POUR,NEUTRE,CONTRE,NSP,NEUTRE,NEUTRE,NEUTRE,PESSIMISTE,PESSIMISTE,CONTRE,Responsabilité mixte,Economie: neutre,NSP,NSP,NSP,NSP,Vote fed: NSP,Femme,Non francophones,40-59 ans,Né Canada,Collégial,Revenus bas
Ind_240,1.268938,-0.95474,-1.136976,Sou_NON,CONTRE,CONTRE,POUR,POUR,CONTRE,CONTRE,NEUTRE,NEUTRE,NEUTRE,PESSIMISTE,NEUTRE,NEUTRE,Responsabilité collective,Economie: privé et public,Féministe: POUR féministe,Féministe: POUR féministe,Risque difficile,QS,PLC,Homme,Francophones,18-39 ans,Né Canada,Universitaire,Revenus moyens
Ind_241,-2.825111,0.6347,-0.689951,Sou_OUI,POUR,POUR,CONTRE,POUR,POUR,POUR,DÉSACCORD,DÉSACCORD,OPTIMISTE,OPTIMISTE,OPTIMISTE,NEUTRE,Responsabilité mixte,Economie: neutre,Féministe: POUR féministe,Feministe: CONTRE féministe,Risque facile,PQ,BQ,Homme,Francophones,60 ans et plus,Né Canada,Universitaire,Revenus moyens
Ind_242,1.996099,0.638599,0.478154,Sou_NON,CONTRE,CONTRE,POUR,CONTRE,CONTRE,CONTRE,NEUTRE,NEUTRE,NEUTRE,PESSIMISTE,PESSIMISTE,CONTRE,Responsabilité individuelle,Economie: privé seulement,Feministe: CONTRE féministe,Feministe: CONTRE féministe,Risque difficile,PCQ,PCC,Femme,Francophones,18-39 ans,Né Canada,Collégial,Revenus élevés
Ind_243,-2.731376,0.134574,-0.825922,Sou_OUI,POUR,POUR,CONTRE,POUR,POUR,POUR,NSP,NEUTRE,OPTIMISTE,NEUTRE,OPTIMISTE,CONTRE,Responsabilité individuelle,Economie: privé et public,Féministe: POUR féministe,Féministe: POUR féministe,Risque facile,PQ,BQ,Homme,Francophones,60 ans et plus,Né Canada,Collégial,Revenus moyens
Ind_244,2.201866,-0.176447,-0.219657,Sou_NON,CONTRE,CONTRE,POUR,CONTRE,CONTRE,CONTRE,ACCORD,NEUTRE,PESSIMISTE,PESSIMISTE,PESSIMISTE,NEUTRE,Responsabilité individuelle,Economie: neutre,Feministre: NEUTRE féministe,Féministe: POUR féministe,Risque difficile,PCQ,PLC,Femme,Non francophones,60 ans et plus,Né Canada,Secondaire,Revenus bas
Ind_245,-1.863557,-0.535634,-1.150121,Sou_OUI,POUR,POUR,CONTRE,POUR,POUR,CONTRE,ACCORD,NEUTRE,OPTIMISTE,PESSIMISTE,OPTIMISTE,POUR,Responsabilité individuelle,Economie: privé et public,Féministe: POUR féministe,Féministe: POUR féministe,Risque difficile,PQ,BQ,Homme,Francophones,60 ans et plus,Né Canada,Collégial,NSP
Ind_246,-0.369788,-1.698313,0.420661,Sou_NSP,NSP,NSP,CONTRE,NSP,NSP,NSP,ACCORD,NEUTRE,OPTIMISTE,NEUTRE,NEUTRE,CONTRE,Responsabilité individuelle,Economie: privé et public,Féministe: POUR féministe,Féministe: POUR féministe,Risque difficile,PLQ,PLC,Femme,Francophones,18-39 ans,Né Canada,Collégial,Revenus moyens
Ind_247,-2.669975,0.688577,0.376987,Sou_OUI,POUR,POUR,CONTRE,POUR,POUR,POUR,NEUTRE,NEUTRE,OPTIMISTE,NEUTRE,OPTIMISTE,CONTRE,Responsabilité mixte,Economie: neutre,Feministre: NEUTRE féministe,Feministre: NEUTRE féministe,Risque difficile,PQ,BQ,Homme,Francophones,60 ans et plus,Né Canada,Universitaire,Revenus bas
Ind_248,0.245256,0.832087,0.781042,Sou_NON,CONTRE,CONTRE,CONTRE,POUR,NEUTRE,NEUTRE,DÉSACCORD,NEUTRE,PESSIMISTE,OPTIMISTE,NEUTRE,CONTRE,Responsabilité collective,Economie: neutre,Feministe: CONTRE féministe,Feministe: CONTRE féministe,Risque difficile,PCQ,PCC,Homme,Non francophones,40-59 ans,Né Canada,Secondaire,Revenus bas
Ind_249,0.212826,0.351125,0.909514,Sou_NON,CONTRE,POUR,POUR,POUR,NEUTRE,NEUTRE,NEUTRE,DÉSACCORD,OPTIMISTE,PESSIMISTE,PESSIMISTE,NEUTRE,Responsabilité individuelle,Economie: privé seulement,Feministe: CONTRE féministe,Feministe: CONTRE féministe,Risque difficile,CAQ,BQ,Femme,Francophones,40-59 ans,Né Canada,Collégial,Revenus bas
Ind_250,1.18645,0.476927,0.618232,Sou_NON,CONTRE,CONTRE,POUR,CONTRE,POUR,CONTRE,ACCORD,DÉSACCORD,PESSIMISTE,NEUTRE,NEUTRE,CONTRE,Responsabilité collective,Economie: neutre,Feministre: NEUTRE féministe,Feministre: NEUTRE féministe,Risque difficile,PCQ,PCC,Femme,Non francophones,40-59 ans,Né Canada,Secondaire,NSP
Ind_251,-1.058562,0.005649,1.253739,Sou_NSP,POUR,POUR,POUR,NEUTRE,POUR,POUR,ACCORD,NEUTRE,NEUTRE,NEUTRE,OPTIMISTE,CONTRE,Responsabilité collective,Economie: neutre,Feministre: NEUTRE féministe,Feministe: CONTRE féministe,Risque difficile,NSP,Vote fed: NSP,Homme,Francophones,60 ans et plus,Né Canada,Collégial,NSP
Ind_252,-2.7015,0.660358,-0.060623,Sou_OUI,POUR,POUR,CONTRE,POUR,POUR,POUR,DÉSACCORD,DÉSACCORD,OPTIMISTE,NSP,OPTIMISTE,CONTRE,Responsabilité mixte,Economie: privé seulement,Feministre: NEUTRE féministe,Féministe: POUR féministe,Risque difficile,PQ,BQ,Homme,Francophones,60 ans et plus,Né Canada,Universitaire,NSP
Ind_253,-2.786249,0.063653,-0.57899,Sou_OUI,POUR,POUR,CONTRE,POUR,POUR,POUR,DÉSACCORD,DÉSACCORD,OPTIMISTE,NEUTRE,OPTIMISTE,CONTRE,Responsabilité mixte,Economie: privé et public,Féministe: POUR féministe,Féministe: POUR féministe,Risque difficile,PQ,BQ,Homme,Francophones,40-59 ans,Né Canada,Collégial,Revenus moyens
Ind_254,1.222891,2.415661,0.330844,Sou_NON,CONTRE,POUR,POUR,CONTRE,CONTRE,CONTRE,DÉSACCORD,DÉSACCORD,PESSIMISTE,PESSIMISTE,PESSIMISTE,CONTRE,Responsabilité individuelle,Economie: privé seulement,Feministre: NEUTRE féministe,Feministre: NEUTRE féministe,Risque facile,PCQ,PCC,Homme,Francophones,60 ans et plus,Né Canada,Collégial,Revenus bas
Ind_255,0.653826,0.701817,-0.054676,Sou_NON,CONTRE,CONTRE,CONTRE,POUR,CONTRE,NEUTRE,DÉSACCORD,DÉSACCORD,NEUTRE,PESSIMISTE,PESSIMISTE,CONTRE,Responsabilité individuelle,Economie: privé seulement,Féministe: POUR féministe,Féministe: POUR féministe,Risque difficile,PCQ,PCC,Homme,Francophones,18-39 ans,Né Canada,Collégial,Revenus bas
Ind_256,0.814518,1.214013,0.286846,Sou_NON,CONTRE,NSP,POUR,NSP,CONTRE,NEUTRE,DÉSACCORD,DÉSACCORD,NSP,PESSIMISTE,PESSIMISTE,CONTRE,Responsabilité collective,Economie: privé et public,Feministe: CONTRE féministe,Feministre: NEUTRE féministe,Risque facile,CAQ,BQ,Homme,Francophones,40-59 ans,Né Canada,Collégial,Revenus moyens
Ind_257,1.743005,2.198681,-0.024512,Sou_NON,CONTRE,CONTRE,POUR,CONTRE,CONTRE,CONTRE,DÉSACCORD,DÉSACCORD,NEUTRE,PESSIMISTE,PESSIMISTE,CONTRE,Responsabilité individuelle,Economie: privé seulement,Feministe: CONTRE féministe,Feministre: NEUTRE féministe,Risque facile,PCQ,PCC,Homme,Francophones,18-39 ans,Né Canada,Collégial,Revenus élevés
Ind_258,-2.074757,-1.66235,-0.969766,Sou_OUI,POUR,POUR,CONTRE,POUR,POUR,POUR,ACCORD,ACCORD,OPTIMISTE,NSP,OPTIMISTE,POUR,Responsabilité collective,NSP,Féministe: POUR féministe,Féministe: POUR féministe,Risque facile,QS,PVQ,Femme,Francophones,18-39 ans,Né Canada,Universitaire,Revenus bas
Ind_259,2.199758,0.261397,-0.150337,Sou_NON,CONTRE,CONTRE,POUR,CONTRE,CONTRE,CONTRE,ACCORD,ACCORD,PESSIMISTE,PESSIMISTE,PESSIMISTE,NEUTRE,Responsabilité collective,Economie: privé seulement,Feministre: NEUTRE féministe,Feministre: NEUTRE féministe,Risque facile,NSP,PCC,Femme,Non francophones,40-59 ans,Né Canada,Collégial,NSP
Ind_260,1.771892,-0.55384,-2.369128,Sou_NON,CONTRE,CONTRE,POUR,POUR,CONTRE,CONTRE,ACCORD,ACCORD,NEUTRE,PESSIMISTE,PESSIMISTE,POUR,Responsabilité collective,Economie: privé et public,Féministe: POUR féministe,Féministe: POUR féministe,Risque facile,PLQ,PLC,Homme,Non francophones,40-59 ans,Né Canada,Universitaire,Revenus moyens
Ind_261,0.17379,-0.181864,-1.537899,Sou_NON,POUR,CONTRE,CONTRE,CONTRE,CONTRE,POUR,ACCORD,ACCORD,OPTIMISTE,PESSIMISTE,PESSIMISTE,POUR,Responsabilité collective,Economie: neutre,Féministe: POUR féministe,Feministe: CONTRE féministe,Risque facile,PLQ,BQ,Homme,Francophones,18-39 ans,Né Canada,Universitaire,Revenus moyens
Ind_262,2.052575,0.42601,0.132785,Sou_NON,CONTRE,CONTRE,POUR,CONTRE,CONTRE,CONTRE,NEUTRE,NSP,NEUTRE,PESSIMISTE,PESSIMISTE,POUR,Responsabilité individuelle,Economie: privé seulement,Feministe: CONTRE féministe,Feministe: CONTRE féministe,NSP,NSP,PCC,Femme,Francophones,40-59 ans,Né Ailleurs,Universitaire,Revenus bas
Ind_263,-2.600187,1.823812,-0.146955,Sou_OUI,POUR,POUR,CONTRE,POUR,POUR,POUR,DÉSACCORD,DÉSACCORD,OPTIMISTE,NEUTRE,OPTIMISTE,CONTRE,Responsabilité individuelle,Economie: privé seulement,Feministre: NEUTRE féministe,Feministre: NEUTRE féministe,Risque facile,PQ,Vote fed: NSP,Homme,Francophones,60 ans et plus,Né Canada,Universitaire,Revenus moyens
Ind_264,1.038181,0.194281,0.596894,Sou_NON,CONTRE,CONTRE,POUR,CONTRE,CONTRE,CONTRE,NEUTRE,NEUTRE,OPTIMISTE,NSP,PESSIMISTE,NEUTRE,Responsabilité individuelle,Economie: privé seulement,Feministre: NEUTRE féministe,Feministre: NEUTRE féministe,Risque difficile,PQ,BQ,Femme,Francophones,18-39 ans,Né Canada,Collégial,Revenus bas
Ind_265,-2.686641,0.349519,-0.610306,Sou_OUI,POUR,POUR,CONTRE,POUR,POUR,POUR,DÉSACCORD,DÉSACCORD,OPTIMISTE,OPTIMISTE,OPTIMISTE,POUR,Responsabilité collective,Economie: privé et public,NSP,NSP,Risque difficile,PQ,BQ,Homme,Francophones,60 ans et plus,Né Ailleurs,Collégial,Revenus moyens
Ind_266,1.001247,0.46254,0.251369,Sou_NON,CONTRE,CONTRE,POUR,POUR,NEUTRE,CONTRE,NEUTRE,NEUTRE,NEUTRE,PESSIMISTE,NSP,CONTRE,Responsabilité collective,Economie: privé et public,Feministre: NEUTRE féministe,Feministre: NEUTRE féministe,Risque facile,NSP,Vote fed: NSP,Homme,Francophones,18-39 ans,Né Canada,Universitaire,Revenus élevés
Ind_267,-2.7325,0.763867,-0.618489,Sou_OUI,POUR,POUR,CONTRE,POUR,POUR,POUR,NEUTRE,ACCORD,OPTIMISTE,OPTIMISTE,OPTIMISTE,CONTRE,Responsabilité individuelle,Economie: neutre,Féministe: POUR féministe,Feministre: NEUTRE féministe,Risque facile,PQ,BQ,Homme,Francophones,60 ans et plus,Né Canada,Universitaire,Revenus moyens
Ind_268,-2.101304,-1.707072,-0.61208,Sou_NSP,NSP,POUR,CONTRE,POUR,POUR,POUR,ACCORD,NEUTRE,OPTIMISTE,NEUTRE,OPTIMISTE,POUR,Responsabilité collective,Economie: privé et public,Féministe: POUR féministe,Féministe: POUR féministe,Risque difficile,PQ,BQ,Femme,Francophones,60 ans et plus,Né Canada,Collégial,Revenus moyens
Ind_269,-0.771296,-1.40784,1.98612,Sou_NSP,NSP,NSP,NSP,POUR,NSP,NSP,NEUTRE,ACCORD,OPTIMISTE,NSP,OPTIMISTE,CONTRE,NSP,NSP,Féministe: POUR féministe,Feministre: NEUTRE féministe,Risque difficile,NSP,Vote fed: NSP,Femme,Francophones,18-39 ans,Né Canada,Collégial,Revenus bas
Ind_270,-1.430505,-0.569132,-0.387439,Sou_NSP,POUR,POUR,CONTRE,POUR,POUR,POUR,NEUTRE,DÉSACCORD,NEUTRE,PESSIMISTE,NEUTRE,CONTRE,Responsabilité collective,Economie: privé et public,Féministe: POUR féministe,Féministe: POUR féministe,Risque facile,PQ,PLC,Femme,Francophones,60 ans et plus,Né Canada,Collégial,Revenus bas
Ind_271,1.055873,1.464914,-0.779454,Sou_NON,CONTRE,CONTRE,CONTRE,CONTRE,CONTRE,CONTRE,DÉSACCORD,DÉSACCORD,OPTIMISTE,PESSIMISTE,PESSIMISTE,NEUTRE,Responsabilité individuelle,Economie: privé seulement,Feministe: CONTRE féministe,Féministe: POUR féministe,Risque facile,CAQ,PLC,Homme,Francophones,60 ans et plus,Né Canada,Secondaire,Revenus bas
Ind_272,0.442846,-1.2523,2.504406,Sou_NSP,NSP,NSP,NSP,CONTRE,NSP,NSP,NSP,NSP,NSP,NSP,NSP,NSP,Responsabilité individuelle,NSP,NSP,NSP,NSP,NSP,Vote fed: NSP,Femme,Non francophones,40-59 ans,Né Ailleurs,Collégial,NSP
Ind_273,1.729613,-0.574408,-0.934957,Sou_NON,CONTRE,CONTRE,POUR,CONTRE,CONTRE,CONTRE,NEUTRE,NEUTRE,NEUTRE,PESSIMISTE,NEUTRE,POUR,Responsabilité collective,Economie: privé et public,Féministe: POUR féministe,Féministe: POUR féministe,Risque difficile,PLQ,PLC,Homme,Francophones,60 ans et plus,Né Canada,Collégial,Revenus bas
Ind_274,-2.037018,1.505412,-0.471414,Sou_OUI,POUR,POUR,CONTRE,POUR,POUR,CONTRE,DÉSACCORD,DÉSACCORD,OPTIMISTE,NEUTRE,OPTIMISTE,CONTRE,Responsabilité individuelle,Economie: privé et public,Feministre: NEUTRE féministe,Feministre: NEUTRE féministe,Risque facile,PQ,PLC,Homme,Francophones,18-39 ans,Né Canada,Collégial,Revenus moyens
Ind_275,0.377674,-0.242523,-0.778153,Sou_NON,POUR,CONTRE,POUR,NEUTRE,POUR,NEUTRE,NEUTRE,NEUTRE,NEUTRE,PESSIMISTE,NEUTRE,POUR,Responsabilité individuelle,Economie: privé et public,Féministe: POUR féministe,Féministe: POUR féministe,Risque facile,CAQ,PLC,Homme,Francophones,40-59 ans,Né Canada,Universitaire,Revenus moyens
Ind_276,-2.287592,1.878859,-0.042999,Sou_OUI,POUR,POUR,CONTRE,POUR,POUR,POUR,DÉSACCORD,DÉSACCORD,OPTIMISTE,NEUTRE,OPTIMISTE,CONTRE,Responsabilité individuelle,Economie: privé seulement,Feministre: NEUTRE féministe,Feministre: NEUTRE féministe,Risque facile,NSP,PCC,Homme,Francophones,40-59 ans,Né Canada,Universitaire,Revenus élevés
Ind_277,0.362813,-0.288207,-0.468227,Sou_NON,CONTRE,CONTRE,CONTRE,CONTRE,POUR,CONTRE,DÉSACCORD,NEUTRE,OPTIMISTE,OPTIMISTE,NEUTRE,CONTRE,Responsabilité collective,Economie: privé seulement,Féministe: POUR féministe,Féministe: POUR féministe,Risque facile,PCQ,NSP,Femme,Non francophones,18-39 ans,Né Canada,Secondaire,NSP
Ind_278,-2.342068,0.327037,0.32327,Sou_OUI,POUR,POUR,CONTRE,POUR,POUR,POUR,DÉSACCORD,DÉSACCORD,NEUTRE,NSP,OPTIMISTE,CONTRE,Responsabilité individuelle,Economie: neutre,Féministe: POUR féministe,NSP,Risque facile,PQ,BQ,Femme,Francophones,60 ans et plus,Né Canada,Collégial,NSP
Ind_279,0.888136,0.867705,1.137356,Sou_NON,CONTRE,NSP,POUR,NEUTRE,NEUTRE,CONTRE,DÉSACCORD,DÉSACCORD,NEUTRE,PESSIMISTE,NEUTRE,NEUTRE,Responsabilité individuelle,Economie: neutre,Feministre: NEUTRE féministe,Feministre: NEUTRE féministe,Risque facile,CAQ,BQ,Femme,Francophones,60 ans et plus,Né Canada,Collégial,Revenus élevés
Ind_280,-1.07974,0.302741,0.869668,Sou_OUI,POUR,POUR,NSP,NEUTRE,POUR,POUR,ACCORD,DÉSACCORD,NEUTRE,PESSIMISTE,OPTIMISTE,CONTRE,Responsabilité individuelle,Economie: privé et public,Feministre: NEUTRE féministe,Feministre: NEUTRE féministe,Risque difficile,NSP,PCC,Femme,Francophones,40-59 ans,Né Canada,Collégial,Revenus bas
Ind_281,-2.141102,-0.118669,-0.654252,Sou_OUI,POUR,POUR,CONTRE,POUR,POUR,NEUTRE,NEUTRE,ACCORD,OPTIMISTE,NEUTRE,OPTIMISTE,NEUTRE,Responsabilité collective,Economie: privé et public,Féministe: POUR féministe,Feministre: NEUTRE féministe,Risque facile,PLQ,BQ,Homme,Francophones,40-59 ans,Né Canada,Collégial,Revenus moyens
Ind_282,-1.984114,0.192618,-0.413244,Sou_OUI,POUR,POUR,CONTRE,POUR,POUR,NEUTRE,NEUTRE,DÉSACCORD,NEUTRE,OPTIMISTE,OPTIMISTE,POUR,Responsabilité individuelle,Economie: neutre,Féministe: POUR féministe,Féministe: POUR féministe,Risque facile,PQ,PLC,Homme,Francophones,40-59 ans,Né Canada,Collégial,Revenus bas
Ind_283,1.994891,-0.141877,-1.876199,Sou_NON,CONTRE,CONTRE,POUR,CONTRE,CONTRE,CONTRE,ACCORD,NEUTRE,NEUTRE,PESSIMISTE,PESSIMISTE,POUR,Responsabilité individuelle,Economie: privé et public,Féministe: POUR féministe,Féministe: POUR féministe,Risque facile,PLQ,PLC,Homme,Francophones,40-59 ans,Né Canada,Universitaire,Revenus élevés
Ind_284,2.036872,0.287712,-0.876628,Sou_NON,CONTRE,CONTRE,POUR,CONTRE,CONTRE,NSP,ACCORD,NEUTRE,NEUTRE,PESSIMISTE,PESSIMISTE,CONTRE,Responsabilité individuelle,Economie: privé et public,Feministre: NEUTRE féministe,Féministe: POUR féministe,Risque difficile,PLQ,PLC,Homme,Non francophones,60 ans et plus,Né Ailleurs,Collégial,Revenus moyens
Ind_285,1.500763,1.547248,0.25092,Sou_NON,CONTRE,CONTRE,POUR,CONTRE,NEUTRE,CONTRE,DÉSACCORD,DÉSACCORD,PESSIMISTE,PESSIMISTE,PESSIMISTE,POUR,Responsabilité individuelle,Economie: privé seulement,Feministe: CONTRE féministe,Feministe: CONTRE féministe,Risque facile,NSP,Vote fed: NSP,Homme,Francophones,60 ans et plus,Né Canada,Collégial,NSP
Ind_286,0.566985,-0.321705,1.537357,Sou_NON,CONTRE,POUR,POUR,POUR,NEUTRE,NEUTRE,NEUTRE,NEUTRE,NEUTRE,PESSIMISTE,NEUTRE,NEUTRE,Responsabilité individuelle,Economie: neutre,NSP,NSP,Risque facile,Vote prov: NSP,Vote fed: NSP,Femme,Francophones,40-59 ans,Né Canada,Collégial,NSP
Ind_287,-1.882151,1.138844,-0.267247,Sou_NON,POUR,POUR,CONTRE,POUR,POUR,CONTRE,DÉSACCORD,DÉSACCORD,OPTIMISTE,NEUTRE,OPTIMISTE,CONTRE,Responsabilité mixte,Economie: privé et public,Feministre: NEUTRE féministe,Feministre: NEUTRE féministe,Risque difficile,PQ,BQ,Homme,Francophones,60 ans et plus,Né Canada,Universitaire,Revenus moyens
Ind_288,-0.114485,0.667223,-1.084565,Sou_NON,CONTRE,CONTRE,CONTRE,POUR,NEUTRE,CONTRE,NEUTRE,DÉSACCORD,OPTIMISTE,PESSIMISTE,OPTIMISTE,POUR,Responsabilité collective,Economie: privé seulement,Feministe: CONTRE féministe,Féministe: POUR féministe,Risque facile,PQ,PLC,Homme,Francophones,60 ans et plus,Né Canada,Universitaire,Revenus bas
Ind_289,-0.773909,0.707817,0.549492,Sou_OUI,POUR,CONTRE,POUR,POUR,NEUTRE,CONTRE,DÉSACCORD,DÉSACCORD,PESSIMISTE,OPTIMISTE,OPTIMISTE,CONTRE,Responsabilité individuelle,Economie: privé et public,Feministre: NEUTRE féministe,Feministre: NEUTRE féministe,Risque difficile,QS,BQ,Femme,Francophones,40-59 ans,Né Canada,Collégial,Revenus bas
Ind_290,0.333452,-1.589011,0.384604,Sou_NSP,CONTRE,POUR,POUR,POUR,NEUTRE,NEUTRE,NEUTRE,NEUTRE,NEUTRE,PESSIMISTE,PESSIMISTE,POUR,Responsabilité collective,Economie: privé et public,Féministe: POUR féministe,Féministe: POUR féministe,Risque facile,NSP,Vote fed: NSP,Femme,Francophones,18-39 ans,Né Canada,Collégial,Revenus bas
Ind_291,-2.787893,0.679899,-0.398262,Sou_OUI,POUR,POUR,CONTRE,POUR,POUR,POUR,DÉSACCORD,DÉSACCORD,OPTIMISTE,OPTIMISTE,OPTIMISTE,NEUTRE,Responsabilité individuelle,Economie: neutre,Feministre: NEUTRE féministe,Féministe: POUR féministe,Risque difficile,PQ,BQ,Homme,Francophones,60 ans et plus,Né Canada,Universitaire,Revenus bas
Ind_292,0.669804,0.169213,0.204919,Sou_NON,CONTRE,CONTRE,POUR,POUR,POUR,CONTRE,NEUTRE,NEUTRE,NEUTRE,NEUTRE,NEUTRE,CONTRE,Responsabilité individuelle,Economie: privé seulement,NSP,Féministe: POUR féministe,Risque facile,Vote prov: NSP,PLC,Femme,Francophones,40-59 ans,Né Canada,Collégial,Revenus élevés
Ind_293,1.491573,-0.838944,-0.292825,Sou_NON,CONTRE,CONTRE,POUR,POUR,CONTRE,NEUTRE,NEUTRE,ACCORD,NEUTRE,PESSIMISTE,PESSIMISTE,CONTRE,Responsabilité mixte,Economie: privé seulement,Féministe: POUR féministe,Féministe: POUR féministe,Risque difficile,PLQ,PVQ,Femme,Non francophones,40-59 ans,Né Canada,Universitaire,Revenus bas
Ind_294,0.923296,-1.918567,-0.729912,Sou_NON,CONTRE,NSP,POUR,CONTRE,POUR,NEUTRE,ACCORD,ACCORD,NEUTRE,PESSIMISTE,PESSIMISTE,NEUTRE,Responsabilité collective,Economie: privé et public,Féministe: POUR féministe,Féministe: POUR féministe,Risque difficile,PQ,PLC,Femme,Francophones,18-39 ans,Né Canada,Universitaire,Revenus bas
Ind_295,1.95538,-0.255446,0.891738,Sou_NON,CONTRE,CONTRE,POUR,CONTRE,CONTRE,CONTRE,NSP,NSP,PESSIMISTE,PESSIMISTE,NSP,CONTRE,Responsabilité mixte,NSP,NSP,NSP,Risque facile,NSP,Vote fed: NSP,Femme,Non francophones,40-59 ans,Né Canada,Universitaire,NSP
Ind_296,-1.477961,-0.135003,1.771718,Sou_OUI,POUR,NSP,CONTRE,NSP,POUR,POUR,NSP,NSP,NSP,NSP,OPTIMISTE,CONTRE,Responsabilité mixte,NSP,NSP,NSP,NSP,NSP,Vote fed: NSP,Homme,Francophones,40-59 ans,Né Canada,Collégial,Revenus bas
Ind_297,-1.043694,-1.47431,1.323701,Sou_NSP,NSP,POUR,NSP,POUR,NEUTRE,NEUTRE,ACCORD,NEUTRE,OPTIMISTE,NEUTRE,NEUTRE,CONTRE,Responsabilité mixte,Economie: privé seulement,Féministe: POUR féministe,Féministe: POUR féministe,Risque difficile,PQ,Vote fed: NSP,Femme,Francophones,40-59 ans,Né Canada,Secondaire,Revenus moyens
Ind_298,1.305239,1.203612,0.759742,Sou_NON,CONTRE,POUR,POUR,NEUTRE,CONTRE,CONTRE,DÉSACCORD,DÉSACCORD,NEUTRE,PESSIMISTE,PESSIMISTE,CONTRE,Responsabilité individuelle,Economie: privé seulement,Feministe: CONTRE féministe,Feministe: CONTRE féministe,Risque difficile,PCQ,PCC,Femme,Francophones,40-59 ans,Né Canada,Secondaire,Revenus moyens
Ind_299,-1.558082,0.574884,0.320848,Sou_OUI,POUR,NSP,NSP,POUR,NSP,POUR,NEUTRE,DÉSACCORD,NEUTRE,NEUTRE,OPTIMISTE,NEUTRE,Responsabilité mixte,Economie: privé et public,Feministre: NEUTRE féministe,Feministre: NEUTRE féministe,Risque facile,PQ,PLC,Homme,Francophones,60 ans et plus,Né Canada,Collégial,NSP
Ind_300,-0.108925,-0.699009,1.74055,Sou_NSP,NSP,NSP,NSP,NSP,NSP,NSP,NSP,NSP,NEUTRE,NSP,NSP,NSP,Responsabilité collective,NSP,Feministre: NEUTRE féministe,Féministe: POUR féministe,Risque facile,PCQ,PCC,Homme,Francophones,18-39 ans,Né Canada,Collégial,NSP
Ind_301,-1.859726,0.916177,0.018465,Sou_OUI,POUR,POUR,CONTRE,NEUTRE,POUR,POUR,ACCORD,NEUTRE,NEUTRE,OPTIMISTE,OPTIMISTE,POUR,Responsabilité individuelle,Economie: privé seulement,Feministre: NEUTRE féministe,Feministe: CONTRE féministe,Risque facile,PCQ,BQ,Homme,Francophones,60 ans et plus,Né Canada,Collégial,Revenus bas
Ind_302,1.913111,0.4128,0.080629,Sou_NON,CONTRE,CONTRE,POUR,CONTRE,CONTRE,CONTRE,ACCORD,ACCORD,NEUTRE,PESSIMISTE,PESSIMISTE,CONTRE,Responsabilité collective,Economie: neutre,NSP,NSP,Risque facile,Vote prov: NSP,Vote fed: NSP,Homme,Francophones,40-59 ans,Né Ailleurs,Collégial,NSP
Ind_303,-2.723907,-0.934655,-1.067888,Sou_OUI,POUR,POUR,CONTRE,POUR,POUR,POUR,DÉSACCORD,DÉSACCORD,OPTIMISTE,NEUTRE,OPTIMISTE,POUR,Responsabilité collective,Economie: privé et public,Féministe: POUR féministe,Féministe: POUR féministe,Risque difficile,PQ,BQ,Femme,Francophones,60 ans et plus,Né Canada,Universitaire,Revenus bas
Ind_304,-2.429134,-0.923183,-1.201876,Sou_OUI,POUR,POUR,CONTRE,POUR,POUR,POUR,ACCORD,NEUTRE,OPTIMISTE,OPTIMISTE,OPTIMISTE,NEUTRE,Responsabilité mixte,Economie: privé et public,Féministe: POUR féministe,Féministe: POUR féministe,Risque difficile,PQ,PLC,Homme,Francophones,60 ans et plus,Né Canada,Universitaire,Revenus bas
Ind_305,0.238365,1.299586,-1.147116,Sou_NON,CONTRE,CONTRE,POUR,POUR,POUR,CONTRE,DÉSACCORD,DÉSACCORD,NEUTRE,PESSIMISTE,OPTIMISTE,CONTRE,Responsabilité individuelle,Economie: privé et public,Feministre: NEUTRE féministe,Féministe: POUR féministe,Risque facile,PQ,PLC,Homme,Francophones,60 ans et plus,Né Canada,Universitaire,Revenus élevés
Ind_306,-2.822741,1.349016,-0.146006,Sou_OUI,POUR,POUR,CONTRE,POUR,POUR,POUR,DÉSACCORD,DÉSACCORD,OPTIMISTE,NEUTRE,OPTIMISTE,CONTRE,Responsabilité individuelle,Economie: neutre,Feministre: NEUTRE féministe,Féministe: POUR féministe,Risque facile,PQ,BQ,Homme,Francophones,60 ans et plus,Né Canada,Secondaire,Revenus bas
Ind_307,-1.991185,0.411623,-0.082756,Sou_OUI,POUR,POUR,POUR,POUR,POUR,POUR,ACCORD,DÉSACCORD,OPTIMISTE,OPTIMISTE,OPTIMISTE,CONTRE,Responsabilité individuelle,Economie: privé et public,Feministre: NEUTRE féministe,Feministre: NEUTRE féministe,Risque difficile,PQ,PCC,Femme,Francophones,40-59 ans,Né Canada,Universitaire,Revenus bas
Ind_308,1.801908,1.205313,-0.405015,Sou_NON,CONTRE,CONTRE,POUR,CONTRE,CONTRE,CONTRE,NEUTRE,DÉSACCORD,PESSIMISTE,PESSIMISTE,PESSIMISTE,NEUTRE,Responsabilité individuelle,Economie: privé seulement,Feministre: NEUTRE féministe,Féministe: POUR féministe,Risque facile,NSP,PLC,Homme,Francophones,60 ans et plus,Né Canada,Collégial,Revenus élevés
Ind_309,2.017263,-0.406041,-0.346181,Sou_NON,CONTRE,CONTRE,POUR,CONTRE,CONTRE,CONTRE,ACCORD,ACCORD,PESSIMISTE,PESSIMISTE,PESSIMISTE,CONTRE,Responsabilité mixte,Economie: privé et public,Feministre: NEUTRE féministe,Féministe: POUR féministe,Risque difficile,PCQ,PLC,Femme,Francophones,40-59 ans,Né Canada,Collégial,Revenus moyens
Ind_310,1.293777,-0.098764,-0.095622,Sou_NON,CONTRE,CONTRE,POUR,NEUTRE,POUR,CONTRE,NSP,DÉSACCORD,NEUTRE,PESSIMISTE,PESSIMISTE,CONTRE,Responsabilité collective,Economie: privé seulement,Féministe: POUR féministe,Féministe: POUR féministe,Risque facile,NSP,PVQ,Femme,Non francophones,60 ans et plus,Né Canada,Secondaire,Revenus bas
Ind_311,1.391001,1.497357,0.269258,Sou_NON,CONTRE,CONTRE,CONTRE,CONTRE,CONTRE,CONTRE,DÉSACCORD,DÉSACCORD,PESSIMISTE,PESSIMISTE,PESSIMISTE,CONTRE,Responsabilité individuelle,Economie: privé seulement,NSP,Feministe: CONTRE féministe,Risque facile,PCQ,PCC,Femme,Francophones,40-59 ans,Né Canada,Secondaire,Revenus bas
Ind_312,1.27526,1.001722,-0.026502,Sou_NON,CONTRE,CONTRE,POUR,CONTRE,NEUTRE,CONTRE,DÉSACCORD,DÉSACCORD,PESSIMISTE,PESSIMISTE,PESSIMISTE,NEUTRE,Responsabilité collective,Economie: neutre,Feministre: NEUTRE féministe,NSP,Risque facile,PCQ,BQ,Homme,Francophones,18-39 ans,Né Canada,Universitaire,Revenus bas
Ind_313,-0.908961,0.500962,0.499586,Sou_OUI,POUR,POUR,POUR,NEUTRE,POUR,CONTRE,NEUTRE,NEUTRE,NEUTRE,OPTIMISTE,NEUTRE,CONTRE,Responsabilité mixte,Economie: privé et public,Feministe: CONTRE féministe,Feministe: CONTRE féministe,Risque facile,QS,BQ,Homme,Francophones,18-39 ans,Né Canada,Secondaire,Revenus bas
Ind_314,1.582171,-0.587069,-0.380467,Sou_NON,CONTRE,CONTRE,POUR,POUR,CONTRE,CONTRE,ACCORD,NEUTRE,NSP,PESSIMISTE,NSP,POUR,Responsabilité collective,Economie: privé et public,Feministre: NEUTRE féministe,Feministre: NEUTRE féministe,Risque facile,NSP,Vote fed: NSP,Femme,Non francophones,18-39 ans,Né Ailleurs,Universitaire,Revenus bas
Ind_315,1.787936,1.727099,0.04193,Sou_NON,CONTRE,CONTRE,POUR,CONTRE,CONTRE,CONTRE,DÉSACCORD,DÉSACCORD,PESSIMISTE,PESSIMISTE,PESSIMISTE,CONTRE,Responsabilité individuelle,Economie: privé seulement,Feministe: CONTRE féministe,Feministe: CONTRE féministe,Risque difficile,NSP,PLC,Homme,Francophones,60 ans et plus,Né Canada,Collégial,Revenus moyens
Ind_316,-0.144714,-0.99219,0.015335,Sou_NON,CONTRE,POUR,CONTRE,NEUTRE,NEUTRE,NEUTRE,NEUTRE,ACCORD,NEUTRE,PESSIMISTE,NEUTRE,NEUTRE,Responsabilité collective,Economie: privé et public,Féministe: POUR féministe,Féministe: POUR féministe,Risque difficile,PQ,BQ,Homme,Francophones,40-59 ans,Né Canada,Collégial,Revenus moyens
Ind_317,1.000021,-0.083714,1.169442,Sou_NON,CONTRE,POUR,POUR,CONTRE,CONTRE,POUR,NEUTRE,ACCORD,NEUTRE,NSP,NSP,CONTRE,Responsabilité individuelle,Economie: privé seulement,NSP,NSP,Risque difficile,NSP,PCC,Femme,Non francophones,40-59 ans,Né Ailleurs,Secondaire,Revenus bas
Ind_318,0.306592,1.505375,0.043899,Sou_NON,CONTRE,CONTRE,POUR,POUR,POUR,NEUTRE,DÉSACCORD,DÉSACCORD,NEUTRE,PESSIMISTE,OPTIMISTE,CONTRE,Responsabilité mixte,Economie: neutre,Feministe: CONTRE féministe,Feministre: NEUTRE féministe,Risque facile,CAQ,PLC,Homme,Francophones,40-59 ans,Né Canada,Universitaire,Revenus moyens
Ind_319,-1.044587,0.417722,0.712233,Sou_NSP,POUR,POUR,POUR,POUR,NEUTRE,NEUTRE,NEUTRE,DÉSACCORD,OPTIMISTE,PESSIMISTE,NEUTRE,POUR,Responsabilité individuelle,Economie: privé et public,Feministre: NEUTRE féministe,Feministre: NEUTRE féministe,Risque difficile,PQ,BQ,Homme,Francophones,18-39 ans,Né Canada,Collégial,Revenus bas
Ind_320,1.435497,1.329841,0.434786,Sou_NON,CONTRE,CONTRE,POUR,CONTRE,NEUTRE,CONTRE,DÉSACCORD,DÉSACCORD,PESSIMISTE,PESSIMISTE,PESSIMISTE,CONTRE,Responsabilité mixte,Economie: privé et public,Feministre: NEUTRE féministe,Feministe: CONTRE féministe,Risque difficile,PCQ,PCC,Homme,Francophones,60 ans et plus,Né Canada,Collégial,NSP
Ind_321,2.15622,-0.201465,-0.040814,Sou_NON,CONTRE,CONTRE,POUR,CONTRE,CONTRE,CONTRE,ACCORD,NSP,PESSIMISTE,PESSIMISTE,NSP,CONTRE,Responsabilité collective,Economie: privé et public,Feministre: NEUTRE féministe,Feministre: NEUTRE féministe,Risque difficile,PLQ,PLC,Femme,Non francophones,40-59 ans,Né Canada,Collégial,NSP
Ind_322,1.527751,-1.108256,-0.26158,Sou_NON,CONTRE,NSP,POUR,CONTRE,CONTRE,CONTRE,ACCORD,ACCORD,NEUTRE,PESSIMISTE,NEUTRE,CONTRE,Responsabilité collective,Economie: privé et public,Féministe: POUR féministe,Féministe: POUR féministe,Risque facile,NSP,PCC,Femme,Francophones,18-39 ans,Né Canada,Collégial,Revenus bas
Ind_323,-2.544307,-0.187314,-1.028501,Sou_OUI,POUR,NSP,CONTRE,POUR,POUR,POUR,ACCORD,DÉSACCORD,OPTIMISTE,OPTIMISTE,OPTIMISTE,CONTRE,Responsabilité collective,Economie: privé et public,Féministe: POUR féministe,Féministe: POUR féministe,Risque facile,PQ,BQ,Homme,Francophones,40-59 ans,Né Canada,Collégial,NSP
Ind_324,-2.368456,1.138482,-0.098433,Sou_OUI,POUR,POUR,CONTRE,POUR,POUR,POUR,ACCORD,DÉSACCORD,NEUTRE,NEUTRE,OPTIMISTE,NEUTRE,Responsabilité individuelle,Economie: neutre,Feministe: CONTRE féministe,Feministre: NEUTRE féministe,Risque facile,PQ,BQ,Homme,Francophones,60 ans et plus,Né Canada,Collégial,Revenus bas
Ind_325,1.662996,1.002997,0.267704,Sou_NON,CONTRE,CONTRE,POUR,CONTRE,NEUTRE,CONTRE,ACCORD,DÉSACCORD,NEUTRE,PESSIMISTE,PESSIMISTE,NEUTRE,Responsabilité mixte,Economie: privé seulement,Feministe: CONTRE féministe,Feministre: NEUTRE féministe,Risque difficile,PLQ,PCC,Homme,Francophones,60 ans et plus,Né Canada,Collégial,Revenus bas
Ind_326,1.304762,1.323433,-0.734312,Sou_NON,CONTRE,CONTRE,POUR,CONTRE,POUR,CONTRE,ACCORD,DÉSACCORD,PESSIMISTE,PESSIMISTE,PESSIMISTE,CONTRE,Responsabilité mixte,Economie: privé et public,Feministre: NEUTRE féministe,Feministre: NEUTRE féministe,Risque facile,CAQ,PLC,Homme,Francophones,60 ans et plus,Né Canada,Universitaire,Revenus moyens
Ind_327,-2.626399,-0.07831,-0.978147,Sou_OUI,POUR,POUR,CONTRE,POUR,POUR,POUR,DÉSACCORD,DÉSACCORD,OPTIMISTE,NEUTRE,OPTIMISTE,POUR,Responsabilité individuelle,Economie: privé et public,Féministe: POUR féministe,Féministe: POUR féministe,Risque difficile,PQ,Vote fed: NSP,Homme,Francophones,60 ans et plus,Né Canada,Universitaire,Revenus bas
Ind_328,2.133931,0.110863,-1.1257,Sou_NON,CONTRE,CONTRE,POUR,CONTRE,CONTRE,CONTRE,ACCORD,DÉSACCORD,PESSIMISTE,PESSIMISTE,PESSIMISTE,NEUTRE,Responsabilité collective,Economie: privé et public,Feministre: NEUTRE féministe,Féministe: POUR féministe,Risque difficile,PLQ,PLC,Homme,Non francophones,40-59 ans,Né Canada,Collégial,Revenus bas
Ind_329,2.354077,-0.266792,-0.030657,Sou_NON,CONTRE,CONTRE,POUR,CONTRE,CONTRE,CONTRE,ACCORD,NSP,NEUTRE,PESSIMISTE,PESSIMISTE,CONTRE,Responsabilité mixte,Economie: neutre,NSP,NSP,NSP,PLQ,PLC,Femme,Non francophones,40-59 ans,Né Canada,Universitaire,NSP
Ind_330,1.417389,-0.11768,0.000312,Sou_NON,CONTRE,CONTRE,POUR,NEUTRE,CONTRE,CONTRE,NEUTRE,DÉSACCORD,PESSIMISTE,PESSIMISTE,NEUTRE,NEUTRE,Responsabilité individuelle,Economie: privé et public,Feministre: NEUTRE féministe,Féministe: POUR féministe,Risque difficile,PQ,PLC,Femme,Francophones,40-59 ans,Né Canada,Collégial,Revenus moyens
Ind_331,1.922204,0.544163,-0.013205,Sou_NON,CONTRE,CONTRE,POUR,CONTRE,CONTRE,CONTRE,NSP,NEUTRE,PESSIMISTE,PESSIMISTE,PESSIMISTE,CONTRE,Responsabilité individuelle,Economie: privé et public,Feministe: CONTRE féministe,NSP,Risque facile,CAQ,PLC,Femme,Francophones,60 ans et plus,Né Canada,Secondaire,NSP
Ind_332,-2.662992,1.300302,-0.119447,Sou_OUI,POUR,POUR,CONTRE,POUR,POUR,POUR,DÉSACCORD,DÉSACCORD,OPTIMISTE,OPTIMISTE,OPTIMISTE,CONTRE,Responsabilité individuelle,Economie: privé seulement,Feministre: NEUTRE féministe,Feministre: NEUTRE féministe,Risque facile,PQ,BQ,Femme,Francophones,60 ans et plus,Né Ailleurs,Universitaire,Revenus bas
Ind_333,0.934315,-0.328829,1.290479,Sou_NON,CONTRE,POUR,POUR,CONTRE,CONTRE,NEUTRE,NEUTRE,NSP,OPTIMISTE,PESSIMISTE,NEUTRE,CONTRE,NSP,Economie: privé seulement,NSP,NSP,NSP,QS,Vote fed: NSP,Femme,Francophones,18-39 ans,Né Ailleurs,Collégial,Revenus moyens
Ind_334,-2.515775,0.111525,-1.041304,Sou_OUI,POUR,POUR,CONTRE,POUR,POUR,POUR,ACCORD,DÉSACCORD,OPTIMISTE,NEUTRE,OPTIMISTE,POUR,Responsabilité collective,Economie: privé et public,Feministre: NEUTRE féministe,Féministe: POUR féministe,Risque facile,QS,BQ,Homme,Francophones,60 ans et plus,Né Canada,Collégial,Revenus bas
Ind_335,1.950419,-1.229393,-0.74128,Sou_NON,CONTRE,CONTRE,POUR,CONTRE,CONTRE,CONTRE,ACCORD,ACCORD,NEUTRE,PESSIMISTE,NEUTRE,NEUTRE,Responsabilité collective,Economie: neutre,Féministe: POUR féministe,Féministe: POUR féministe,Risque facile,PLQ,PLC,Femme,Francophones,18-39 ans,Né Canada,Collégial,NSP
Ind_336,-2.217333,1.156258,0.2185,Sou_OUI,POUR,POUR,CONTRE,POUR,POUR,POUR,DÉSACCORD,DÉSACCORD,OPTIMISTE,NSP,OPTIMISTE,CONTRE,Responsabilité individuelle,Economie: privé seulement,Feministe: CONTRE féministe,Féministe: POUR féministe,Risque difficile,PCQ,PCC,Homme,Francophones,40-59 ans,Né Canada,Collégial,Revenus bas
Ind_337,-0.284019,-1.391136,-0.157176,Sou_NON,CONTRE,POUR,POUR,NEUTRE,NSP,NSP,NSP,NSP,OPTIMISTE,NEUTRE,OPTIMISTE,NSP,Responsabilité collective,Economie: privé et public,Féministe: POUR féministe,Féministe: POUR féministe,Risque facile,PQ,BQ,Femme,Non francophones,18-39 ans,Né Canada,Collégial,Revenus élevés
Ind_338,2.056836,-1.284037,-0.597375,Sou_NON,CONTRE,CONTRE,POUR,CONTRE,CONTRE,CONTRE,ACCORD,ACCORD,NSP,PESSIMISTE,NSP,CONTRE,Responsabilité mixte,Economie: privé et public,Féministe: POUR féministe,Féministe: POUR féministe,Risque difficile,PLQ,PLC,Femme,Non francophones,40-59 ans,Né Canada,Collégial,NSP
Ind_339,-0.683561,-0.021634,0.605803,Sou_NSP,POUR,POUR,CONTRE,NEUTRE,CONTRE,CONTRE,NEUTRE,DÉSACCORD,NEUTRE,NSP,NEUTRE,POUR,Responsabilité individuelle,Economie: privé et public,Feministre: NEUTRE féministe,Feministre: NEUTRE féministe,Risque difficile,PQ,BQ,Femme,Francophones,60 ans et plus,Né Canada,Universitaire,Revenus bas
Ind_340,-0.474144,0.731853,-0.169995,Sou_OUI,CONTRE,POUR,POUR,POUR,NEUTRE,POUR,NEUTRE,NEUTRE,PESSIMISTE,PESSIMISTE,NEUTRE,NEUTRE,Responsabilité collective,Economie: privé seulement,Feministre: NEUTRE féministe,Feministre: NEUTRE féministe,Risque facile,PQ,BQ,Homme,Non francophones,40-59 ans,Né Canada,Universitaire,Revenus moyens
Ind_341,-2.391626,-0.413624,-1.554371,Sou_OUI,POUR,POUR,CONTRE,POUR,POUR,POUR,ACCORD,ACCORD,NEUTRE,NEUTRE,OPTIMISTE,NEUTRE,Responsabilité individuelle,Economie: privé et public,Féministe: POUR féministe,Féministe: POUR féministe,Risque facile,PQ,BQ,Homme,Francophones,60 ans et plus,Né Canada,Universitaire,Revenus moyens
Ind_342,0.108038,-1.402095,0.58702,Sou_NON,CONTRE,POUR,POUR,NEUTRE,CONTRE,POUR,NSP,NSP,OPTIMISTE,NSP,OPTIMISTE,NEUTRE,Responsabilité mixte,NSP,Féministe: POUR féministe,Féministe: POUR féministe,Risque facile,NSP,PLC,Femme,Francophones,18-39 ans,Né Canada,Collégial,NSP
Ind_343,-0.293481,-0.147282,-0.724414,Sou_NON,POUR,POUR,POUR,POUR,CONTRE,POUR,ACCORD,NEUTRE,OPTIMISTE,PESSIMISTE,NEUTRE,CONTRE,Responsabilité mixte,Economie: privé seulement,Féministe: POUR féministe,Féministe: POUR féministe,Risque facile,PQ,PLC,Homme,Non francophones,18-39 ans,Né Canada,Collégial,Revenus bas
Ind_344,-1.855545,1.1506,0.527071,Sou_NSP,POUR,CONTRE,CONTRE,POUR,POUR,POUR,NEUTRE,DÉSACCORD,OPTIMISTE,NEUTRE,OPTIMISTE,CONTRE,Responsabilité individuelle,Economie: privé seulement,Feministre: NEUTRE féministe,Feministre: NEUTRE féministe,Risque facile,CAQ,BQ,Femme,Francophones,60 ans et plus,Né Canada,Secondaire,Revenus bas
Ind_345,1.858434,-0.012715,-1.101481,Sou_NON,CONTRE,CONTRE,POUR,CONTRE,CONTRE,CONTRE,DÉSACCORD,DÉSACCORD,PESSIMISTE,PESSIMISTE,PESSIMISTE,CONTRE,Responsabilité mixte,Economie: privé et public,Féministe: POUR féministe,Féministe: POUR féministe,Risque facile,PLQ,PLC,Femme,Francophones,40-59 ans,Né Canada,Universitaire,Revenus élevés
Ind_346,1.353153,-1.256677,0.041948,Sou_NON,CONTRE,NSP,POUR,CONTRE,NSP,NSP,ACCORD,ACCORD,PESSIMISTE,PESSIMISTE,NSP,NEUTRE,Responsabilité individuelle,Economie: neutre,Féministe: POUR féministe,Féministe: POUR féministe,Risque facile,NSP,NSP,Femme,Non francophones,40-59 ans,Né Canada,Universitaire,NSP
Ind_347,-1.608988,-0.260618,-0.677825,Sou_OUI,POUR,CONTRE,POUR,POUR,POUR,POUR,DÉSACCORD,DÉSACCORD,OPTIMISTE,NEUTRE,OPTIMISTE,CONTRE,Responsabilité individuelle,Economie: privé et public,Féministe: POUR féministe,Féministe: POUR féministe,Risque difficile,PQ,PLC,Femme,Francophones,40-59 ans,Né Canada,Collégial,Revenus moyens
Ind_348,-2.091157,0.866606,0.091203,Sou_OUI,POUR,POUR,CONTRE,POUR,POUR,POUR,DÉSACCORD,DÉSACCORD,NEUTRE,OPTIMISTE,PESSIMISTE,CONTRE,Responsabilité mixte,Economie: privé seulement,Feministe: CONTRE féministe,Féministe: POUR féministe,Risque difficile,PQ,BQ,Homme,Francophones,40-59 ans,Né Canada,Collégial,Revenus bas
Ind_349,1.253432,0.441822,-0.780808,Sou_NON,CONTRE,CONTRE,POUR,CONTRE,CONTRE,CONTRE,NEUTRE,NEUTRE,OPTIMISTE,PESSIMISTE,OPTIMISTE,CONTRE,Responsabilité individuelle,Economie: privé et public,Féministe: POUR féministe,Feministre: NEUTRE féministe,Risque difficile,PLQ,PCC,Homme,Francophones,18-39 ans,Né Ailleurs,Universitaire,Revenus moyens
Ind_350,2.076778,-0.696434,-1.232634,Sou_NON,CONTRE,CONTRE,POUR,CONTRE,CONTRE,CONTRE,ACCORD,ACCORD,PESSIMISTE,PESSIMISTE,PESSIMISTE,CONTRE,Responsabilité mixte,Economie: privé et public,Féministe: POUR féministe,Féministe: POUR féministe,Risque facile,PCQ,PCC,Femme,Non francophones,18-39 ans,Né Canada,Universitaire,Revenus élevés
Ind_351,1.95919,-0.648584,-0.586481,Sou_NON,CONTRE,CONTRE,POUR,CONTRE,CONTRE,CONTRE,NSP,ACCORD,NEUTRE,PESSIMISTE,PESSIMISTE,NEUTRE,Responsabilité collective,Economie: privé et public,Feministre: NEUTRE féministe,Féministe: POUR féministe,Risque facile,NSP,Vote fed: NSP,Femme,Francophones,40-59 ans,Né Ailleurs,Universitaire,Revenus moyens
Ind_352,-2.358244,1.16453,-0.155558,Sou_OUI,POUR,CONTRE,CONTRE,POUR,POUR,POUR,DÉSACCORD,DÉSACCORD,OPTIMISTE,OPTIMISTE,OPTIMISTE,CONTRE,Responsabilité mixte,Economie: privé et public,Feministre: NEUTRE féministe,Feministre: NEUTRE féministe,Risque difficile,PQ,BQ,Homme,Francophones,40-59 ans,Né Canada,Collégial,Revenus moyens
Ind_353,-2.229844,-0.845043,0.831956,Sou_OUI,POUR,POUR,CONTRE,POUR,POUR,POUR,NSP,NEUTRE,NSP,NSP,OPTIMISTE,NEUTRE,Responsabilité mixte,Economie: neutre,NSP,NSP,Risque difficile,PQ,BQ,Femme,Francophones,60 ans et plus,Né Canada,Universitaire,Revenus bas
Ind_354,1.670688,1.470665,0.33992,Sou_NON,CONTRE,CONTRE,POUR,NEUTRE,CONTRE,CONTRE,DÉSACCORD,DÉSACCORD,PESSIMISTE,PESSIMISTE,PESSIMISTE,CONTRE,Responsabilité individuelle,Economie: neutre,Feministe: CONTRE féministe,Feministre: NEUTRE féministe,Risque facile,CAQ,PLC,Femme,Francophones,60 ans et plus,Né Canada,Collégial,Revenus moyens
Ind_355,0.517856,-0.724338,0.842743,Sou_NSP,CONTRE,CONTRE,POUR,POUR,NSP,CONTRE,NSP,DÉSACCORD,NEUTRE,PESSIMISTE,OPTIMISTE,NEUTRE,Responsabilité mixte,NSP,Feministre: NEUTRE féministe,Féministe: POUR féministe,Risque difficile,NSP,Vote fed: NSP,Femme,Francophones,60 ans et plus,Né Canada,Universitaire,Revenus bas
Ind_356,1.233411,-0.341028,-1.003791,Sou_NON,CONTRE,POUR,POUR,CONTRE,CONTRE,CONTRE,ACCORD,ACCORD,NEUTRE,PESSIMISTE,PESSIMISTE,CONTRE,Responsabilité collective,Economie: privé seulement,Féministe: POUR féministe,Féministe: POUR féministe,Risque difficile,PQ,PLC,Homme,Francophones,60 ans et plus,Né Canada,Universitaire,NSP
Ind_357,-0.547749,0.149508,2.172528,Sou_NSP,NSP,POUR,CONTRE,NEUTRE,NEUTRE,NEUTRE,ACCORD,NEUTRE,NSP,NEUTRE,NEUTRE,CONTRE,Responsabilité individuelle,Economie: neutre,Feministre: NEUTRE féministe,Feministre: NEUTRE féministe,Risque difficile,NSP,Vote fed: NSP,Homme,Francophones,40-59 ans,Né Canada,Collégial,Revenus moyens
Ind_358,2.136887,0.84697,-0.159259,Sou_NON,CONTRE,CONTRE,POUR,CONTRE,CONTRE,CONTRE,NEUTRE,NEUTRE,PESSIMISTE,PESSIMISTE,PESSIMISTE,CONTRE,Responsabilité individuelle,Economie: privé seulement,Feministe: CONTRE féministe,Feministe: CONTRE féministe,Risque facile,PCQ,PCC,Femme,Non francophones,18-39 ans,Né Canada,Universitaire,NSP
Ind_359,1.848372,-1.308385,-1.232491,Sou_NON,CONTRE,CONTRE,POUR,CONTRE,NEUTRE,NSP,ACCORD,DÉSACCORD,PESSIMISTE,PESSIMISTE,PESSIMISTE,POUR,Responsabilité collective,Economie: privé et public,Féministe: POUR féministe,Féministe: POUR féministe,Risque difficile,PLQ,PLC,Femme,Non francophones,40-59 ans,Né Ailleurs,Universitaire,Revenus bas
Ind_360,0.015547,1.113157,0.672095,Sou_NSP,CONTRE,POUR,POUR,CONTRE,POUR,CONTRE,DÉSACCORD,DÉSACCORD,NEUTRE,PESSIMISTE,NEUTRE,POUR,Responsabilité mixte,Economie: privé seulement,Feministre: NEUTRE féministe,Feministre: NEUTRE féministe,Risque difficile,PQ,BQ,Homme,Francophones,60 ans et plus,Né Canada,Collégial,Revenus bas
Ind_361,-2.274294,-0.272894,-0.245217,Sou_OUI,POUR,POUR,CONTRE,POUR,POUR,POUR,ACCORD,ACCORD,OPTIMISTE,NEUTRE,OPTIMISTE,CONTRE,Responsabilité mixte,Economie: neutre,Féministe: POUR féministe,Feministre: NEUTRE féministe,Risque facile,PQ,PLC,Femme,Francophones,60 ans et plus,Né Canada,Collégial,Revenus moyens
Ind_362,1.861841,1.692629,-0.398682,Sou_NON,CONTRE,CONTRE,POUR,CONTRE,CONTRE,CONTRE,DÉSACCORD,DÉSACCORD,NEUTRE,PESSIMISTE,PESSIMISTE,CONTRE,Responsabilité mixte,Economie: neutre,Feministe: CONTRE féministe,Feministre: NEUTRE féministe,Risque facile,PLQ,PLC,Homme,Francophones,40-59 ans,Né Canada,Universitaire,Revenus moyens
Ind_363,0.466101,-2.286083,1.414694,Sou_NSP,NSP,NSP,NSP,NEUTRE,NEUTRE,NEUTRE,NSP,NSP,NSP,PESSIMISTE,NSP,NEUTRE,NSP,NSP,Féministe: POUR féministe,Féministe: POUR féministe,Risque difficile,NSP,PLC,Femme,Non francophones,18-39 ans,Né Canada,Universitaire,Revenus moyens
Ind_364,1.268161,0.004989,1.023986,Sou_NON,CONTRE,CONTRE,POUR,NSP,NSP,CONTRE,NEUTRE,NEUTRE,PESSIMISTE,PESSIMISTE,NEUTRE,NEUTRE,Responsabilité mixte,Economie: privé et public,Feministre: NEUTRE féministe,Feministre: NEUTRE féministe,Risque facile,NSP,Vote fed: NSP,Femme,Francophones,60 ans et plus,Né Canada,Secondaire,Revenus bas
Ind_365,1.24586,-1.483459,-1.185405,Sou_NON,CONTRE,CONTRE,CONTRE,NEUTRE,CONTRE,CONTRE,ACCORD,NEUTRE,PESSIMISTE,PESSIMISTE,PESSIMISTE,POUR,Responsabilité collective,Economie: privé et public,Féministe: POUR féministe,Féministe: POUR féministe,Risque difficile,PQ,PLC,Femme,Francophones,40-59 ans,Né Canada,Universitaire,NSP
Ind_366,1.095592,0.845252,-0.428491,Sou_NON,CONTRE,CONTRE,POUR,CONTRE,CONTRE,CONTRE,DÉSACCORD,DÉSACCORD,OPTIMISTE,PESSIMISTE,PESSIMISTE,CONTRE,Responsabilité mixte,Economie: privé et public,Feministre: NEUTRE féministe,Feministre: NEUTRE féministe,Risque facile,PQ,BQ,Femme,Francophones,18-39 ans,Né Canada,Universitaire,Revenus élevés
Ind_367,1.813285,-1.681153,-1.773244,Sou_NON,CONTRE,CONTRE,POUR,POUR,CONTRE,CONTRE,ACCORD,ACCORD,NEUTRE,PESSIMISTE,PESSIMISTE,POUR,Responsabilité collective,Economie: privé et public,Féministe: POUR féministe,Féministe: POUR féministe,Risque difficile,PLQ,NPD,Femme,Non francophones,18-39 ans,Né Canada,Universitaire,Revenus élevés
Ind_368,1.260829,-1.330917,-0.740975,Sou_NON,CONTRE,POUR,POUR,CONTRE,CONTRE,CONTRE,ACCORD,ACCORD,OPTIMISTE,PESSIMISTE,PESSIMISTE,CONTRE,Responsabilité collective,Economie: neutre,Féministe: POUR féministe,Féministe: POUR féministe,Risque difficile,QS,NPD,Femme,Francophones,18-39 ans,Né Ailleurs,Universitaire,Revenus moyens
Ind_369,1.58373,-0.393015,-0.653399,Sou_NON,CONTRE,CONTRE,POUR,NEUTRE,CONTRE,CONTRE,ACCORD,DÉSACCORD,PESSIMISTE,PESSIMISTE,PESSIMISTE,POUR,Responsabilité mixte,Economie: neutre,Féministe: POUR féministe,Féministe: POUR féministe,Risque difficile,QS,NPD,Homme,Francophones,40-59 ans,Né Canada,Universitaire,Revenus élevés
Ind_370,1.731581,0.122382,0.847438,Sou_NON,CONTRE,CONTRE,POUR,CONTRE,CONTRE,CONTRE,ACCORD,DÉSACCORD,NSP,PESSIMISTE,NSP,CONTRE,Responsabilité individuelle,Economie: neutre,NSP,NSP,Risque difficile,NSP,PLC,Femme,Francophones,60 ans et plus,Né Canada,Secondaire,Revenus bas
Ind_371,1.209857,0.163887,1.998158,Sou_NON,CONTRE,CONTRE,POUR,CONTRE,NEUTRE,CONTRE,NSP,NSP,NSP,NSP,NSP,CONTRE,Responsabilité individuelle,Economie: privé seulement,Feministre: NEUTRE féministe,Feministre: NEUTRE féministe,Risque difficile,NSP,Vote fed: NSP,Femme,Francophones,60 ans et plus,Né Canada,Secondaire,NSP
Ind_372,2.099747,-1.413714,-0.613247,Sou_NON,CONTRE,CONTRE,POUR,CONTRE,CONTRE,CONTRE,ACCORD,ACCORD,PESSIMISTE,PESSIMISTE,PESSIMISTE,POUR,Responsabilité mixte,Economie: privé et public,Féministe: POUR féministe,Féministe: POUR féministe,Risque difficile,NSP,Vote fed: NSP,Femme,Non francophones,60 ans et plus,Né Canada,Collégial,NSP
Ind_373,-2.70599,-0.094005,-1.008489,Sou_OUI,POUR,POUR,CONTRE,POUR,POUR,POUR,DÉSACCORD,DÉSACCORD,OPTIMISTE,NEUTRE,OPTIMISTE,CONTRE,Responsabilité collective,Economie: privé et public,Féministe: POUR féministe,Féministe: POUR féministe,Risque difficile,PQ,NPD,Homme,Francophones,60 ans et plus,Né Canada,Universitaire,Revenus bas
Ind_374,-0.283208,-1.383704,2.558994,Sou_NSP,NSP,NSP,NSP,POUR,NEUTRE,NSP,NSP,NSP,NSP,NSP,NSP,CONTRE,Responsabilité individuelle,NSP,NSP,Féministe: POUR féministe,Risque difficile,NSP,Vote fed: NSP,Femme,Francophones,40-59 ans,Né Canada,Collégial,Revenus moyens
Ind_375,1.272474,-0.658654,-0.358033,Sou_NON,CONTRE,CONTRE,POUR,CONTRE,CONTRE,CONTRE,NEUTRE,NEUTRE,OPTIMISTE,PESSIMISTE,NEUTRE,POUR,Responsabilité mixte,Economie: neutre,Féministe: POUR féministe,Féministe: POUR féministe,Risque facile,PQ,PLC,Femme,Francophones,60 ans et plus,Né Canada,Secondaire,NSP
Ind_376,1.781864,-1.008693,-0.204287,Sou_NON,CONTRE,CONTRE,POUR,CONTRE,NEUTRE,CONTRE,NEUTRE,NEUTRE,PESSIMISTE,PESSIMISTE,PESSIMISTE,CONTRE,Responsabilité mixte,Economie: privé et public,Féministe: POUR féministe,Féministe: POUR féministe,Risque difficile,PLQ,PLC,Femme,Francophones,18-39 ans,Né Canada,Collégial,Revenus moyens
Ind_377,2.11554,-0.315318,0.866451,Sou_NON,CONTRE,CONTRE,POUR,CONTRE,CONTRE,CONTRE,NEUTRE,NSP,NEUTRE,PESSIMISTE,NEUTRE,NEUTRE,Responsabilité individuelle,Economie: neutre,NSP,NSP,Risque difficile,NSP,PCC,Femme,Non francophones,18-39 ans,Né Ailleurs,Collégial,Revenus bas
Ind_378,1.183499,0.426599,1.445067,Sou_NON,CONTRE,CONTRE,POUR,NEUTRE,CONTRE,CONTRE,DÉSACCORD,DÉSACCORD,NEUTRE,NEUTRE,NEUTRE,CONTRE,Responsabilité individuelle,Economie: neutre,NSP,NSP,Risque difficile,CAQ,Vote fed: NSP,Femme,Francophones,40-59 ans,Né Canada,Collégial,Revenus bas
Ind_379,-0.099417,1.230615,0.735405,Sou_NON,CONTRE,POUR,CONTRE,POUR,NEUTRE,CONTRE,DÉSACCORD,DÉSACCORD,NEUTRE,PESSIMISTE,OPTIMISTE,CONTRE,Responsabilité individuelle,Economie: privé et public,Feministre: NEUTRE féministe,Feministre: NEUTRE féministe,Risque difficile,NSP,Vote fed: NSP,Homme,Francophones,40-59 ans,Né Canada,Collégial,Revenus bas
Ind_380,-1.188658,1.74329,-0.477185,Sou_OUI,POUR,POUR,CONTRE,POUR,CONTRE,CONTRE,DÉSACCORD,DÉSACCORD,OPTIMISTE,PESSIMISTE,OPTIMISTE,CONTRE,Responsabilité individuelle,Economie: privé et public,Feministe: CONTRE féministe,Feministre: NEUTRE féministe,Risque facile,NSP,PCC,Homme,Francophones,60 ans et plus,Né Canada,Universitaire,Revenus bas
Ind_381,2.164234,-0.621549,-1.147587,Sou_NON,CONTRE,CONTRE,POUR,CONTRE,CONTRE,CONTRE,ACCORD,NEUTRE,PESSIMISTE,PESSIMISTE,PESSIMISTE,NEUTRE,Responsabilité mixte,Economie: privé et public,Féministe: POUR féministe,Féministe: POUR féministe,Risque difficile,PLQ,PLC,Homme,Non francophones,40-59 ans,Né Canada,Collégial,Revenus bas
Ind_382,-0.858042,-0.025815,-0.173136,Sou_OUI,POUR,CONTRE,CONTRE,NEUTRE,CONTRE,NEUTRE,ACCORD,NEUTRE,PESSIMISTE,NEUTRE,OPTIMISTE,NEUTRE,Responsabilité collective,Economie: neutre,Féministe: POUR féministe,Feministre: NEUTRE féministe,Risque facile,PQ,BQ,Homme,Non francophones,40-59 ans,Né Canada,Secondaire,Revenus bas
Ind_383,2.233164,-0.122,-0.238964,Sou_NON,CONTRE,CONTRE,POUR,CONTRE,CONTRE,CONTRE,ACCORD,ACCORD,PESSIMISTE,PESSIMISTE,PESSIMISTE,CONTRE,Responsabilité collective,Economie: privé et public,Feministre: NEUTRE féministe,Feministre: NEUTRE féministe,Risque difficile,NSP,PLC,Femme,Non francophones,40-59 ans,Né Canada,Collégial,Revenus bas
Ind_384,-2.153148,1.413876,-0.370465,Sou_OUI,POUR,CONTRE,CONTRE,POUR,POUR,POUR,DÉSACCORD,DÉSACCORD,OPTIMISTE,OPTIMISTE,NEUTRE,POUR,Responsabilité collective,Economie: privé seulement,Feministre: NEUTRE féministe,Feministre: NEUTRE féministe,Risque facile,PQ,BQ,Homme,Francophones,60 ans et plus,Né Canada,Collégial,Revenus bas
Ind_385,0.4878,-0.593483,1.003034,Sou_NON,NSP,NSP,POUR,POUR,NSP,NEUTRE,NEUTRE,DÉSACCORD,PESSIMISTE,PESSIMISTE,PESSIMISTE,CONTRE,Responsabilité mixte,Economie: neutre,Féministe: POUR féministe,Féministe: POUR féministe,Risque facile,NSP,PCC,Femme,Francophones,18-39 ans,Né Canada,Collégial,Revenus moyens
Ind_386,1.466046,0.607809,-0.463829,Sou_NON,CONTRE,CONTRE,POUR,POUR,CONTRE,CONTRE,NEUTRE,DÉSACCORD,NEUTRE,PESSIMISTE,PESSIMISTE,POUR,Responsabilité individuelle,Economie: privé et public,Feministre: NEUTRE féministe,Feministre: NEUTRE féministe,Risque facile,NSP,NPD,Femme,Francophones,40-59 ans,Né Canada,Universitaire,Revenus élevés
Ind_387,0.359745,1.09686,0.281705,Sou_NON,CONTRE,POUR,POUR,NEUTRE,CONTRE,NEUTRE,DÉSACCORD,DÉSACCORD,NEUTRE,NEUTRE,PESSIMISTE,POUR,Responsabilité individuelle,Economie: neutre,Feministe: CONTRE féministe,Féministe: POUR féministe,Risque facile,PQ,PCC,Homme,Francophones,60 ans et plus,Né Canada,Secondaire,Revenus bas
Ind_388,-2.161178,-0.8629,-0.844913,Sou_OUI,POUR,POUR,CONTRE,POUR,POUR,POUR,DÉSACCORD,NSP,OPTIMISTE,OPTIMISTE,OPTIMISTE,NEUTRE,NSP,Economie: privé et public,Féministe: POUR féministe,Féministe: POUR féministe,Risque difficile,QS,Vote fed: NSP,Homme,Non francophones,18-39 ans,Né Canada,Universitaire,Revenus bas
Ind_389,-2.08277,-1.492631,-0.461424,Sou_OUI,POUR,POUR,CONTRE,POUR,POUR,POUR,NSP,ACCORD,OPTIMISTE,NEUTRE,OPTIMISTE,POUR,Responsabilité individuelle,Economie: privé et public,Féministe: POUR féministe,Féministe: POUR féministe,Risque difficile,NSP,Vote fed: NSP,Femme,Francophones,40-59 ans,Né Canada,Universitaire,NSP
Ind_390,-1.667692,1.503212,0.937091,Sou_NSP,POUR,POUR,POUR,POUR,POUR,POUR,DÉSACCORD,DÉSACCORD,NEUTRE,NEUTRE,NEUTRE,CONTRE,Responsabilité individuelle,Economie: neutre,Feministre: NEUTRE féministe,Feministre: NEUTRE féministe,NSP,PQ,BQ,Homme,Francophones,60 ans et plus,Né Canada,Collégial,Revenus bas
Ind_391,-2.521781,0.727654,-0.716624,Sou_OUI,POUR,POUR,CONTRE,POUR,POUR,POUR,DÉSACCORD,DÉSACCORD,NEUTRE,OPTIMISTE,OPTIMISTE,CONTRE,Responsabilité mixte,Economie: privé et public,Feministe: CONTRE féministe,Féministe: POUR féministe,Risque facile,PQ,BQ,Homme,Francophones,40-59 ans,Né Canada,Universitaire,NSP
Ind_392,2.172038,0.950643,-0.006253,Sou_NON,CONTRE,CONTRE,POUR,CONTRE,CONTRE,CONTRE,ACCORD,DÉSACCORD,NEUTRE,PESSIMISTE,PESSIMISTE,CONTRE,Responsabilité individuelle,Economie: privé seulement,Feministe: CONTRE féministe,Feministe: CONTRE féministe,Risque difficile,PCQ,PCC,Femme,Non francophones,40-59 ans,Né Canada,Secondaire,Revenus élevés
Ind_393,-2.438622,-0.753086,-0.18193,Sou_OUI,POUR,POUR,CONTRE,POUR,POUR,POUR,NEUTRE,NEUTRE,OPTIMISTE,NEUTRE,OPTIMISTE,NEUTRE,Responsabilité individuelle,Economie: privé et public,NSP,NSP,Risque difficile,PQ,BQ,Femme,Francophones,18-39 ans,Né Canada,Universitaire,Revenus élevés
Ind_394,0.144047,-1.690302,1.586899,Sou_NSP,CONTRE,NSP,CONTRE,CONTRE,NSP,NSP,NSP,NSP,OPTIMISTE,PESSIMISTE,NSP,CONTRE,Responsabilité mixte,NSP,Féministe: POUR féministe,Féministe: POUR féministe,Risque difficile,Vote prov: NSP,Vote fed: NSP,Femme,Francophones,18-39 ans,Né Canada,Secondaire,NSP
Ind_395,2.027755,-0.668929,-0.042175,Sou_NON,CONTRE,CONTRE,POUR,CONTRE,CONTRE,CONTRE,NEUTRE,NEUTRE,NEUTRE,PESSIMISTE,PESSIMISTE,NSP,Responsabilité individuelle,Economie: neutre,Féministe: POUR féministe,Féministe: POUR féministe,Risque difficile,NSP,PLC,Femme,Francophones,40-59 ans,Né Canada,Collégial,Revenus élevés
Ind_396,1.485006,1.299584,-0.571225,Sou_NON,CONTRE,CONTRE,POUR,CONTRE,CONTRE,CONTRE,ACCORD,ACCORD,OPTIMISTE,PESSIMISTE,OPTIMISTE,CONTRE,Responsabilité mixte,Economie: privé seulement,Feministe: CONTRE féministe,Feministre: NEUTRE féministe,Risque facile,PLQ,PCC,Homme,Non francophones,40-59 ans,Né Canada,Secondaire,Revenus moyens
Ind_397,1.880054,-1.088852,-0.344813,Sou_NON,CONTRE,CONTRE,POUR,CONTRE,NEUTRE,CONTRE,ACCORD,ACCORD,PESSIMISTE,PESSIMISTE,PESSIMISTE,NEUTRE,Responsabilité collective,Economie: neutre,Féministe: POUR féministe,Féministe: POUR féministe,Risque facile,Vote prov: NSP,Vote fed: NSP,Femme,Non francophones,40-59 ans,Né Canada,Collégial,NSP
Ind_398,0.667156,0.80296,0.641932,Sou_NON,CONTRE,POUR,POUR,NEUTRE,POUR,CONTRE,ACCORD,NSP,PESSIMISTE,NEUTRE,PESSIMISTE,CONTRE,Responsabilité individuelle,Economie: privé seulement,Feministe: CONTRE féministe,Feministe: CONTRE féministe,Risque facile,PCQ,PCC,Femme,Francophones,40-59 ans,Né Canada,Collégial,Revenus moyens
Ind_399,1.891447,0.038339,0.241092,Sou_NON,CONTRE,CONTRE,POUR,CONTRE,CONTRE,CONTRE,ACCORD,ACCORD,NEUTRE,PESSIMISTE,PESSIMISTE,CONTRE,Responsabilité mixte,Economie: privé et public,Feministre: NEUTRE féministe,Feministre: NEUTRE féministe,Risque difficile,CAQ,PVQ,Femme,Francophones,40-59 ans,Né Canada,Secondaire,Revenus bas
Ind_400,-2.628271,-1.048089,-0.669359,Sou_OUI,POUR,POUR,CONTRE,POUR,POUR,POUR,NEUTRE,NSP,OPTIMISTE,OPTIMISTE,OPTIMISTE,NEUTRE,Responsabilité collective,Economie: privé et public,Féministe: POUR féministe,Féministe: POUR féministe,Risque facile,PQ,BQ,Femme,Francophones,40-59 ans,Né Canada,Collégial,Revenus bas
Ind_401,1.446713,0.076879,0.261622,Sou_NON,CONTRE,NSP,POUR,CONTRE,CONTRE,CONTRE,NSP,DÉSACCORD,PESSIMISTE,PESSIMISTE,NSP,CONTRE,Responsabilité individuelle,Economie: privé et public,Féministe: POUR féministe,NSP,Risque facile,CAQ,PLC,Femme,Francophones,60 ans et plus,Né Canada,Secondaire,NSP
Ind_402,1.677902,-1.540832,-0.228531,Sou_NON,CONTRE,NSP,POUR,CONTRE,CONTRE,CONTRE,NSP,NEUTRE,PESSIMISTE,PESSIMISTE,PESSIMISTE,POUR,Responsabilité collective,Economie: privé et public,Féministe: POUR féministe,Féministe: POUR féministe,Risque difficile,NSP,PVQ,Femme,Francophones,18-39 ans,Né Canada,Collégial,Revenus moyens
Ind_403,-2.591585,-1.037957,0.183761,Sou_OUI,POUR,POUR,CONTRE,POUR,POUR,POUR,NSP,NSP,OPTIMISTE,OPTIMISTE,OPTIMISTE,NEUTRE,Responsabilité mixte,NSP,Féministe: POUR féministe,NSP,Risque difficile,PQ,BQ,Femme,Francophones,60 ans et plus,Né Canada,Universitaire,Revenus bas
Ind_404,1.643604,0.392903,0.634721,Sou_NON,CONTRE,CONTRE,POUR,NSP,CONTRE,CONTRE,DÉSACCORD,DÉSACCORD,PESSIMISTE,PESSIMISTE,PESSIMISTE,CONTRE,Responsabilité individuelle,Economie: privé seulement,NSP,Féministe: POUR féministe,Risque difficile,NSP,Vote fed: NSP,Femme,Francophones,40-59 ans,Né Canada,Collégial,Revenus élevés
Ind_405,-0.688119,0.825051,-0.269498,Sou_NON,POUR,POUR,POUR,POUR,POUR,POUR,NEUTRE,ACCORD,PESSIMISTE,PESSIMISTE,OPTIMISTE,CONTRE,Responsabilité individuelle,Economie: privé seulement,Feministre: NEUTRE féministe,Féministe: POUR féministe,Risque facile,CAQ,PLC,Homme,Francophones,18-39 ans,Né Canada,Collégial,Revenus élevés
Ind_406,-1.010281,1.166037,-0.289605,Sou_OUI,POUR,POUR,POUR,POUR,POUR,POUR,NEUTRE,NEUTRE,PESSIMISTE,OPTIMISTE,PESSIMISTE,CONTRE,Responsabilité individuelle,Economie: privé seulement,Feministre: NEUTRE féministe,Feministe: CONTRE féministe,Risque facile,PCQ,NPD,Homme,Non francophones,18-39 ans,Né Canada,Universitaire,Revenus moyens
Ind_407,1.361073,-0.480064,-0.382029,Sou_NON,CONTRE,NSP,POUR,POUR,CONTRE,NSP,ACCORD,NEUTRE,NEUTRE,PESSIMISTE,PESSIMISTE,POUR,Responsabilité collective,Economie: privé et public,Feministre: NEUTRE féministe,Feministre: NEUTRE féministe,Risque facile,PLQ,PLC,Femme,Francophones,18-39 ans,Né Canada,Collégial,Revenus élevés
Ind_408,0.246417,0.032914,1.008716,Sou_NON,CONTRE,POUR,POUR,NEUTRE,POUR,NEUTRE,ACCORD,NEUTRE,OPTIMISTE,PESSIMISTE,NSP,CONTRE,Responsabilité collective,Economie: privé seulement,Feministre: NEUTRE féministe,Feministre: NEUTRE féministe,Risque facile,CAQ,PVQ,Femme,Francophones,18-39 ans,Né Canada,Collégial,Revenus bas
Ind_409,1.852426,0.366353,-0.716888,Sou_NON,CONTRE,CONTRE,POUR,CONTRE,CONTRE,CONTRE,ACCORD,ACCORD,NEUTRE,PESSIMISTE,NEUTRE,CONTRE,Responsabilité individuelle,Economie: neutre,Feministe: CONTRE féministe,Féministe: POUR féministe,Risque difficile,PLQ,PLC,Homme,Francophones,60 ans et plus,Né Canada,Universitaire,Revenus moyens
Ind_410,1.912479,-1.630685,-0.632542,Sou_NON,CONTRE,CONTRE,POUR,CONTRE,CONTRE,CONTRE,ACCORD,ACCORD,PESSIMISTE,PESSIMISTE,NEUTRE,NEUTRE,Responsabilité mixte,Economie: privé et public,Féministe: POUR féministe,Féministe: POUR féministe,Risque difficile,QS,NPD,Femme,Non francophones,18-39 ans,Né Canada,Collégial,Revenus bas
Ind_411,-2.658098,0.53303,-0.245995,Sou_OUI,POUR,POUR,CONTRE,POUR,POUR,POUR,ACCORD,DÉSACCORD,OPTIMISTE,OPTIMISTE,OPTIMISTE,CONTRE,Responsabilité individuelle,Economie: privé seulement,Feministre: NEUTRE féministe,Féministe: POUR féministe,Risque facile,PQ,BQ,Femme,Francophones,60 ans et plus,Né Canada,Secondaire,Revenus bas
Ind_412,-0.0972,-1.455491,3.013944,Sou_NSP,NSP,NSP,NSP,NSP,NSP,NEUTRE,NSP,NSP,NSP,NSP,NSP,CONTRE,NSP,NSP,NSP,NSP,Risque difficile,Vote prov: NSP,Vote fed: NSP,Femme,Francophones,18-39 ans,Né Canada,Secondaire,Revenus moyens
Ind_413,1.05659,-1.983359,0.494643,Sou_NON,CONTRE,CONTRE,POUR,CONTRE,NEUTRE,NEUTRE,ACCORD,ACCORD,NEUTRE,NEUTRE,NEUTRE,NEUTRE,Responsabilité mixte,Economie: privé et public,Féministe: POUR féministe,Féministe: POUR féministe,Risque difficile,NSP,Vote fed: NSP,Femme,Francophones,18-39 ans,Né Canada,Collégial,Revenus élevés
Ind_414,1.087296,-1.388757,-0.040251,Sou_NON,CONTRE,CONTRE,POUR,CONTRE,CONTRE,NSP,NEUTRE,DÉSACCORD,NSP,NSP,NSP,POUR,Responsabilité mixte,Economie: privé et public,Féministe: POUR féministe,Féministe: POUR féministe,Risque difficile,QS,NPD,Femme,Francophones,60 ans et plus,Né Ailleurs,Universitaire,Revenus bas
Ind_415,1.9646,1.142316,-0.007852,Sou_NON,CONTRE,CONTRE,POUR,CONTRE,CONTRE,CONTRE,NEUTRE,DÉSACCORD,NEUTRE,PESSIMISTE,PESSIMISTE,NEUTRE,Responsabilité individuelle,Economie: privé seulement,Feministre: NEUTRE féministe,Feministre: NEUTRE féministe,Risque facile,PLQ,PLC,Femme,Francophones,60 ans et plus,Né Canada,Secondaire,Revenus bas
Ind_416,-2.39061,-0.34363,-0.704907,Sou_OUI,POUR,POUR,CONTRE,POUR,POUR,POUR,NEUTRE,NEUTRE,OPTIMISTE,NEUTRE,OPTIMISTE,CONTRE,Responsabilité collective,Economie: privé et public,Féministe: POUR féministe,Feministre: NEUTRE féministe,Risque facile,PQ,PLC,Femme,Francophones,60 ans et plus,Né Canada,Universitaire,Revenus bas
Ind_417,-1.63699,0.963579,0.451095,Sou_OUI,POUR,NSP,CONTRE,POUR,POUR,POUR,DÉSACCORD,DÉSACCORD,NEUTRE,NEUTRE,NEUTRE,CONTRE,Responsabilité individuelle,Economie: privé et public,Feministe: CONTRE féministe,Feministre: NEUTRE féministe,Risque difficile,NSP,Vote fed: NSP,Homme,Francophones,60 ans et plus,Né Canada,Universitaire,Revenus bas
Ind_418,1.292036,0.532562,-1.222477,Sou_NON,CONTRE,CONTRE,POUR,POUR,CONTRE,CONTRE,NEUTRE,DÉSACCORD,NEUTRE,PESSIMISTE,OPTIMISTE,CONTRE,Responsabilité individuelle,Economie: privé seulement,Féministe: POUR féministe,Féministe: POUR féministe,Risque difficile,PLQ,PLC,Homme,Non francophones,60 ans et plus,Né Ailleurs,Universitaire,Revenus moyens
Ind_419,0.504939,0.069643,0.826245,Sou_NON,CONTRE,CONTRE,CONTRE,NSP,NSP,CONTRE,ACCORD,ACCORD,NSP,PESSIMISTE,OPTIMISTE,CONTRE,NSP,Economie: privé seulement,Feministre: NEUTRE féministe,Feministre: NEUTRE féministe,Risque difficile,NSP,BQ,Femme,Francophones,60 ans et plus,Né Canada,Collégial,Revenus bas
Ind_420,-1.604517,0.005129,0.800854,Sou_OUI,POUR,POUR,CONTRE,POUR,POUR,CONTRE,NSP,NSP,NEUTRE,NEUTRE,NSP,NEUTRE,Responsabilité mixte,Economie: privé seulement,NSP,NSP,Risque difficile,PQ,BQ,Homme,Francophones,40-59 ans,Né Canada,Collégial,Revenus moyens
Ind_421,-0.213367,0.682267,-0.434842,Sou_NON,CONTRE,CONTRE,POUR,POUR,POUR,CONTRE,DÉSACCORD,NEUTRE,OPTIMISTE,NEUTRE,OPTIMISTE,POUR,Responsabilité individuelle,Economie: privé seulement,Feministre: NEUTRE féministe,Féministe: POUR féministe,Risque difficile,PQ,PLC,Homme,Francophones,60 ans et plus,Né Canada,Collégial,Revenus bas
Ind_422,1.568473,1.107609,0.170555,Sou_NON,CONTRE,CONTRE,POUR,NEUTRE,CONTRE,CONTRE,DÉSACCORD,DÉSACCORD,NEUTRE,PESSIMISTE,NEUTRE,CONTRE,Responsabilité individuelle,Economie: neutre,NSP,NSP,Risque difficile,PLQ,PLC,Homme,Francophones,60 ans et plus,Né Canada,Universitaire,Revenus élevés
Ind_423,-1.670677,0.622809,1.376355,Sou_NSP,NSP,POUR,NSP,POUR,POUR,NEUTRE,DÉSACCORD,DÉSACCORD,OPTIMISTE,NEUTRE,OPTIMISTE,CONTRE,Responsabilité individuelle,Economie: neutre,NSP,Feministre: NEUTRE féministe,Risque facile,PQ,Vote fed: NSP,Femme,Francophones,60 ans et plus,Né Canada,Secondaire,Revenus moyens
Ind_424,-2.755385,0.413161,-0.398673,Sou_OUI,POUR,POUR,CONTRE,POUR,POUR,POUR,NSP,DÉSACCORD,OPTIMISTE,OPTIMISTE,OPTIMISTE,NEUTRE,Responsabilité collective,Economie: privé et public,NSP,NSP,Risque facile,PQ,BQ,Homme,Francophones,60 ans et plus,Né Canada,Collégial,Revenus bas
Ind_425,1.619805,1.066822,-0.651425,Sou_NON,CONTRE,CONTRE,POUR,CONTRE,CONTRE,CONTRE,DÉSACCORD,DÉSACCORD,NEUTRE,PESSIMISTE,PESSIMISTE,CONTRE,Responsabilité individuelle,Economie: privé et public,Feministre: NEUTRE féministe,Féministe: POUR féministe,Risque difficile,PQ,PLC,Homme,Francophones,40-59 ans,Né Ailleurs,Collégial,Revenus moyens
Ind_426,0.693645,-1.441396,-0.332494,Sou_NSP,CONTRE,POUR,POUR,CONTRE,CONTRE,CONTRE,ACCORD,ACCORD,OPTIMISTE,PESSIMISTE,NEUTRE,CONTRE,Responsabilité mixte,Economie: privé et public,Féministe: POUR féministe,Féministe: POUR féministe,Risque difficile,PQ,PLC,Femme,Francophones,18-39 ans,Né Canada,Collégial,Revenus élevés
Ind_427,1.03267,1.604509,0.830529,Sou_NON,CONTRE,POUR,POUR,NEUTRE,CONTRE,CONTRE,ACCORD,DÉSACCORD,PESSIMISTE,PESSIMISTE,NEUTRE,CONTRE,Responsabilité individuelle,Economie: privé seulement,Feministre: NEUTRE féministe,Feministre: NEUTRE féministe,Risque difficile,PCQ,PCC,Homme,Francophones,60 ans et plus,Né Canada,Secondaire,Revenus bas
Ind_428,-0.419522,0.579255,-0.710118,Sou_NON,POUR,CONTRE,CONTRE,POUR,POUR,POUR,DÉSACCORD,ACCORD,NEUTRE,PESSIMISTE,PESSIMISTE,CONTRE,Responsabilité collective,Economie: privé et public,Feministre: NEUTRE féministe,Féministe: POUR féministe,Risque facile,PCQ,PCC,Homme,Francophones,18-39 ans,Né Canada,Collégial,NSP
Ind_429,2.240593,-1.181294,-1.562781,Sou_NON,CONTRE,CONTRE,POUR,CONTRE,CONTRE,CONTRE,ACCORD,ACCORD,NSP,PESSIMISTE,PESSIMISTE,POUR,Responsabilité individuelle,Economie: privé et public,Féministe: POUR féministe,Féministe: POUR féministe,Risque difficile,PLQ,PLC,Femme,Non francophones,40-59 ans,Né Canada,Universitaire,Revenus bas
Ind_430,-1.556985,-0.899684,1.74048,Sou_OUI,POUR,POUR,NSP,POUR,POUR,POUR,NSP,NSP,OPTIMISTE,NSP,NSP,NSP,NSP,NSP,NSP,NSP,NSP,NSP,Vote fed: NSP,Femme,Francophones,40-59 ans,Né Canada,Collégial,Revenus bas
Ind_431,0.495057,-0.262628,2.068899,Sou_NON,CONTRE,POUR,POUR,NSP,NSP,NEUTRE,ACCORD,ACCORD,PESSIMISTE,NSP,NSP,CONTRE,Responsabilité individuelle,Economie: neutre,Feministre: NEUTRE féministe,Feministre: NEUTRE féministe,Risque difficile,NSP,Vote fed: NSP,Femme,Francophones,60 ans et plus,Né Canada,Secondaire,Revenus bas
Ind_432,0.824065,-1.630591,0.804679,Sou_NON,NSP,NSP,POUR,NEUTRE,NEUTRE,NSP,NEUTRE,NSP,NEUTRE,PESSIMISTE,NEUTRE,NSP,Responsabilité mixte,NSP,Féministe: POUR féministe,Féministe: POUR féministe,Risque facile,QS,PLC,Femme,Francophones,18-39 ans,Né Ailleurs,Universitaire,NSP
Ind_433,-0.978101,0.759608,0.281916,Sou_OUI,POUR,POUR,POUR,NSP,POUR,NEUTRE,ACCORD,DÉSACCORD,NEUTRE,OPTIMISTE,NEUTRE,CONTRE,Responsabilité individuelle,Economie: privé seulement,Feministre: NEUTRE féministe,Féministe: POUR féministe,Risque difficile,PQ,PCC,Homme,Non francophones,60 ans et plus,Né Canada,Secondaire,Revenus moyens
Ind_434,1.142904,-0.414,0.8736,Sou_NON,CONTRE,NSP,POUR,CONTRE,NSP,NSP,ACCORD,DÉSACCORD,PESSIMISTE,PESSIMISTE,NSP,POUR,Responsabilité mixte,Economie: privé seulement,Feministre: NEUTRE féministe,Féministe: POUR féministe,Risque facile,Vote prov: NSP,Vote fed: NSP,Femme,Francophones,40-59 ans,Né Ailleurs,Collégial,Revenus bas
Ind_435,-2.348526,-0.335682,-1.350404,Sou_OUI,POUR,POUR,CONTRE,POUR,POUR,POUR,NEUTRE,DÉSACCORD,NEUTRE,NEUTRE,OPTIMISTE,POUR,Responsabilité collective,Economie: privé et public,Féministe: POUR féministe,Féministe: POUR féministe,Risque facile,PQ,NPD,Homme,Francophones,60 ans et plus,Né Canada,Universitaire,NSP
Ind_436,0.206631,1.204436,1.513633,Sou_NON,CONTRE,POUR,POUR,NEUTRE,NEUTRE,NSP,NEUTRE,DÉSACCORD,PESSIMISTE,PESSIMISTE,NEUTRE,CONTRE,Responsabilité individuelle,Economie: neutre,Feministre: NEUTRE féministe,Feministre: NEUTRE féministe,Risque difficile,PQ,BQ,Homme,Francophones,40-59 ans,Né Canada,Secondaire,Revenus bas
Ind_437,-2.247456,-0.174071,-0.515875,Sou_OUI,POUR,CONTRE,CONTRE,POUR,POUR,POUR,ACCORD,DÉSACCORD,OPTIMISTE,OPTIMISTE,OPTIMISTE,CONTRE,Responsabilité mixte,Economie: privé et public,Féministe: POUR féministe,Feministre: NEUTRE féministe,Risque facile,PQ,BQ,Femme,Francophones,18-39 ans,Né Canada,Collégial,Revenus bas
Ind_438,-2.448497,-0.609255,-0.361781,Sou_OUI,POUR,POUR,CONTRE,POUR,POUR,POUR,NSP,NEUTRE,NEUTRE,OPTIMISTE,OPTIMISTE,POUR,Responsabilité collective,Economie: neutre,Féministe: POUR féministe,Féministe: POUR féministe,Risque difficile,PQ,BQ,Homme,Francophones,60 ans et plus,Né Canada,Secondaire,Revenus bas
Ind_439,-1.748676,1.450224,-0.762201,Sou_OUI,POUR,POUR,POUR,POUR,POUR,POUR,DÉSACCORD,DÉSACCORD,OPTIMISTE,PESSIMISTE,OPTIMISTE,CONTRE,Responsabilité individuelle,Economie: privé et public,Feministre: NEUTRE féministe,Feministre: NEUTRE féministe,Risque facile,PQ,PLC,Homme,Francophones,18-39 ans,Né Canada,Universitaire,Revenus élevés
Ind_440,-2.806487,0.321479,-0.614286,Sou_OUI,POUR,POUR,CONTRE,POUR,POUR,POUR,NEUTRE,DÉSACCORD,OPTIMISTE,NEUTRE,OPTIMISTE,CONTRE,Responsabilité collective,Economie: neutre,Féministe: POUR féministe,Féministe: POUR féministe,Risque facile,PQ,BQ,Homme,Francophones,60 ans et plus,Né Canada,Collégial,Revenus moyens
Ind_441,0.781775,-0.951729,-0.859346,Sou_NON,CONTRE,CONTRE,POUR,POUR,CONTRE,NEUTRE,ACCORD,ACCORD,NSP,PESSIMISTE,PESSIMISTE,CONTRE,Responsabilité mixte,Economie: privé et public,Féministe: POUR féministe,Féministe: POUR féministe,Risque facile,PQ,BQ,Femme,Francophones,40-59 ans,Né Canada,Universitaire,Revenus élevés
Ind_442,1.22672,0.482742,1.47741,Sou_NON,CONTRE,CONTRE,POUR,NEUTRE,CONTRE,CONTRE,NSP,NSP,NSP,NSP,NSP,CONTRE,NSP,Economie: neutre,NSP,NSP,NSP,PCQ,PCC,Homme,Francophones,40-59 ans,Né Canada,Collégial,Revenus moyens
Ind_443,1.910032,0.10694,0.413584,Sou_NON,CONTRE,CONTRE,POUR,NEUTRE,CONTRE,CONTRE,NSP,DÉSACCORD,PESSIMISTE,PESSIMISTE,PESSIMISTE,CONTRE,NSP,Economie: privé et public,Feministre: NEUTRE féministe,Feministre: NEUTRE féministe,Risque difficile,NSP,Vote fed: NSP,Femme,Non francophones,18-39 ans,Né Canada,Universitaire,Revenus élevés
Ind_444,-2.442134,-0.626925,0.159297,Sou_OUI,POUR,POUR,CONTRE,POUR,POUR,POUR,NEUTRE,NEUTRE,OPTIMISTE,NEUTRE,OPTIMISTE,CONTRE,Responsabilité collective,Economie: privé et public,Feministre: NEUTRE féministe,Féministe: POUR féministe,Risque difficile,PQ,Vote fed: NSP,Femme,Francophones,60 ans et plus,Né Canada,Secondaire,Revenus bas
Ind_445,-0.749235,-1.377315,0.39813,Sou_NSP,CONTRE,POUR,POUR,POUR,POUR,NEUTRE,ACCORD,DÉSACCORD,NEUTRE,NSP,OPTIMISTE,POUR,Responsabilité collective,Economie: neutre,Féministe: POUR féministe,Féministe: POUR féministe,Risque difficile,CAQ,BQ,Femme,Francophones,60 ans et plus,Né Canada,Secondaire,NSP
Ind_446,1.657012,0.114431,-0.345807,Sou_NON,CONTRE,CONTRE,POUR,CONTRE,NEUTRE,CONTRE,DÉSACCORD,ACCORD,PESSIMISTE,PESSIMISTE,NEUTRE,CONTRE,Responsabilité collective,Economie: privé et public,Feministe: CONTRE féministe,Féministe: POUR féministe,Risque facile,CAQ,PCC,Femme,Non francophones,40-59 ans,Né Canada,Collégial,Revenus élevés
Ind_447,1.594851,-0.917066,-0.962915,Sou_NON,CONTRE,CONTRE,POUR,CONTRE,CONTRE,CONTRE,ACCORD,NEUTRE,NEUTRE,PESSIMISTE,OPTIMISTE,CONTRE,Responsabilité collective,Economie: privé et public,Féministe: POUR féministe,Féministe: POUR féministe,Risque facile,NSP,Vote fed: NSP,Femme,Non francophones,60 ans et plus,Né Canada,Universitaire,Revenus bas
Ind_448,-0.475554,-1.284282,-0.324224,Sou_NON,POUR,POUR,CONTRE,POUR,CONTRE,NEUTRE,ACCORD,NEUTRE,OPTIMISTE,PESSIMISTE,OPTIMISTE,NEUTRE,Responsabilité mixte,Economie: neutre,Féministe: POUR féministe,Féministe: POUR féministe,Risque facile,PLQ,PLC,Femme,Francophones,18-39 ans,Né Canada,Secondaire,NSP
Ind_449,0.983765,-0.798778,-1.765018,Sou_NON,CONTRE,CONTRE,POUR,POUR,CONTRE,CONTRE,ACCORD,NEUTRE,OPTIMISTE,PESSIMISTE,NEUTRE,POUR,Responsabilité collective,Economie: privé et public,Féministe: POUR féministe,Féministe: POUR féministe,Risque facile,QS,PVQ,Homme,Francophones,18-39 ans,Né Ailleurs,Universitaire,Revenus moyens
Ind_450,-1.133222,-0.974622,-1.075349,Sou_OUI,POUR,POUR,POUR,POUR,POUR,POUR,ACCORD,DÉSACCORD,NEUTRE,NEUTRE,NEUTRE,POUR,Responsabilité collective,Economie: privé et public,Féministe: POUR féministe,Féministe: POUR féministe,Risque difficile,QS,Vote fed: NSP,Homme,Non francophones,40-59 ans,Né Ailleurs,Universitaire,Revenus bas
Ind_451,1.634225,0.773923,-0.655605,Sou_NON,CONTRE,CONTRE,POUR,CONTRE,POUR,CONTRE,DÉSACCORD,DÉSACCORD,PESSIMISTE,PESSIMISTE,PESSIMISTE,CONTRE,Responsabilité mixte,Economie: privé et public,Feministe: CONTRE féministe,NSP,Risque difficile,PLQ,PLC,Homme,Non francophones,18-39 ans,Né Canada,Universitaire,NSP
Ind_452,1.894898,1.028226,-0.770192,Sou_NON,CONTRE,CONTRE,POUR,CONTRE,NEUTRE,CONTRE,ACCORD,ACCORD,PESSIMISTE,PESSIMISTE,PESSIMISTE,POUR,Responsabilité individuelle,Economie: privé et public,Feministe: CONTRE féministe,Feministre: NEUTRE féministe,Risque facile,PCQ,PCC,Homme,Non francophones,40-59 ans,Né Canada,Collégial,Revenus moyens
Ind_453,1.613955,1.581644,-0.081435,Sou_NON,CONTRE,CONTRE,POUR,CONTRE,CONTRE,CONTRE,NEUTRE,DÉSACCORD,NEUTRE,PESSIMISTE,NEUTRE,CONTRE,Responsabilité individuelle,Economie: privé seulement,Feministe: CONTRE féministe,Féministe: POUR féministe,Risque facile,PCQ,PCC,Homme,Francophones,40-59 ans,Né Canada,Collégial,Revenus élevés
Ind_454,1.831721,0.193745,0.276576,Sou_NON,CONTRE,CONTRE,POUR,CONTRE,CONTRE,CONTRE,ACCORD,DÉSACCORD,PESSIMISTE,PESSIMISTE,PESSIMISTE,CONTRE,Responsabilité collective,Economie: privé et public,Feministre: NEUTRE féministe,Feministre: NEUTRE féministe,Risque difficile,PCQ,Vote fed: NSP,Femme,Francophones,18-39 ans,Né Canada,Secondaire,Revenus bas
Ind_455,0.597014,0.585301,0.139081,Sou_NON,CONTRE,CONTRE,CONTRE,CONTRE,CONTRE,CONTRE,DÉSACCORD,DÉSACCORD,PESSIMISTE,PESSIMISTE,OPTIMISTE,CONTRE,Responsabilité individuelle,Economie: privé et public,Feministre: NEUTRE féministe,NSP,Risque difficile,PQ,BQ,Femme,Francophones,18-39 ans,Né Canada,Collégial,Revenus bas
Ind_456,-1.201259,0.567477,0.840695,Sou_OUI,CONTRE,POUR,POUR,POUR,POUR,NEUTRE,ACCORD,DÉSACCORD,NEUTRE,NEUTRE,OPTIMISTE,CONTRE,Responsabilité individuelle,Economie: privé seulement,Feministre: NEUTRE féministe,Feministre: NEUTRE féministe,Risque difficile,PQ,BQ,Femme,Francophones,60 ans et plus,Né Canada,Collégial,Revenus bas
Ind_457,1.949949,-0.241756,-0.290025,Sou_NON,CONTRE,CONTRE,POUR,NEUTRE,CONTRE,CONTRE,ACCORD,NEUTRE,PESSIMISTE,PESSIMISTE,PESSIMISTE,CONTRE,Responsabilité individuelle,Economie: privé et public,Feministre: NEUTRE féministe,Féministe: POUR féministe,Risque difficile,PLQ,PLC,Femme,Francophones,40-59 ans,Né Canada,Collégial,Revenus moyens
Ind_458,0.981505,-1.550699,-0.37352,Sou_NON,CONTRE,NSP,POUR,NEUTRE,CONTRE,NSP,ACCORD,ACCORD,NEUTRE,NEUTRE,NSP,POUR,Responsabilité collective,Economie: privé et public,Féministe: POUR féministe,Féministe: POUR féministe,Risque difficile,PLQ,PLC,Homme,Francophones,18-39 ans,Né Canada,Secondaire,NSP
Ind_459,2.095886,-0.918839,-0.645704,Sou_NON,CONTRE,CONTRE,POUR,CONTRE,CONTRE,CONTRE,ACCORD,NEUTRE,OPTIMISTE,PESSIMISTE,PESSIMISTE,NEUTRE,Responsabilité mixte,Economie: neutre,Feministre: NEUTRE féministe,Féministe: POUR féministe,Risque difficile,PLQ,PLC,Femme,Non francophones,18-39 ans,Né Canada,Universitaire,NSP
Ind_460,1.306726,-1.096121,-1.37797,Sou_NON,CONTRE,CONTRE,CONTRE,CONTRE,POUR,CONTRE,ACCORD,NEUTRE,NEUTRE,PESSIMISTE,PESSIMISTE,POUR,Responsabilité mixte,Economie: privé et public,Féministe: POUR féministe,Féministe: POUR féministe,Risque facile,PLQ,Vote fed: NSP,Femme,Non francophones,60 ans et plus,Né Canada,Universitaire,NSP
Ind_461,2.194594,0.225657,-0.911506,Sou_NON,CONTRE,CONTRE,POUR,CONTRE,CONTRE,CONTRE,ACCORD,NEUTRE,PESSIMISTE,PESSIMISTE,PESSIMISTE,CONTRE,Responsabilité collective,Economie: privé et public,Feministe: CONTRE féministe,Feministe: CONTRE féministe,Risque facile,PLQ,PCC,Femme,Non francophones,40-59 ans,Né Canada,Universitaire,Revenus bas
Ind_462,1.954532,-0.05218,-0.667867,Sou_NON,CONTRE,CONTRE,POUR,CONTRE,CONTRE,CONTRE,ACCORD,NEUTRE,OPTIMISTE,PESSIMISTE,PESSIMISTE,CONTRE,Responsabilité individuelle,Economie: privé et public,Féministe: POUR féministe,Feministre: NEUTRE féministe,Risque difficile,PLQ,PCC,Femme,Non francophones,40-59 ans,Né Canada,Collégial,Revenus moyens
Ind_463,-2.001854,1.033493,0.21451,Sou_OUI,POUR,POUR,POUR,POUR,POUR,POUR,NEUTRE,NEUTRE,OPTIMISTE,NEUTRE,NEUTRE,CONTRE,Responsabilité mixte,Economie: privé seulement,Feministe: CONTRE féministe,Feministre: NEUTRE féministe,Risque facile,PQ,BQ,Homme,Francophones,40-59 ans,Né Canada,Universitaire,Revenus bas
Ind_464,1.947864,0.946072,-1.444226,Sou_NON,CONTRE,CONTRE,POUR,CONTRE,CONTRE,CONTRE,ACCORD,ACCORD,OPTIMISTE,PESSIMISTE,PESSIMISTE,POUR,Responsabilité individuelle,Economie: privé et public,Feministre: NEUTRE féministe,Feministre: NEUTRE féministe,Risque facile,PLQ,PLC,Homme,Non francophones,60 ans et plus,Né Canada,Collégial,Revenus moyens
Ind_465,-0.608212,0.042532,0.087486,Sou_NON,CONTRE,POUR,CONTRE,POUR,POUR,POUR,NEUTRE,ACCORD,NEUTRE,PESSIMISTE,OPTIMISTE,POUR,Responsabilité individuelle,Economie: privé seulement,Féministe: POUR féministe,Feministre: NEUTRE féministe,Risque difficile,Vote prov: NSP,Vote fed: NSP,Homme,Francophones,18-39 ans,Né Canada,Collégial,NSP
Ind_466,1.709939,-0.733173,0.569857,Sou_NON,CONTRE,CONTRE,POUR,CONTRE,CONTRE,CONTRE,ACCORD,NSP,NEUTRE,NSP,PESSIMISTE,CONTRE,Responsabilité mixte,Economie: privé et public,Feministre: NEUTRE féministe,Féministe: POUR féministe,Risque difficile,NSP,Vote fed: NSP,Femme,Francophones,40-59 ans,Né Canada,Collégial,Revenus élevés
Ind_467,-0.019664,0.421829,-0.639767,Sou_NSP,CONTRE,CONTRE,POUR,POUR,CONTRE,CONTRE,DÉSACCORD,DÉSACCORD,OPTIMISTE,PESSIMISTE,OPTIMISTE,POUR,Responsabilité individuelle,Economie: privé et public,Feministe: CONTRE féministe,Féministe: POUR féministe,Risque difficile,PQ,BQ,Homme,Francophones,18-39 ans,Né Canada,Collégial,Revenus bas
Ind_468,2.280161,1.081465,-0.500366,Sou_NON,CONTRE,CONTRE,POUR,CONTRE,CONTRE,CONTRE,NEUTRE,ACCORD,NEUTRE,PESSIMISTE,PESSIMISTE,CONTRE,Responsabilité individuelle,Economie: neutre,Feministre: NEUTRE féministe,Feministre: NEUTRE féministe,Risque difficile,PLQ,PLC,Homme,Non francophones,40-59 ans,Né Ailleurs,Universitaire,Revenus moyens
Ind_469,-0.755972,0.619422,1.270979,Sou_NON,NSP,POUR,POUR,NEUTRE,POUR,POUR,NEUTRE,NEUTRE,OPTIMISTE,OPTIMISTE,OPTIMISTE,CONTRE,Responsabilité individuelle,Economie: privé seulement,Feministe: CONTRE féministe,Feministre: NEUTRE féministe,Risque difficile,PCQ,PCC,Femme,Francophones,40-59 ans,Né Canada,Secondaire,Revenus bas
Ind_470,0.957516,-0.472577,0.090572,Sou_NON,CONTRE,POUR,POUR,CONTRE,NEUTRE,CONTRE,NEUTRE,ACCORD,NSP,PESSIMISTE,NSP,NEUTRE,Responsabilité collective,Economie: neutre,Féministe: POUR féministe,Féministe: POUR féministe,Risque facile,NSP,PLC,Homme,Francophones,60 ans et plus,Né Canada,Collégial,Revenus bas
Ind_471,-1.253466,-1.674395,-0.091203,Sou_NSP,NSP,POUR,NSP,POUR,NEUTRE,NEUTRE,ACCORD,ACCORD,OPTIMISTE,NSP,OPTIMISTE,CONTRE,Responsabilité collective,Economie: privé et public,Féministe: POUR féministe,Féministe: POUR féministe,Risque facile,PQ,NPD,Femme,Francophones,40-59 ans,Né Canada,Universitaire,Revenus élevés
Ind_472,1.678213,-0.401661,0.296628,Sou_NON,CONTRE,POUR,POUR,CONTRE,CONTRE,CONTRE,ACCORD,NEUTRE,NEUTRE,PESSIMISTE,PESSIMISTE,CONTRE,Responsabilité collective,Economie: neutre,Feministe: CONTRE féministe,Feministe: CONTRE féministe,Risque difficile,QS,PLC,Femme,Francophones,18-39 ans,Né Canada,Collégial,NSP
Ind_473,-1.760206,0.563876,-0.375683,Sou_OUI,POUR,CONTRE,CONTRE,POUR,POUR,POUR,NEUTRE,NEUTRE,NEUTRE,OPTIMISTE,OPTIMISTE,NEUTRE,Responsabilité individuelle,Economie: neutre,Féministe: POUR féministe,Feministre: NEUTRE féministe,Risque facile,PQ,PLC,Homme,Francophones,60 ans et plus,Né Canada,Secondaire,NSP
Ind_474,0.928594,-0.294194,0.995949,Sou_NON,CONTRE,POUR,POUR,CONTRE,NSP,NSP,NSP,NSP,NEUTRE,PESSIMISTE,NSP,CONTRE,Responsabilité collective,Economie: privé et public,Feministe: CONTRE féministe,Feministre: NEUTRE féministe,Risque facile,NSP,Vote fed: NSP,Femme,Francophones,40-59 ans,Né Canada,Universitaire,NSP
Ind_475,-2.440866,-1.205718,-0.780798,Sou_OUI,POUR,POUR,CONTRE,POUR,POUR,POUR,DÉSACCORD,ACCORD,OPTIMISTE,NSP,OPTIMISTE,NEUTRE,Responsabilité collective,Economie: privé et public,Féministe: POUR féministe,Féministe: POUR féministe,NSP,PQ,BQ,Femme,Francophones,40-59 ans,Né Ailleurs,Collégial,Revenus élevés
Ind_476,1.227011,0.433146,0.175822,Sou_NON,CONTRE,CONTRE,CONTRE,NEUTRE,CONTRE,CONTRE,NSP,NSP,OPTIMISTE,PESSIMISTE,PESSIMISTE,CONTRE,Responsabilité individuelle,Economie: privé et public,Feministre: NEUTRE féministe,Feministre: NEUTRE féministe,Risque difficile,PLQ,PLC,Femme,Francophones,60 ans et plus,Né Canada,Secondaire,Revenus moyens
Ind_477,2.207997,-0.587532,-1.367988,Sou_NON,CONTRE,CONTRE,POUR,CONTRE,CONTRE,CONTRE,ACCORD,DÉSACCORD,NEUTRE,PESSIMISTE,PESSIMISTE,POUR,Responsabilité individuelle,Economie: privé et public,Féministe: POUR féministe,Féministe: POUR féministe,NSP,PLQ,PLC,Femme,Non francophones,60 ans et plus,Né Canada,Collégial,NSP
Ind_478,-2.562695,0.237407,-1.435097,Sou_OUI,POUR,POUR,CONTRE,POUR,POUR,POUR,DÉSACCORD,DÉSACCORD,OPTIMISTE,NEUTRE,OPTIMISTE,CONTRE,Responsabilité collective,Economie: privé et public,Féministe: POUR féministe,Féministe: POUR féministe,Risque facile,PQ,PLC,Homme,Francophones,60 ans et plus,Né Ailleurs,Universitaire,Revenus bas
Ind_479,-1.797892,0.926942,0.938165,Sou_NSP,NSP,POUR,CONTRE,POUR,NEUTRE,NEUTRE,DÉSACCORD,DÉSACCORD,OPTIMISTE,NSP,OPTIMISTE,CONTRE,Responsabilité individuelle,Economie: privé et public,Feministre: NEUTRE féministe,Feministre: NEUTRE féministe,Risque difficile,PQ,BQ,Homme,Francophones,60 ans et plus,Né Canada,Collégial,Revenus élevés
Ind_480,1.905512,0.720873,0.804906,Sou_NON,CONTRE,CONTRE,POUR,CONTRE,CONTRE,CONTRE,NSP,NSP,PESSIMISTE,PESSIMISTE,PESSIMISTE,CONTRE,Responsabilité individuelle,Economie: neutre,Feministre: NEUTRE féministe,NSP,Risque facile,PCQ,PCC,Femme,Francophones,18-39 ans,Né Canada,Collégial,Revenus bas
Ind_481,1.890245,0.363184,-1.043141,Sou_NON,CONTRE,CONTRE,POUR,CONTRE,CONTRE,CONTRE,ACCORD,DÉSACCORD,PESSIMISTE,PESSIMISTE,PESSIMISTE,POUR,Responsabilité collective,Economie: privé et public,Feministre: NEUTRE féministe,Feministre: NEUTRE féministe,Risque facile,CAQ,PLC,Femme,Francophones,60 ans et plus,Né Canada,Universitaire,Revenus moyens
Ind_482,-1.708099,-0.377769,0.012996,Sou_OUI,POUR,CONTRE,CONTRE,POUR,NEUTRE,POUR,NEUTRE,ACCORD,OPTIMISTE,OPTIMISTE,OPTIMISTE,CONTRE,Responsabilité collective,Economie: privé seulement,Feministre: NEUTRE féministe,Féministe: POUR féministe,Risque difficile,PQ,PLC,Femme,Francophones,60 ans et plus,Né Canada,Collégial,Revenus bas
Ind_483,-0.044006,0.245048,1.787175,Sou_NON,CONTRE,POUR,POUR,POUR,NEUTRE,NSP,DÉSACCORD,NSP,NEUTRE,NSP,OPTIMISTE,CONTRE,Responsabilité mixte,NSP,Feministre: NEUTRE féministe,Feministre: NEUTRE féministe,Risque facile,Vote prov: NSP,Vote fed: NSP,Femme,Francophones,40-59 ans,Né Canada,Collégial,Revenus bas
Ind_484,-1.493727,0.467833,1.040444,Sou_NSP,POUR,POUR,POUR,NEUTRE,POUR,NEUTRE,NEUTRE,NEUTRE,OPTIMISTE,OPTIMISTE,OPTIMISTE,NEUTRE,Responsabilité individuelle,Economie: neutre,Feministe: CONTRE féministe,Feministre: NEUTRE féministe,Risque difficile,PQ,BQ,Homme,Francophones,40-59 ans,Né Canada,Collégial,Revenus élevés
Ind_485,-1.070174,-0.859994,-0.475885,Sou_NSP,POUR,POUR,POUR,POUR,POUR,CONTRE,ACCORD,DÉSACCORD,OPTIMISTE,NEUTRE,NEUTRE,CONTRE,Responsabilité individuelle,Economie: privé et public,Féministe: POUR féministe,Féministe: POUR féministe,Risque difficile,PQ,PLC,Femme,Francophones,40-59 ans,Né Canada,Universitaire,Revenus bas
Ind_486,-0.835127,-1.206297,0.490968,Sou_NSP,POUR,POUR,POUR,NSP,POUR,POUR,NEUTRE,DÉSACCORD,NEUTRE,NSP,NEUTRE,POUR,Responsabilité mixte,NSP,Féministe: POUR féministe,Féministe: POUR féministe,Risque facile,QS,NPD,Femme,Francophones,18-39 ans,Né Canada,Collégial,Revenus moyens
Ind_487,-0.890165,-0.396662,-1.294493,Sou_OUI,CONTRE,CONTRE,CONTRE,POUR,NEUTRE,CONTRE,DÉSACCORD,DÉSACCORD,OPTIMISTE,OPTIMISTE,OPTIMISTE,POUR,Responsabilité collective,Economie: privé et public,Féministe: POUR féministe,Féministe: POUR féministe,Risque difficile,QS,PVQ,Homme,Francophones,40-59 ans,Né Canada,Universitaire,Revenus moyens
Ind_488,-2.680719,-0.140903,-1.039563,Sou_OUI,POUR,POUR,CONTRE,POUR,POUR,POUR,ACCORD,DÉSACCORD,OPTIMISTE,OPTIMISTE,OPTIMISTE,CONTRE,Responsabilité collective,Economie: privé et public,Féministe: POUR féministe,Feministre: NEUTRE féministe,Risque facile,PQ,BQ,Femme,Francophones,60 ans et plus,Né Canada,Universitaire,Revenus élevés
Ind_489,0.455376,0.352587,-0.275563,Sou_NON,CONTRE,CONTRE,POUR,POUR,NEUTRE,NEUTRE,DÉSACCORD,DÉSACCORD,PESSIMISTE,PESSIMISTE,OPTIMISTE,CONTRE,Responsabilité mixte,Economie: neutre,Féministe: POUR féministe,Féministe: POUR féministe,Risque facile,PQ,PLC,Homme,Non francophones,18-39 ans,Né Canada,Collégial,Revenus moyens
Ind_490,1.3673,0.068241,0.309373,Sou_NON,CONTRE,CONTRE,CONTRE,NEUTRE,CONTRE,CONTRE,NEUTRE,NEUTRE,NEUTRE,PESSIMISTE,NEUTRE,NEUTRE,Responsabilité individuelle,Economie: privé et public,Feministre: NEUTRE féministe,Feministre: NEUTRE féministe,Risque difficile,PLQ,PLC,Femme,Francophones,60 ans et plus,Né Canada,Collégial,Revenus bas
Ind_491,1.824969,0.406191,0.548858,Sou_NON,CONTRE,CONTRE,POUR,CONTRE,CONTRE,CONTRE,NEUTRE,DÉSACCORD,NEUTRE,PESSIMISTE,PESSIMISTE,NEUTRE,Responsabilité individuelle,Economie: privé et public,Feministre: NEUTRE féministe,Feministre: NEUTRE féministe,Risque difficile,NSP,Vote fed: NSP,Femme,Francophones,60 ans et plus,Né Canada,Collégial,Revenus bas
Ind_492,-0.81444,-0.382649,1.27492,Sou_OUI,POUR,NSP,CONTRE,NSP,NSP,NSP,ACCORD,ACCORD,PESSIMISTE,NSP,OPTIMISTE,CONTRE,Responsabilité individuelle,Economie: neutre,Feministre: NEUTRE féministe,Feministre: NEUTRE féministe,Risque difficile,Vote prov: NSP,Vote fed: NSP,Femme,Francophones,40-59 ans,Né Canada,Universitaire,Revenus élevés
Ind_493,1.313081,1.326506,0.370005,Sou_NON,CONTRE,CONTRE,POUR,CONTRE,CONTRE,NEUTRE,DÉSACCORD,DÉSACCORD,PESSIMISTE,PESSIMISTE,NSP,CONTRE,Responsabilité individuelle,Economie: privé seulement,Féministe: POUR féministe,Feministre: NEUTRE féministe,Risque difficile,PLQ,PCC,Homme,Francophones,60 ans et plus,Né Canada,Secondaire,Revenus moyens
Ind_494,0.554048,-0.164914,-0.646903,Sou_NON,CONTRE,POUR,POUR,CONTRE,CONTRE,CONTRE,NEUTRE,DÉSACCORD,OPTIMISTE,PESSIMISTE,OPTIMISTE,CONTRE,Responsabilité individuelle,Economie: privé et public,Féministe: POUR féministe,Féministe: POUR féministe,Risque facile,PQ,PLC,Femme,Francophones,18-39 ans,Né Canada,Collégial,Revenus bas
Ind_495,0.781591,-0.003135,0.772438,Sou_NON,CONTRE,POUR,POUR,CONTRE,CONTRE,NEUTRE,ACCORD,ACCORD,OPTIMISTE,NSP,NEUTRE,CONTRE,Responsabilité mixte,Economie: neutre,Feministe: CONTRE féministe,Feministre: NEUTRE féministe,Risque difficile,Vote prov: NSP,Vote fed: NSP,Homme,Non francophones,18-39 ans,Né Canada,Universitaire,Revenus bas
Ind_496,-0.881167,-0.328322,-0.624708,Sou_OUI,POUR,CONTRE,POUR,CONTRE,POUR,POUR,ACCORD,ACCORD,OPTIMISTE,OPTIMISTE,NEUTRE,CONTRE,Responsabilité collective,Economie: privé seulement,Feministre: NEUTRE féministe,Féministe: POUR féministe,Risque facile,PQ,BQ,Femme,Non francophones,18-39 ans,Né Canada,Collégial,Revenus moyens
Ind_497,-1.599093,0.247729,-0.500906,Sou_OUI,POUR,POUR,CONTRE,POUR,POUR,POUR,NEUTRE,ACCORD,PESSIMISTE,PESSIMISTE,NEUTRE,CONTRE,Responsabilité individuelle,Economie: privé seulement,Féministe: POUR féministe,Féministe: POUR féministe,Risque facile,PQ,PLC,Homme,Francophones,18-39 ans,Né Canada,Secondaire,Revenus bas
Ind_498,0.404387,-0.135156,-0.519436,Sou_NON,CONTRE,CONTRE,CONTRE,POUR,CONTRE,CONTRE,NEUTRE,DÉSACCORD,OPTIMISTE,PESSIMISTE,OPTIMISTE,CONTRE,Responsabilité collective,Economie: privé et public,Feministe: CONTRE féministe,Féministe: POUR féministe,Risque difficile,CAQ,PLC,Femme,Francophones,60 ans et plus,Né Canada,Collégial,NSP
Ind_499,-2.568861,0.288062,-0.722471,Sou_OUI,POUR,POUR,CONTRE,POUR,POUR,POUR,NEUTRE,ACCORD,OPTIMISTE,OPTIMISTE,OPTIMISTE,POUR,Responsabilité individuelle,Economie: privé et public,Feministre: NEUTRE féministe,Feministre: NEUTRE féministe,Risque difficile,PQ,BQ,Homme,Francophones,18-39 ans,Né Canada,Universitaire,Revenus élevés
Ind_500,0.82466,-0.850464,0.002586,Sou_NON,CONTRE,POUR,CONTRE,NEUTRE,CONTRE,CONTRE,ACCORD,NEUTRE,PESSIMISTE,PESSIMISTE,NEUTRE,CONTRE,Responsabilité collective,Economie: privé et public,Feministe: CONTRE féministe,Féministe: POUR féministe,Risque difficile,Vote prov: NSP,Vote fed: NSP,Femme,Francophones,40-59 ans,Né Canada,Universitaire,Revenus élevés
Ind_501,1.958057,0.007495,0.486275,Sou_NON,CONTRE,NSP,POUR,CONTRE,CONTRE,CONTRE,ACCORD,NEUTRE,NEUTRE,PESSIMISTE,PESSIMISTE,CONTRE,Responsabilité mixte,Economie: privé et public,Feministre: NEUTRE féministe,Feministre: NEUTRE féministe,Risque facile,NSP,Vote fed: NSP,Femme,Non francophones,40-59 ans,Né Canada,Collégial,NSP
Ind_502,1.684613,0.124673,0.112139,Sou_NON,CONTRE,CONTRE,POUR,CONTRE,CONTRE,CONTRE,NSP,DÉSACCORD,NSP,PESSIMISTE,PESSIMISTE,NEUTRE,Responsabilité mixte,Economie: neutre,Feministe: CONTRE féministe,Féministe: POUR féministe,Risque difficile,QS,PVQ,Homme,Francophones,18-39 ans,Né Canada,Collégial,Revenus moyens
Ind_503,-0.086617,-1.972327,1.212366,Sou_NSP,POUR,CONTRE,NSP,NEUTRE,NEUTRE,POUR,ACCORD,NEUTRE,NSP,PESSIMISTE,NEUTRE,NEUTRE,Responsabilité mixte,Economie: neutre,Féministe: POUR féministe,Féministe: POUR féministe,Risque difficile,QS,Vote fed: NSP,Femme,Francophones,18-39 ans,Né Canada,Collégial,Revenus bas
Ind_504,-2.321706,0.801651,-0.536187,Sou_OUI,POUR,CONTRE,CONTRE,POUR,POUR,POUR,DÉSACCORD,DÉSACCORD,OPTIMISTE,NEUTRE,OPTIMISTE,CONTRE,Responsabilité individuelle,Economie: privé et public,Feministe: CONTRE féministe,Féministe: POUR féministe,Risque difficile,PQ,BQ,Homme,Francophones,40-59 ans,Né Canada,Secondaire,NSP
Ind_505,0.309244,1.529459,0.933101,Sou_NON,POUR,POUR,POUR,CONTRE,POUR,CONTRE,DÉSACCORD,NSP,NEUTRE,PESSIMISTE,NSP,CONTRE,Responsabilité individuelle,Economie: privé seulement,Feministe: CONTRE féministe,Feministre: NEUTRE féministe,Risque difficile,PCQ,PCC,Homme,Francophones,40-59 ans,Né Canada,Collégial,Revenus bas
Ind_506,-0.403065,-1.127906,2.180499,Sou_NSP,NSP,NSP,POUR,NEUTRE,NEUTRE,NEUTRE,DÉSACCORD,NSP,NSP,NSP,NSP,CONTRE,Responsabilité collective,NSP,NSP,Féministe: POUR féministe,NSP,PQ,BQ,Femme,Francophones,60 ans et plus,Né Canada,Secondaire,NSP
Ind_507,1.548039,1.068733,-0.282151,Sou_NON,CONTRE,CONTRE,POUR,NEUTRE,CONTRE,CONTRE,NEUTRE,DÉSACCORD,NSP,PESSIMISTE,PESSIMISTE,CONTRE,Responsabilité individuelle,Economie: privé seulement,NSP,Féministe: POUR féministe,Risque facile,NSP,PLC,Homme,Francophones,60 ans et plus,Né Canada,Universitaire,Revenus moyens
Ind_508,-1.996933,0.787894,0.05404,Sou_OUI,POUR,POUR,POUR,POUR,POUR,POUR,ACCORD,NEUTRE,OPTIMISTE,OPTIMISTE,OPTIMISTE,CONTRE,Responsabilité individuelle,Economie: privé seulement,Feministre: NEUTRE féministe,Feministe: CONTRE féministe,Risque difficile,PQ,NPD,Homme,Francophones,40-59 ans,Né Canada,Collégial,Revenus moyens
Ind_509,1.853619,1.545545,0.311059,Sou_NON,CONTRE,CONTRE,POUR,CONTRE,CONTRE,CONTRE,DÉSACCORD,DÉSACCORD,NEUTRE,PESSIMISTE,NEUTRE,CONTRE,Responsabilité mixte,Economie: privé seulement,Feministe: CONTRE féministe,Feministe: CONTRE féministe,Risque difficile,PCQ,PCC,Homme,Non francophones,40-59 ans,Né Ailleurs,Collégial,Revenus bas
Ind_510,1.58159,-0.43407,-1.16248,Sou_NON,CONTRE,CONTRE,POUR,CONTRE,CONTRE,CONTRE,ACCORD,NEUTRE,OPTIMISTE,PESSIMISTE,OPTIMISTE,NEUTRE,Responsabilité collective,Economie: privé et public,NSP,NSP,Risque difficile,PLQ,PLC,Homme,Non francophones,18-39 ans,Né Canada,Universitaire,Revenus bas
Ind_511,-2.182089,0.647421,0.684332,Sou_OUI,POUR,POUR,CONTRE,POUR,POUR,POUR,DÉSACCORD,NEUTRE,OPTIMISTE,OPTIMISTE,NEUTRE,CONTRE,Responsabilité individuelle,Economie: privé seulement,Feministre: NEUTRE féministe,Feministe: CONTRE féministe,Risque difficile,CAQ,BQ,Femme,Francophones,60 ans et plus,Né Canada,Secondaire,Revenus bas
Ind_512,2.019002,-0.595458,-0.246767,Sou_NON,CONTRE,CONTRE,POUR,CONTRE,CONTRE,NSP,ACCORD,NSP,PESSIMISTE,PESSIMISTE,PESSIMISTE,POUR,NSP,Economie: neutre,Féministe: POUR féministe,Feministre: NEUTRE féministe,Risque facile,PLQ,NPD,Femme,Non francophones,18-39 ans,Né Canada,Collégial,NSP
Ind_513,1.744198,-0.353971,1.134543,Sou_NON,CONTRE,CONTRE,POUR,CONTRE,CONTRE,NEUTRE,NSP,NSP,NSP,PESSIMISTE,NSP,CONTRE,Responsabilité mixte,Economie: neutre,NSP,NSP,Risque facile,NSP,Vote fed: NSP,Femme,Non francophones,40-59 ans,Né Ailleurs,Universitaire,Revenus moyens
Ind_514,-1.557353,1.108975,0.03378,Sou_NSP,POUR,POUR,POUR,POUR,POUR,POUR,NEUTRE,DÉSACCORD,OPTIMISTE,OPTIMISTE,NEUTRE,NEUTRE,Responsabilité individuelle,Economie: neutre,Feministre: NEUTRE féministe,Feministre: NEUTRE féministe,Risque facile,PQ,PLC,Homme,Francophones,40-59 ans,Né Canada,Universitaire,Revenus élevés
Ind_515,-2.467611,1.195364,-0.221769,Sou_OUI,POUR,POUR,CONTRE,POUR,POUR,POUR,DÉSACCORD,DÉSACCORD,NEUTRE,NEUTRE,OPTIMISTE,CONTRE,Responsabilité individuelle,Economie: privé seulement,Feministe: CONTRE féministe,Féministe: POUR féministe,Risque facile,PQ,BQ,Homme,Francophones,18-39 ans,Né Canada,Collégial,Revenus bas
Ind_516,0.516476,1.294707,-0.298641,Sou_NON,CONTRE,POUR,POUR,POUR,CONTRE,CONTRE,NEUTRE,DÉSACCORD,OPTIMISTE,PESSIMISTE,NEUTRE,CONTRE,Responsabilité individuelle,Economie: privé seulement,Feministre: NEUTRE féministe,Féministe: POUR féministe,Risque facile,PCQ,PCC,Homme,Francophones,18-39 ans,Né Canada,Universitaire,Revenus élevés
Ind_517,0.840446,1.402894,0.390081,Sou_NON,CONTRE,POUR,CONTRE,CONTRE,CONTRE,CONTRE,NSP,DÉSACCORD,NEUTRE,PESSIMISTE,NEUTRE,CONTRE,Responsabilité individuelle,Economie: privé et public,Feministre: NEUTRE féministe,Feministre: NEUTRE féministe,Risque difficile,PCQ,PCC,Homme,Francophones,40-59 ans,Né Canada,Collégial,Revenus moyens
Ind_518,-0.943934,-0.953962,0.775987,Sou_NSP,POUR,POUR,POUR,POUR,NEUTRE,NEUTRE,ACCORD,DÉSACCORD,PESSIMISTE,NEUTRE,OPTIMISTE,NEUTRE,Responsabilité mixte,Economie: privé seulement,Féministe: POUR féministe,Féministe: POUR féministe,Risque facile,NSP,Vote fed: NSP,Femme,Francophones,60 ans et plus,Né Canada,Secondaire,Revenus moyens
Ind_519,2.104381,-1.232185,-1.029425,Sou_NON,CONTRE,CONTRE,POUR,NEUTRE,CONTRE,CONTRE,NEUTRE,NEUTRE,NEUTRE,PESSIMISTE,PESSIMISTE,POUR,Responsabilité mixte,Economie: privé et public,Féministe: POUR féministe,Féministe: POUR féministe,Risque difficile,PLQ,PLC,Femme,Non francophones,40-59 ans,Né Canada,Universitaire,Revenus moyens
Ind_520,-2.50735,-1.554142,-0.894535,Sou_OUI,POUR,POUR,CONTRE,POUR,POUR,POUR,NSP,NEUTRE,OPTIMISTE,NSP,OPTIMISTE,POUR,Responsabilité collective,Economie: privé et public,Féministe: POUR féministe,Féministe: POUR féministe,Risque difficile,PQ,BQ,Femme,Francophones,60 ans et plus,Né Canada,Universitaire,Revenus moyens
Ind_521,-0.943981,-0.315532,-0.458741,Sou_OUI,POUR,CONTRE,CONTRE,POUR,NEUTRE,POUR,ACCORD,ACCORD,OPTIMISTE,PESSIMISTE,OPTIMISTE,CONTRE,Responsabilité mixte,Economie: privé et public,Féministe: POUR féministe,Feministre: NEUTRE féministe,Risque facile,PCQ,PCC,Femme,Non francophones,40-59 ans,Né Canada,Collégial,NSP
Ind_522,-2.277837,-0.251418,-0.060955,Sou_OUI,POUR,POUR,CONTRE,POUR,POUR,NEUTRE,ACCORD,NEUTRE,OPTIMISTE,OPTIMISTE,OPTIMISTE,CONTRE,Responsabilité individuelle,Economie: privé et public,Feministre: NEUTRE féministe,Feministre: NEUTRE féministe,Risque difficile,PQ,BQ,Femme,Francophones,18-39 ans,Né Canada,Universitaire,Revenus moyens
Ind_523,-1.423772,0.037807,1.524221,Sou_OUI,NSP,POUR,NSP,POUR,NEUTRE,POUR,DÉSACCORD,DÉSACCORD,NEUTRE,NEUTRE,NSP,NSP,Responsabilité mixte,Economie: neutre,Feministre: NEUTRE féministe,Feministre: NEUTRE féministe,Risque difficile,PQ,BQ,Femme,Francophones,40-59 ans,Né Canada,Collégial,Revenus moyens
Ind_524,-1.748109,0.093281,0.678702,Sou_OUI,POUR,NSP,NSP,POUR,POUR,POUR,DÉSACCORD,NEUTRE,NEUTRE,NSP,OPTIMISTE,NEUTRE,Responsabilité mixte,Economie: neutre,Feministre: NEUTRE féministe,Féministe: POUR féministe,Risque facile,NSP,BQ,Homme,Francophones,60 ans et plus,Né Canada,Secondaire,NSP
Ind_525,1.46018,1.040213,0.628337,Sou_NON,CONTRE,CONTRE,POUR,CONTRE,CONTRE,NEUTRE,DÉSACCORD,DÉSACCORD,PESSIMISTE,PESSIMISTE,PESSIMISTE,CONTRE,Responsabilité collective,Economie: privé seulement,Feministe: CONTRE féministe,Feministe: CONTRE féministe,Risque difficile,Vote prov: NSP,Vote fed: NSP,Homme,Francophones,18-39 ans,Né Canada,Collégial,Revenus bas
Ind_526,0.256237,0.056921,-1.054186,Sou_NON,CONTRE,POUR,POUR,POUR,CONTRE,CONTRE,ACCORD,DÉSACCORD,OPTIMISTE,PESSIMISTE,OPTIMISTE,CONTRE,Responsabilité collective,Economie: privé et public,Féministe: POUR féministe,Féministe: POUR féministe,Risque facile,NSP,PLC,Homme,Francophones,60 ans et plus,Né Canada,Collégial,Revenus bas
Ind_527,0.970311,-0.73157,-0.428947,Sou_NON,CONTRE,CONTRE,POUR,CONTRE,CONTRE,CONTRE,NEUTRE,ACCORD,OPTIMISTE,NSP,OPTIMISTE,NEUTRE,Responsabilité collective,Economie: privé seulement,Féministe: POUR féministe,Féministe: POUR féministe,Risque facile,PCQ,PCC,Femme,Francophones,18-39 ans,Né Canada,Collégial,Revenus moyens
Ind_528,1.493472,-0.44683,-0.641341,Sou_NON,CONTRE,CONTRE,POUR,CONTRE,CONTRE,CONTRE,ACCORD,DÉSACCORD,OPTIMISTE,PESSIMISTE,OPTIMISTE,CONTRE,Responsabilité mixte,Economie: privé et public,Feministre: NEUTRE féministe,Féministe: POUR féministe,Risque difficile,QS,PLC,Femme,Non francophones,18-39 ans,Né Canada,Collégial,Revenus élevés
Ind_529,2.201314,-0.719228,-1.089717,Sou_NON,CONTRE,CONTRE,POUR,NEUTRE,CONTRE,CONTRE,ACCORD,ACCORD,NEUTRE,PESSIMISTE,PESSIMISTE,POUR,Responsabilité individuelle,Economie: privé et public,Feministre: NEUTRE féministe,Féministe: POUR féministe,Risque difficile,PLQ,PLC,Femme,Non francophones,40-59 ans,Né Canada,Universitaire,Revenus bas
Ind_530,-1.236888,-1.252593,-0.25963,Sou_OUI,POUR,POUR,POUR,POUR,POUR,POUR,NEUTRE,NEUTRE,NEUTRE,NSP,NEUTRE,NEUTRE,Responsabilité mixte,Economie: privé et public,Féministe: POUR féministe,Féministe: POUR féministe,Risque facile,Vote prov: NSP,PVQ,Femme,Francophones,40-59 ans,Né Canada,Universitaire,Revenus moyens
Ind_531,-1.257466,-1.208535,0.761881,Sou_NON,POUR,POUR,POUR,POUR,NEUTRE,NEUTRE,ACCORD,NSP,OPTIMISTE,NEUTRE,OPTIMISTE,CONTRE,Responsabilité mixte,Economie: neutre,Féministe: POUR féministe,Féministe: POUR féministe,Risque difficile,PQ,BQ,Femme,Francophones,60 ans et plus,Né Canada,Secondaire,NSP
Ind_532,-2.653838,-0.901321,-1.010022,Sou_OUI,POUR,POUR,CONTRE,POUR,POUR,POUR,ACCORD,DÉSACCORD,OPTIMISTE,NEUTRE,OPTIMISTE,NEUTRE,Responsabilité collective,Economie: privé et public,Féministe: POUR féministe,Féministe: POUR féministe,Risque difficile,PQ,BQ,Homme,Francophones,18-39 ans,Né Canada,Collégial,NSP
Ind_533,0.127925,1.276221,-0.125256,Sou_NON,CONTRE,POUR,POUR,CONTRE,POUR,CONTRE,DÉSACCORD,DÉSACCORD,NEUTRE,OPTIMISTE,NEUTRE,CONTRE,Responsabilité individuelle,Economie: neutre,Feministre: NEUTRE féministe,Féministe: POUR féministe,Risque facile,PQ,PCC,Homme,Francophones,18-39 ans,Né Canada,Universitaire,Revenus élevés
Ind_534,1.300776,0.594696,1.059322,Sou_NON,CONTRE,CONTRE,POUR,POUR,CONTRE,CONTRE,DÉSACCORD,DÉSACCORD,NEUTRE,PESSIMISTE,NEUTRE,NEUTRE,Responsabilité individuelle,Economie: neutre,Feministre: NEUTRE féministe,Feministre: NEUTRE féministe,Risque difficile,NSP,Vote fed: NSP,Femme,Francophones,40-59 ans,Né Canada,Collégial,Revenus bas
Ind_535,-1.281762,1.240536,1.557774,Sou_NSP,POUR,POUR,POUR,NEUTRE,POUR,NEUTRE,NEUTRE,DÉSACCORD,OPTIMISTE,NEUTRE,OPTIMISTE,CONTRE,Responsabilité individuelle,Economie: neutre,Feministre: NEUTRE féministe,Feministre: NEUTRE féministe,Risque facile,NSP,Vote fed: NSP,Homme,Francophones,60 ans et plus,Né Canada,Collégial,Revenus bas
Ind_536,1.251095,-0.002392,0.10773,Sou_NON,CONTRE,CONTRE,POUR,POUR,NEUTRE,CONTRE,NEUTRE,NEUTRE,NEUTRE,PESSIMISTE,NEUTRE,POUR,Responsabilité individuelle,Economie: neutre,Féministe: POUR féministe,Feministre: NEUTRE féministe,Risque facile,PLQ,PLC,Femme,Francophones,60 ans et plus,Né Canada,Collégial,Revenus bas
Ind_537,0.257211,0.813247,-0.805094,Sou_NON,CONTRE,CONTRE,POUR,POUR,CONTRE,NEUTRE,ACCORD,DÉSACCORD,OPTIMISTE,PESSIMISTE,OPTIMISTE,CONTRE,Responsabilité individuelle,Economie: privé seulement,Feministe: CONTRE féministe,Féministe: POUR féministe,Risque facile,PQ,NPD,Homme,Francophones,18-39 ans,Né Canada,Universitaire,Revenus moyens
Ind_538,1.428584,-1.087284,-0.542819,Sou_NON,CONTRE,CONTRE,POUR,NEUTRE,NSP,CONTRE,ACCORD,DÉSACCORD,PESSIMISTE,PESSIMISTE,PESSIMISTE,POUR,Responsabilité collective,Economie: privé et public,Féministe: POUR féministe,Féministe: POUR féministe,Risque facile,NSP,NPD,Femme,Francophones,18-39 ans,Né Canada,Collégial,Revenus bas
Ind_539,-2.021714,0.470528,1.42278,Sou_NSP,POUR,POUR,CONTRE,POUR,NEUTRE,NEUTRE,NEUTRE,NEUTRE,OPTIMISTE,NEUTRE,OPTIMISTE,CONTRE,Responsabilité mixte,Economie: neutre,Feministre: NEUTRE féministe,Feministre: NEUTRE féministe,Risque difficile,PQ,BQ,Homme,Francophones,60 ans et plus,Né Canada,Collégial,Revenus bas
Ind_540,-0.507001,0.674126,-0.169812,Sou_OUI,CONTRE,POUR,CONTRE,NEUTRE,POUR,CONTRE,DÉSACCORD,DÉSACCORD,OPTIMISTE,PESSIMISTE,OPTIMISTE,CONTRE,Responsabilité individuelle,Economie: privé et public,Feministe: CONTRE féministe,Feministre: NEUTRE féministe,Risque difficile,CAQ,PCC,Femme,Non francophones,18-39 ans,Né Canada,Universitaire,Revenus moyens
Ind_541,-0.052932,-0.578028,2.205549,Sou_NON,NSP,NSP,NSP,NEUTRE,NEUTRE,NEUTRE,NEUTRE,NEUTRE,PESSIMISTE,NEUTRE,NSP,CONTRE,Responsabilité collective,Economie: neutre,NSP,NSP,Risque facile,CAQ,BQ,Femme,Francophones,40-59 ans,Né Canada,Collégial,Revenus bas
Ind_542,-1.603179,0.345477,-0.283988,Sou_OUI,CONTRE,POUR,POUR,POUR,POUR,POUR,NEUTRE,ACCORD,OPTIMISTE,OPTIMISTE,OPTIMISTE,NEUTRE,Responsabilité individuelle,Economie: neutre,Féministe: POUR féministe,NSP,Risque facile,CAQ,BQ,Homme,Francophones,60 ans et plus,Né Canada,Collégial,Revenus moyens
Ind_543,-0.698675,1.252736,0.00683,Sou_NON,CONTRE,POUR,POUR,POUR,NEUTRE,POUR,NEUTRE,DÉSACCORD,OPTIMISTE,NEUTRE,OPTIMISTE,CONTRE,Responsabilité individuelle,Economie: privé seulement,Feministre: NEUTRE féministe,Féministe: POUR féministe,Risque facile,CAQ,PLC,Homme,Francophones,60 ans et plus,Né Canada,Secondaire,Revenus moyens
Ind_544,0.126056,-1.265179,0.694692,Sou_NON,CONTRE,NSP,POUR,POUR,NEUTRE,NSP,ACCORD,DÉSACCORD,OPTIMISTE,NSP,NEUTRE,CONTRE,Responsabilité collective,Economie: neutre,Féministe: POUR féministe,Féministe: POUR féministe,Risque difficile,QS,PVQ,Femme,Francophones,40-59 ans,Né Canada,Collégial,Revenus moyens
Ind_545,-2.707478,0.953243,-0.603882,Sou_OUI,POUR,POUR,CONTRE,POUR,POUR,POUR,DÉSACCORD,DÉSACCORD,OPTIMISTE,NEUTRE,OPTIMISTE,POUR,Responsabilité individuelle,Economie: privé seulement,Feministe: CONTRE féministe,Féministe: POUR féministe,Risque facile,PQ,BQ,Homme,Francophones,18-39 ans,Né Canada,Secondaire,Revenus bas
Ind_546,1.471761,1.138343,1.005046,Sou_NON,CONTRE,CONTRE,POUR,NEUTRE,CONTRE,CONTRE,NSP,DÉSACCORD,NEUTRE,PESSIMISTE,NEUTRE,CONTRE,Responsabilité mixte,Economie: neutre,Feministre: NEUTRE féministe,Feministre: NEUTRE féministe,Risque difficile,CAQ,PLC,Homme,Francophones,60 ans et plus,Né Canada,Collégial,Revenus bas
Ind_547,-1.911401,-0.217177,1.00399,Sou_OUI,POUR,POUR,POUR,POUR,POUR,NEUTRE,NEUTRE,NEUTRE,OPTIMISTE,NEUTRE,OPTIMISTE,NEUTRE,Responsabilité mixte,Economie: neutre,Feministre: NEUTRE féministe,Feministre: NEUTRE féministe,Risque difficile,PQ,BQ,Femme,Francophones,60 ans et plus,Né Canada,Collégial,Revenus moyens
Ind_548,-2.456054,0.106354,-0.039616,Sou_OUI,POUR,POUR,CONTRE,POUR,POUR,POUR,ACCORD,ACCORD,OPTIMISTE,OPTIMISTE,OPTIMISTE,CONTRE,Responsabilité individuelle,Economie: neutre,Feministre: NEUTRE féministe,Feministre: NEUTRE féministe,Risque difficile,PQ,BQ,Femme,Francophones,40-59 ans,Né Canada,Universitaire,Revenus moyens
Ind_549,-1.493414,-0.23447,1.152691,Sou_OUI,POUR,POUR,NSP,NSP,POUR,POUR,NSP,DÉSACCORD,NSP,PESSIMISTE,OPTIMISTE,CONTRE,Responsabilité mixte,Economie: privé et public,Feministre: NEUTRE féministe,NSP,Risque difficile,PQ,Vote fed: NSP,Femme,Francophones,60 ans et plus,Né Canada,Collégial,NSP
Ind_550,-2.710862,-0.567239,-0.597132,Sou_OUI,POUR,POUR,CONTRE,POUR,POUR,POUR,DÉSACCORD,DÉSACCORD,OPTIMISTE,OPTIMISTE,OPTIMISTE,NEUTRE,Responsabilité individuelle,Economie: privé et public,Féministe: POUR féministe,Féministe: POUR féministe,Risque difficile,PQ,BQ,Femme,Francophones,60 ans et plus,Né Canada,Collégial,NSP
Ind_551,0.783318,0.577303,0.749507,Sou_NON,CONTRE,POUR,POUR,POUR,CONTRE,CONTRE,NEUTRE,ACCORD,PESSIMISTE,PESSIMISTE,NEUTRE,CONTRE,Responsabilité mixte,Economie: privé et public,Feministe: CONTRE féministe,Feministre: NEUTRE féministe,Risque difficile,NSP,Vote fed: NSP,Homme,Francophones,60 ans et plus,Né Canada,Secondaire,Revenus bas
Ind_552,1.724006,0.518208,0.013833,Sou_NON,CONTRE,CONTRE,POUR,CONTRE,CONTRE,CONTRE,DÉSACCORD,NEUTRE,NEUTRE,OPTIMISTE,PESSIMISTE,CONTRE,Responsabilité individuelle,Economie: neutre,Feministe: CONTRE féministe,Feministre: NEUTRE féministe,Risque difficile,PLQ,PLC,Femme,Francophones,18-39 ans,Né Canada,Universitaire,Revenus moyens
Ind_553,-0.19922,0.348519,1.387009,Sou_NON,CONTRE,POUR,POUR,POUR,POUR,NEUTRE,NEUTRE,DÉSACCORD,NEUTRE,PESSIMISTE,OPTIMISTE,CONTRE,Responsabilité mixte,Economie: neutre,Feministre: NEUTRE féministe,Feministre: NEUTRE féministe,Risque difficile,PQ,Vote fed: NSP,Femme,Francophones,40-59 ans,Né Canada,Collégial,Revenus élevés
Ind_554,-1.139486,0.103775,-0.209405,Sou_NON,NSP,POUR,CONTRE,NEUTRE,POUR,POUR,DÉSACCORD,ACCORD,NEUTRE,OPTIMISTE,OPTIMISTE,CONTRE,Responsabilité individuelle,Economie: privé et public,Feministe: CONTRE féministe,Féministe: POUR féministe,Risque facile,PQ,PLC,Femme,Francophones,60 ans et plus,Né Canada,Collégial,Revenus moyens
Ind_555,1.978548,-0.246217,0.021278,Sou_NON,CONTRE,CONTRE,POUR,CONTRE,CONTRE,NSP,ACCORD,ACCORD,NEUTRE,PESSIMISTE,NEUTRE,CONTRE,Responsabilité mixte,Economie: privé et public,Feministe: CONTRE féministe,Feministre: NEUTRE féministe,Risque difficile,PLQ,PLC,Femme,Non francophones,40-59 ans,Né Canada,Secondaire,Revenus bas
Ind_556,0.230571,0.559668,-1.242455,Sou_NON,CONTRE,CONTRE,POUR,POUR,POUR,POUR,ACCORD,NEUTRE,OPTIMISTE,PESSIMISTE,NEUTRE,CONTRE,Responsabilité individuelle,Economie: privé et public,Féministe: POUR féministe,Feministre: NEUTRE féministe,Risque facile,PLQ,PLC,Homme,Francophones,60 ans et plus,Né Canada,Universitaire,Revenus élevés
Ind_557,-2.048689,-0.307422,-1.158987,Sou_OUI,POUR,POUR,CONTRE,POUR,POUR,NEUTRE,DÉSACCORD,DÉSACCORD,OPTIMISTE,OPTIMISTE,OPTIMISTE,CONTRE,Responsabilité individuelle,Economie: privé et public,Féministe: POUR féministe,Féministe: POUR féministe,Risque facile,PQ,PLC,Femme,Non francophones,18-39 ans,Né Canada,Universitaire,Revenus moyens
Ind_558,-1.618215,-0.412471,1.062378,Sou_OUI,POUR,POUR,NSP,POUR,NSP,NSP,NEUTRE,ACCORD,OPTIMISTE,NSP,OPTIMISTE,NEUTRE,Responsabilité mixte,NSP,Feministre: NEUTRE féministe,Feministre: NEUTRE féministe,Risque facile,QS,BQ,Femme,Francophones,60 ans et plus,Né Canada,Collégial,NSP
Ind_559,-0.178552,0.309389,0.583545,Sou_NON,CONTRE,CONTRE,POUR,POUR,NEUTRE,POUR,DÉSACCORD,DÉSACCORD,NEUTRE,OPTIMISTE,OPTIMISTE,CONTRE,Responsabilité individuelle,Economie: neutre,Féministe: POUR féministe,Feministre: NEUTRE féministe,Risque difficile,PCQ,BQ,Femme,Francophones,18-39 ans,Né Canada,Collégial,Revenus moyens
Ind_560,1.801316,0.768183,0.410894,Sou_NON,CONTRE,CONTRE,POUR,CONTRE,CONTRE,CONTRE,NSP,NSP,PESSIMISTE,PESSIMISTE,NSP,CONTRE,NSP,NSP,NSP,Feministe: CONTRE féministe,Risque facile,PLQ,PLC,Homme,Francophones,40-59 ans,Né Canada,Collégial,Revenus bas
Ind_561,1.958955,2.309236,-0.270786,Sou_NON,CONTRE,CONTRE,POUR,CONTRE,CONTRE,CONTRE,DÉSACCORD,DÉSACCORD,PESSIMISTE,PESSIMISTE,PESSIMISTE,CONTRE,Responsabilité individuelle,Economie: privé seulement,Feministe: CONTRE féministe,Feministre: NEUTRE féministe,Risque facile,Vote prov: NSP,PCC,Homme,Non francophones,40-59 ans,Né Ailleurs,Collégial,Revenus moyens
Ind_562,-0.249834,-0.813419,0.568379,Sou_NSP,NSP,NSP,POUR,POUR,NSP,CONTRE,NEUTRE,DÉSACCORD,OPTIMISTE,PESSIMISTE,PESSIMISTE,CONTRE,Responsabilité collective,Economie: neutre,Féministe: POUR féministe,Féministe: POUR féministe,Risque difficile,PQ,BQ,Femme,Francophones,60 ans et plus,Né Ailleurs,Secondaire,Revenus bas
Ind_563,-2.773532,1.341574,-0.564483,Sou_OUI,POUR,POUR,CONTRE,POUR,POUR,POUR,DÉSACCORD,DÉSACCORD,OPTIMISTE,OPTIMISTE,OPTIMISTE,CONTRE,Responsabilité collective,Economie: privé et public,Feministe: CONTRE féministe,Feministre: NEUTRE féministe,Risque facile,PQ,BQ,Homme,Francophones,40-59 ans,Né Canada,Collégial,Revenus moyens
Ind_564,1.879697,-1.204573,-0.80469,Sou_NON,CONTRE,CONTRE,POUR,CONTRE,CONTRE,CONTRE,ACCORD,ACCORD,NEUTRE,PESSIMISTE,NEUTRE,NEUTRE,Responsabilité individuelle,Economie: privé et public,Féministe: POUR féministe,Féministe: POUR féministe,Risque difficile,QS,PLC,Femme,Francophones,40-59 ans,Né Canada,Collégial,Revenus élevés
Ind_565,-1.619034,-1.209682,-0.038356,Sou_NSP,POUR,POUR,POUR,POUR,POUR,POUR,ACCORD,NSP,OPTIMISTE,NSP,OPTIMISTE,CONTRE,Responsabilité mixte,Economie: neutre,Féministe: POUR féministe,Féministe: POUR féministe,Risque facile,PQ,PLC,Femme,Francophones,18-39 ans,Né Canada,Universitaire,Revenus bas
Ind_566,1.689828,-1.316435,-0.801157,Sou_NON,CONTRE,CONTRE,POUR,CONTRE,CONTRE,CONTRE,NSP,NSP,OPTIMISTE,PESSIMISTE,NSP,CONTRE,Responsabilité collective,Economie: privé et public,Féministe: POUR féministe,Féministe: POUR féministe,Risque difficile,PLQ,NPD,Femme,Non francophones,18-39 ans,Né Canada,Universitaire,Revenus élevés
Ind_567,-1.616392,-0.760945,0.301994,Sou_OUI,CONTRE,POUR,CONTRE,POUR,POUR,POUR,NEUTRE,NEUTRE,OPTIMISTE,NEUTRE,OPTIMISTE,CONTRE,Responsabilité individuelle,Economie: neutre,Féministe: POUR féministe,Féministe: POUR féministe,Risque difficile,NSP,PCC,Femme,Francophones,18-39 ans,Né Canada,Collégial,Revenus moyens
Ind_568,1.876006,-0.853597,-0.449159,Sou_NON,CONTRE,CONTRE,POUR,CONTRE,CONTRE,CONTRE,ACCORD,NEUTRE,PESSIMISTE,PESSIMISTE,PESSIMISTE,CONTRE,Responsabilité mixte,Economie: privé et public,Féministe: POUR féministe,Féministe: POUR féministe,Risque difficile,CAQ,PLC,Femme,Francophones,60 ans et plus,Né Canada,Collégial,Revenus bas
Ind_569,-1.686245,-0.755073,0.136348,Sou_NSP,POUR,POUR,CONTRE,POUR,POUR,NEUTRE,NEUTRE,DÉSACCORD,NEUTRE,NEUTRE,OPTIMISTE,NEUTRE,Responsabilité mixte,Economie: privé et public,Féministe: POUR féministe,Féministe: POUR féministe,NSP,NSP,Vote fed: NSP,Homme,Francophones,60 ans et plus,Né Canada,Universitaire,NSP
Ind_570,1.626939,0.018565,-0.150451,Sou_NON,CONTRE,CONTRE,POUR,CONTRE,CONTRE,CONTRE,ACCORD,ACCORD,OPTIMISTE,PESSIMISTE,NEUTRE,CONTRE,Responsabilité individuelle,Economie: privé et public,Feministe: CONTRE féministe,Feministe: CONTRE féministe,Risque difficile,PLQ,PVQ,Femme,Francophones,40-59 ans,Né Canada,Collégial,Revenus bas
Ind_571,-1.697821,2.040919,-0.052355,Sou_OUI,POUR,POUR,CONTRE,CONTRE,POUR,POUR,DÉSACCORD,DÉSACCORD,NEUTRE,NEUTRE,OPTIMISTE,CONTRE,Responsabilité individuelle,Economie: privé seulement,Feministre: NEUTRE féministe,Feministre: NEUTRE féministe,Risque facile,CAQ,PCC,Homme,Francophones,60 ans et plus,Né Canada,Universitaire,Revenus élevés
Ind_572,1.386545,1.126364,-0.149912,Sou_NON,CONTRE,CONTRE,POUR,POUR,CONTRE,CONTRE,DÉSACCORD,DÉSACCORD,NEUTRE,PESSIMISTE,PESSIMISTE,CONTRE,Responsabilité collective,Economie: privé et public,Feministe: CONTRE féministe,Feministre: NEUTRE féministe,Risque difficile,NSP,PLC,Homme,Francophones,40-59 ans,Né Canada,Collégial,Revenus bas
Ind_573,0.003327,0.566446,1.473548,Sou_NSP,CONTRE,POUR,POUR,NEUTRE,NEUTRE,POUR,DÉSACCORD,DÉSACCORD,PESSIMISTE,PESSIMISTE,NEUTRE,CONTRE,Responsabilité mixte,Economie: privé seulement,Feministe: CONTRE féministe,Feministre: NEUTRE féministe,Risque difficile,PQ,PLC,Femme,Francophones,60 ans et plus,Né Canada,Collégial,Revenus bas
Ind_574,-2.757691,1.339412,-0.555861,Sou_OUI,POUR,POUR,CONTRE,POUR,POUR,POUR,DÉSACCORD,DÉSACCORD,OPTIMISTE,OPTIMISTE,OPTIMISTE,CONTRE,Responsabilité collective,Economie: privé et public,Feministe: CONTRE féministe,Feministre: NEUTRE féministe,Risque facile,PQ,BQ,Homme,Francophones,40-59 ans,Né Canada,Collégial,Revenus élevés
Ind_575,1.923036,0.068083,0.359697,Sou_NON,CONTRE,CONTRE,POUR,CONTRE,CONTRE,CONTRE,NEUTRE,NSP,NEUTRE,PESSIMISTE,PESSIMISTE,NEUTRE,Responsabilité collective,Economie: privé et public,Feministre: NEUTRE féministe,Feministre: NEUTRE féministe,Risque difficile,PCQ,PCC,Femme,Francophones,40-59 ans,Né Canada,Collégial,Revenus bas
Ind_576,1.814509,0.168297,0.222714,Sou_NON,CONTRE,CONTRE,POUR,CONTRE,CONTRE,CONTRE,NSP,NSP,NEUTRE,PESSIMISTE,OPTIMISTE,CONTRE,Responsabilité mixte,Economie: privé et public,Feministre: NEUTRE féministe,Feministre: NEUTRE féministe,Risque difficile,PLQ,PLC,Femme,Non francophones,60 ans et plus,Né Canada,Secondaire,Revenus bas
Ind_577,1.096077,1.085409,-0.242336,Sou_NON,CONTRE,CONTRE,POUR,POUR,CONTRE,CONTRE,DÉSACCORD,ACCORD,OPTIMISTE,PESSIMISTE,PESSIMISTE,CONTRE,Responsabilité individuelle,Economie: neutre,Féministe: POUR féministe,Feministre: NEUTRE féministe,Risque facile,NSP,PCC,Homme,Francophones,18-39 ans,Né Canada,Collégial,Revenus élevés
Ind_578,1.851561,-0.375949,-0.397876,Sou_NON,CONTRE,CONTRE,POUR,CONTRE,CONTRE,CONTRE,ACCORD,ACCORD,PESSIMISTE,PESSIMISTE,NSP,CONTRE,Responsabilité collective,Economie: privé et public,Feministe: CONTRE féministe,Féministe: POUR féministe,Risque difficile,Vote prov: NSP,Vote fed: NSP,Homme,Non francophones,18-39 ans,Né Canada,Secondaire,NSP
Ind_579,1.295455,1.547857,-0.668597,Sou_NON,CONTRE,CONTRE,POUR,POUR,CONTRE,CONTRE,DÉSACCORD,DÉSACCORD,NEUTRE,PESSIMISTE,PESSIMISTE,CONTRE,Responsabilité individuelle,Economie: privé et public,Feministe: CONTRE féministe,Féministe: POUR féministe,Risque facile,PCQ,PCC,Homme,Francophones,40-59 ans,Né Canada,Collégial,Revenus élevés
Ind_580,1.876444,-0.691573,-0.859621,Sou_NON,CONTRE,CONTRE,POUR,POUR,CONTRE,CONTRE,NEUTRE,ACCORD,NEUTRE,PESSIMISTE,PESSIMISTE,NEUTRE,Responsabilité individuelle,Economie: neutre,Féministe: POUR féministe,Féministe: POUR féministe,Risque facile,PLQ,PLC,Femme,Non francophones,18-39 ans,Né Canada,Collégial,NSP
Ind_581,-2.677774,-0.504155,-1.46454,Sou_OUI,POUR,POUR,CONTRE,POUR,POUR,POUR,NEUTRE,NEUTRE,OPTIMISTE,NEUTRE,OPTIMISTE,NEUTRE,Responsabilité collective,Economie: privé et public,Féministe: POUR féministe,Féministe: POUR féministe,Risque facile,PQ,BQ,Homme,Francophones,60 ans et plus,Né Ailleurs,Universitaire,Revenus moyens
Ind_582,-2.72841,-0.24552,-0.975271,Sou_OUI,POUR,POUR,CONTRE,POUR,POUR,POUR,DÉSACCORD,DÉSACCORD,OPTIMISTE,OPTIMISTE,OPTIMISTE,POUR,Responsabilité individuelle,Economie: privé et public,Féministe: POUR féministe,Féministe: POUR féministe,Risque facile,PQ,BQ,Femme,Francophones,60 ans et plus,Né Canada,Collégial,NSP
Ind_583,-1.254762,0.016059,-1.009144,Sou_OUI,POUR,POUR,POUR,POUR,POUR,POUR,ACCORD,ACCORD,NEUTRE,PESSIMISTE,OPTIMISTE,CONTRE,Responsabilité individuelle,Economie: privé seulement,Féministe: POUR féministe,Féministe: POUR féministe,Risque facile,PCQ,NPD,Homme,Francophones,18-39 ans,Né Canada,Universitaire,Revenus moyens
Ind_584,-0.068305,-1.088458,3.339972,Sou_NSP,NSP,NSP,NSP,NEUTRE,NEUTRE,NEUTRE,NSP,NSP,NSP,NSP,NSP,CONTRE,Responsabilité mixte,Economie: neutre,NSP,NSP,Risque facile,NSP,Vote fed: NSP,Femme,Francophones,40-59 ans,Né Canada,Secondaire,NSP
Ind_585,-2.842457,0.083791,-1.252128,Sou_OUI,POUR,POUR,CONTRE,POUR,POUR,POUR,DÉSACCORD,DÉSACCORD,OPTIMISTE,OPTIMISTE,OPTIMISTE,POUR,Responsabilité collective,Economie: privé et public,Féministe: POUR féministe,Féministe: POUR féministe,Risque facile,PQ,BQ,Homme,Francophones,40-59 ans,Né Canada,Secondaire,Revenus bas
Ind_586,0.727581,0.064297,0.85658,Sou_NON,CONTRE,POUR,POUR,POUR,CONTRE,CONTRE,NEUTRE,NEUTRE,OPTIMISTE,PESSIMISTE,NEUTRE,CONTRE,Responsabilité mixte,NSP,Feministe: CONTRE féministe,Feministe: CONTRE féministe,Risque facile,Vote prov: NSP,Vote fed: NSP,Femme,Francophones,18-39 ans,Né Ailleurs,Collégial,Revenus bas
Ind_587,2.279277,-0.194747,-1.204423,Sou_NON,CONTRE,CONTRE,POUR,CONTRE,CONTRE,CONTRE,ACCORD,NSP,NEUTRE,PESSIMISTE,PESSIMISTE,CONTRE,Responsabilité individuelle,Economie: privé seulement,Féministe: POUR féministe,Féministe: POUR féministe,Risque facile,PLQ,PLC,Femme,Non francophones,40-59 ans,Né Canada,Universitaire,Revenus élevés
Ind_588,-2.693084,0.000881,-0.076637,Sou_OUI,POUR,POUR,CONTRE,POUR,POUR,POUR,DÉSACCORD,DÉSACCORD,OPTIMISTE,OPTIMISTE,OPTIMISTE,CONTRE,Responsabilité mixte,Economie: privé et public,Féministe: POUR féministe,Feministre: NEUTRE féministe,Risque difficile,PQ,BQ,Femme,Francophones,40-59 ans,Né Canada,Collégial,Revenus moyens
Ind_589,-2.499989,0.42374,-0.356145,Sou_OUI,POUR,POUR,CONTRE,POUR,POUR,POUR,DÉSACCORD,DÉSACCORD,NEUTRE,OPTIMISTE,OPTIMISTE,CONTRE,Responsabilité collective,Economie: neutre,Feministre: NEUTRE féministe,Féministe: POUR féministe,Risque difficile,PQ,BQ,Homme,Francophones,18-39 ans,Né Canada,Universitaire,Revenus moyens
Ind_590,0.018553,0.465777,1.194559,Sou_NON,CONTRE,POUR,POUR,CONTRE,NEUTRE,POUR,NEUTRE,DÉSACCORD,NEUTRE,NSP,NEUTRE,CONTRE,Responsabilité mixte,Economie: neutre,Feministre: NEUTRE féministe,Féministe: POUR féministe,Risque difficile,CAQ,BQ,Homme,Francophones,60 ans et plus,Né Canada,Secondaire,Revenus bas
Ind_591,1.776967,0.990399,0.440037,Sou_NON,CONTRE,CONTRE,POUR,CONTRE,CONTRE,CONTRE,DÉSACCORD,DÉSACCORD,NSP,PESSIMISTE,PESSIMISTE,CONTRE,Responsabilité mixte,Economie: neutre,Feministre: NEUTRE féministe,Feministe: CONTRE féministe,Risque facile,NSP,PLC,Femme,Francophones,60 ans et plus,Né Canada,Collégial,Revenus moyens
Ind_592,1.064891,0.165628,-0.508276,Sou_NON,CONTRE,CONTRE,POUR,POUR,NEUTRE,CONTRE,DÉSACCORD,DÉSACCORD,PESSIMISTE,PESSIMISTE,PESSIMISTE,POUR,Responsabilité mixte,Economie: privé et public,Féministe: POUR féministe,Féministe: POUR féministe,Risque difficile,PCQ,PCC,Homme,Francophones,40-59 ans,Né Canada,Collégial,Revenus élevés
Ind_593,-2.376084,-0.439201,-0.938217,Sou_OUI,POUR,POUR,CONTRE,POUR,POUR,POUR,ACCORD,DÉSACCORD,NEUTRE,OPTIMISTE,OPTIMISTE,CONTRE,Responsabilité collective,Economie: privé seulement,Féministe: POUR féministe,Féministe: POUR féministe,Risque facile,PQ,BQ,Femme,Francophones,40-59 ans,Né Canada,Universitaire,Revenus moyens
Ind_594,-1.8e-05,0.274114,-0.00315,Sou_NON,CONTRE,POUR,CONTRE,POUR,CONTRE,NEUTRE,NEUTRE,DÉSACCORD,NEUTRE,PESSIMISTE,OPTIMISTE,NEUTRE,Responsabilité individuelle,Economie: privé et public,Feministre: NEUTRE féministe,Féministe: POUR féministe,Risque difficile,NSP,PLC,Homme,Francophones,60 ans et plus,Né Canada,Collégial,Revenus bas
Ind_595,-0.004358,-0.579928,-0.640032,Sou_NON,CONTRE,POUR,POUR,CONTRE,POUR,CONTRE,DÉSACCORD,ACCORD,PESSIMISTE,NEUTRE,OPTIMISTE,CONTRE,Responsabilité mixte,Economie: privé et public,Féministe: POUR féministe,Féministe: POUR féministe,Risque facile,QS,BQ,Femme,Francophones,40-59 ans,Né Canada,Universitaire,Revenus élevés
Ind_596,0.514074,0.001866,-0.053798,Sou_NON,CONTRE,POUR,POUR,CONTRE,CONTRE,CONTRE,ACCORD,ACCORD,OPTIMISTE,PESSIMISTE,OPTIMISTE,CONTRE,Responsabilité individuelle,Economie: privé et public,Feministe: CONTRE féministe,Feministre: NEUTRE féministe,Risque difficile,PQ,BQ,Femme,Francophones,18-39 ans,Né Canada,Collégial,Revenus bas
Ind_597,0.109382,1.559509,-0.122246,Sou_NSP,CONTRE,POUR,POUR,POUR,CONTRE,CONTRE,DÉSACCORD,DÉSACCORD,OPTIMISTE,PESSIMISTE,OPTIMISTE,CONTRE,Responsabilité individuelle,Economie: privé seulement,Feministre: NEUTRE féministe,Féministe: POUR féministe,Risque facile,CAQ,PCC,Homme,Non francophones,40-59 ans,Né Canada,Collégial,Revenus bas
Ind_598,0.564214,-0.547672,0.561757,Sou_NSP,CONTRE,POUR,POUR,NEUTRE,NEUTRE,NEUTRE,NEUTRE,NEUTRE,PESSIMISTE,PESSIMISTE,NEUTRE,NEUTRE,Responsabilité collective,Economie: privé seulement,Feministre: NEUTRE féministe,Féministe: POUR féministe,Risque difficile,PLQ,PLC,Homme,Francophones,18-39 ans,Né Canada,Universitaire,Revenus moyens
Ind_599,1.94628,-1.231917,-0.272286,Sou_NON,CONTRE,CONTRE,POUR,NEUTRE,CONTRE,CONTRE,ACCORD,NEUTRE,NEUTRE,PESSIMISTE,PESSIMISTE,POUR,Responsabilité mixte,NSP,Féministe: POUR féministe,Féministe: POUR féministe,Risque difficile,PLQ,PLC,Femme,Francophones,40-59 ans,Né Canada,Secondaire,Revenus bas
Ind_600,-2.234842,0.633427,0.1657,Sou_OUI,POUR,POUR,CONTRE,NEUTRE,POUR,NEUTRE,ACCORD,DÉSACCORD,OPTIMISTE,NEUTRE,OPTIMISTE,NEUTRE,Responsabilité mixte,Economie: privé et public,Feministre: NEUTRE féministe,Feministre: NEUTRE féministe,Risque facile,PQ,BQ,Homme,Francophones,60 ans et plus,Né Canada,Collégial,Revenus bas
Ind_601,0.66001,-0.699724,0.373539,Sou_NON,CONTRE,NSP,NSP,CONTRE,POUR,POUR,ACCORD,NSP,NEUTRE,PESSIMISTE,NSP,NEUTRE,Responsabilité mixte,Economie: privé seulement,Feministe: CONTRE féministe,Féministe: POUR féministe,Risque facile,PCQ,PLC,Femme,Francophones,18-39 ans,Né Canada,Collégial,Revenus élevés
Ind_602,1.130286,1.759776,0.538777,Sou_NON,CONTRE,CONTRE,POUR,POUR,CONTRE,CONTRE,DÉSACCORD,DÉSACCORD,PESSIMISTE,PESSIMISTE,NEUTRE,CONTRE,Responsabilité individuelle,NSP,Feministe: CONTRE féministe,Feministre: NEUTRE féministe,Risque difficile,CAQ,PCC,Homme,Francophones,40-59 ans,Né Canada,Secondaire,Revenus bas
Ind_603,1.680834,-1.651867,-0.310767,Sou_NON,CONTRE,CONTRE,POUR,CONTRE,CONTRE,NEUTRE,ACCORD,ACCORD,NEUTRE,NSP,PESSIMISTE,POUR,Responsabilité mixte,Economie: privé et public,Féministe: POUR féministe,Féministe: POUR féministe,Risque facile,NSP,Vote fed: NSP,Femme,Non francophones,18-39 ans,Né Canada,Collégial,NSP
Ind_604,1.081465,0.444215,0.285451,Sou_NON,CONTRE,CONTRE,CONTRE,NEUTRE,CONTRE,CONTRE,ACCORD,NEUTRE,OPTIMISTE,PESSIMISTE,PESSIMISTE,CONTRE,Responsabilité individuelle,Economie: privé et public,Feministre: NEUTRE féministe,Feministre: NEUTRE féministe,Risque facile,NSP,Vote fed: NSP,Femme,Francophones,60 ans et plus,Né Canada,Secondaire,NSP
Ind_605,0.180464,0.851261,-0.641084,Sou_NON,CONTRE,POUR,POUR,POUR,POUR,CONTRE,NEUTRE,DÉSACCORD,OPTIMISTE,PESSIMISTE,PESSIMISTE,CONTRE,Responsabilité collective,Economie: privé et public,Feministe: CONTRE féministe,Féministe: POUR féministe,Risque facile,PCQ,PCC,Homme,Francophones,18-39 ans,Né Canada,Secondaire,Revenus moyens
Ind_606,1.0109,-0.526251,-0.364151,Sou_NON,CONTRE,POUR,POUR,POUR,CONTRE,CONTRE,ACCORD,ACCORD,OPTIMISTE,PESSIMISTE,PESSIMISTE,NEUTRE,Responsabilité collective,Economie: privé et public,Feministre: NEUTRE féministe,Feministre: NEUTRE féministe,NSP,NSP,PLC,Femme,Francophones,18-39 ans,Né Canada,Collégial,Revenus moyens
Ind_607,1.224779,0.236781,-0.685271,Sou_NON,CONTRE,CONTRE,CONTRE,CONTRE,CONTRE,POUR,DÉSACCORD,NEUTRE,NEUTRE,PESSIMISTE,NEUTRE,CONTRE,Responsabilité individuelle,Economie: privé seulement,Féministe: POUR féministe,Feministe: CONTRE féministe,Risque facile,PLQ,PLC,Femme,Non francophones,18-39 ans,Né Canada,Universitaire,Revenus bas
Ind_608,0.555154,0.948689,1.098221,Sou_NON,CONTRE,POUR,POUR,CONTRE,NEUTRE,NSP,NEUTRE,DÉSACCORD,NEUTRE,NEUTRE,PESSIMISTE,CONTRE,Responsabilité collective,Economie: neutre,Feministe: CONTRE féministe,Feministre: NEUTRE féministe,Risque facile,Vote prov: NSP,Vote fed: NSP,Homme,Francophones,18-39 ans,Né Canada,Secondaire,Revenus bas
Ind_609,-2.070887,1.35931,0.093973,Sou_OUI,POUR,POUR,POUR,POUR,POUR,POUR,DÉSACCORD,NEUTRE,OPTIMISTE,OPTIMISTE,OPTIMISTE,NEUTRE,Responsabilité individuelle,Economie: neutre,Feministre: NEUTRE féministe,Feministre: NEUTRE féministe,Risque facile,PQ,PCC,Homme,Francophones,40-59 ans,Né Canada,Collégial,Revenus moyens
Ind_610,1.106044,-0.278743,-1.131775,Sou_NON,CONTRE,CONTRE,POUR,POUR,CONTRE,CONTRE,ACCORD,DÉSACCORD,PESSIMISTE,PESSIMISTE,NSP,CONTRE,Responsabilité individuelle,Economie: privé et public,Féministe: POUR féministe,Féministe: POUR féministe,Risque facile,PQ,PLC,Femme,Francophones,40-59 ans,Né Canada,Universitaire,Revenus élevés
Ind_611,0.327764,0.014349,-0.55627,Sou_NON,CONTRE,POUR,POUR,POUR,POUR,POUR,ACCORD,DÉSACCORD,PESSIMISTE,PESSIMISTE,PESSIMISTE,CONTRE,Responsabilité individuelle,Economie: privé seulement,Féministe: POUR féministe,Féministe: POUR féministe,Risque facile,PLQ,PLC,Femme,Francophones,40-59 ans,Né Canada,Collégial,NSP
Ind_612,-2.449516,-0.10956,-0.407828,Sou_OUI,POUR,POUR,CONTRE,POUR,POUR,POUR,DÉSACCORD,DÉSACCORD,OPTIMISTE,OPTIMISTE,OPTIMISTE,CONTRE,Responsabilité collective,Economie: privé et public,Féministe: POUR féministe,Féministe: POUR féministe,Risque difficile,Vote prov: NSP,Vote fed: NSP,Homme,Francophones,40-59 ans,Né Canada,Secondaire,NSP
Ind_613,-1.168091,1.426422,0.469969,Sou_NSP,POUR,POUR,POUR,POUR,POUR,POUR,DÉSACCORD,DÉSACCORD,NEUTRE,NEUTRE,NSP,NEUTRE,Responsabilité individuelle,Economie: privé seulement,Feministe: CONTRE féministe,Feministre: NEUTRE féministe,Risque facile,CAQ,PLC,Homme,Francophones,60 ans et plus,Né Canada,Collégial,Revenus bas
Ind_614,0.621395,-0.585517,0.448005,Sou_NON,CONTRE,POUR,CONTRE,NEUTRE,CONTRE,CONTRE,DÉSACCORD,NEUTRE,NEUTRE,PESSIMISTE,PESSIMISTE,CONTRE,Responsabilité mixte,NSP,Féministe: POUR féministe,Féministe: POUR féministe,Risque difficile,CAQ,BQ,Femme,Francophones,60 ans et plus,Né Canada,Secondaire,NSP
Ind_615,1.238755,0.633935,0.584387,Sou_NON,CONTRE,CONTRE,POUR,CONTRE,CONTRE,NEUTRE,ACCORD,ACCORD,PESSIMISTE,PESSIMISTE,PESSIMISTE,CONTRE,Responsabilité mixte,Economie: neutre,Feministre: NEUTRE féministe,Feministre: NEUTRE féministe,Risque difficile,PQ,BQ,Homme,Francophones,40-59 ans,Né Canada,Secondaire,NSP
Ind_616,-0.025726,-2.318008,0.688995,Sou_NSP,NSP,NSP,POUR,NSP,NSP,NEUTRE,NEUTRE,NSP,OPTIMISTE,NEUTRE,NEUTRE,POUR,Responsabilité collective,Economie: privé et public,Féministe: POUR féministe,Féministe: POUR féministe,Risque difficile,QS,NPD,Femme,Non francophones,18-39 ans,Né Canada,Collégial,NSP
Ind_617,-1.383115,-0.894941,0.132705,Sou_OUI,POUR,POUR,POUR,NEUTRE,POUR,NEUTRE,ACCORD,NEUTRE,NEUTRE,OPTIMISTE,OPTIMISTE,NEUTRE,Responsabilité individuelle,Economie: neutre,Féministe: POUR féministe,Féministe: POUR féministe,Risque facile,PQ,BQ,Femme,Francophones,40-59 ans,Né Canada,Collégial,Revenus élevés
Ind_618,1.978318,1.575807,-0.100529,Sou_NON,CONTRE,CONTRE,POUR,CONTRE,CONTRE,CONTRE,NEUTRE,DÉSACCORD,NEUTRE,PESSIMISTE,PESSIMISTE,CONTRE,Responsabilité individuelle,Economie: privé seulement,NSP,NSP,Risque facile,PCQ,PCC,Homme,Non francophones,18-39 ans,Né Canada,Collégial,Revenus moyens
Ind_619,-2.413283,0.715207,-0.777393,Sou_OUI,POUR,CONTRE,CONTRE,POUR,POUR,POUR,DÉSACCORD,DÉSACCORD,OPTIMISTE,OPTIMISTE,OPTIMISTE,CONTRE,Responsabilité individuelle,Economie: neutre,Féministe: POUR féministe,Féministe: POUR féministe,Risque facile,PQ,BQ,Homme,Francophones,18-39 ans,Né Canada,Collégial,Revenus moyens
Ind_620,0.217006,-0.171934,1.870969,Sou_NON,CONTRE,POUR,POUR,NEUTRE,NSP,NSP,NSP,DÉSACCORD,PESSIMISTE,NSP,OPTIMISTE,CONTRE,Responsabilité mixte,Economie: privé et public,Feministre: NEUTRE féministe,Feministre: NEUTRE féministe,Risque difficile,Vote prov: NSP,Vote fed: NSP,Femme,Francophones,40-59 ans,Né Canada,Collégial,NSP
Ind_621,-1.788328,-0.12741,-0.25835,Sou_OUI,CONTRE,CONTRE,CONTRE,POUR,POUR,POUR,NEUTRE,DÉSACCORD,OPTIMISTE,OPTIMISTE,OPTIMISTE,CONTRE,Responsabilité individuelle,Economie: privé seulement,Féministe: POUR féministe,Féministe: POUR féministe,Risque difficile,PQ,BQ,Femme,Francophones,60 ans et plus,Né Canada,Collégial,NSP
Ind_622,2.004891,1.802972,-0.719549,Sou_NON,CONTRE,CONTRE,POUR,CONTRE,CONTRE,CONTRE,ACCORD,DÉSACCORD,NEUTRE,PESSIMISTE,PESSIMISTE,CONTRE,Responsabilité individuelle,Economie: privé seulement,Feministe: CONTRE féministe,Feministre: NEUTRE féministe,Risque facile,PCQ,NSP,Homme,Non francophones,40-59 ans,Né Canada,Universitaire,Revenus élevés
Ind_623,-2.607286,-0.779631,-0.333657,Sou_OUI,POUR,POUR,CONTRE,POUR,POUR,POUR,NSP,NSP,OPTIMISTE,NSP,OPTIMISTE,NEUTRE,Responsabilité mixte,Economie: privé et public,Féministe: POUR féministe,Féministe: POUR féministe,Risque difficile,PQ,BQ,Homme,Francophones,60 ans et plus,Né Canada,Secondaire,Revenus élevés
Ind_624,-2.342474,-1.619516,-0.352018,Sou_OUI,POUR,POUR,CONTRE,POUR,POUR,NEUTRE,ACCORD,ACCORD,OPTIMISTE,NEUTRE,OPTIMISTE,NEUTRE,Responsabilité mixte,Economie: privé et public,Féministe: POUR féministe,Féministe: POUR féministe,Risque difficile,PQ,BQ,Femme,Francophones,60 ans et plus,Né Canada,Collégial,Revenus bas
Ind_625,-2.714347,1.256573,-0.023828,Sou_OUI,POUR,POUR,CONTRE,POUR,POUR,POUR,NEUTRE,DÉSACCORD,OPTIMISTE,OPTIMISTE,OPTIMISTE,NEUTRE,Responsabilité individuelle,NSP,Feministre: NEUTRE féministe,Feministre: NEUTRE féministe,Risque facile,PQ,BQ,Homme,Francophones,60 ans et plus,Né Canada,Collégial,NSP
Ind_626,0.19599,0.223218,1.93824,Sou_NON,CONTRE,POUR,POUR,NEUTRE,NEUTRE,NEUTRE,NEUTRE,NEUTRE,NEUTRE,NSP,NEUTRE,NEUTRE,Responsabilité mixte,Economie: neutre,Feministre: NEUTRE féministe,Feministre: NEUTRE féministe,Risque difficile,CAQ,BQ,Homme,Francophones,60 ans et plus,Né Canada,Secondaire,Revenus bas
Ind_627,0.390976,-0.123639,2.171204,Sou_NSP,NSP,NSP,NSP,CONTRE,NEUTRE,NEUTRE,DÉSACCORD,DÉSACCORD,NEUTRE,PESSIMISTE,PESSIMISTE,CONTRE,Responsabilité collective,Economie: neutre,Feministre: NEUTRE féministe,Feministre: NEUTRE féministe,Risque difficile,Vote prov: NSP,Vote fed: NSP,Femme,Francophones,18-39 ans,Né Canada,Secondaire,Revenus bas
Ind_628,-2.071987,0.660466,0.809302,Sou_NSP,POUR,POUR,CONTRE,POUR,POUR,NEUTRE,DÉSACCORD,DÉSACCORD,OPTIMISTE,NEUTRE,OPTIMISTE,CONTRE,Responsabilité individuelle,Economie: privé et public,Feministre: NEUTRE féministe,Feministre: NEUTRE féministe,Risque difficile,PQ,PCC,Femme,Francophones,60 ans et plus,Né Canada,Collégial,Revenus bas
Ind_629,0.649525,0.559502,-1.246255,Sou_NON,CONTRE,POUR,POUR,CONTRE,POUR,CONTRE,ACCORD,DÉSACCORD,OPTIMISTE,PESSIMISTE,NEUTRE,CONTRE,Responsabilité individuelle,Economie: privé et public,Féministe: POUR féministe,Féministe: POUR féministe,Risque facile,PCQ,PCC,Homme,Non francophones,60 ans et plus,Né Ailleurs,Universitaire,Revenus bas
Ind_630,1.855941,-0.614086,-1.490463,Sou_NON,CONTRE,CONTRE,CONTRE,CONTRE,CONTRE,CONTRE,ACCORD,ACCORD,PESSIMISTE,PESSIMISTE,PESSIMISTE,NSP,Responsabilité individuelle,Economie: privé et public,Féministe: POUR féministe,Féministe: POUR féministe,Risque facile,PLQ,PLC,Femme,Non francophones,40-59 ans,Né Canada,Secondaire,Revenus bas
Ind_631,-0.440068,1.079427,-0.342045,Sou_OUI,CONTRE,POUR,POUR,POUR,CONTRE,POUR,ACCORD,NEUTRE,PESSIMISTE,PESSIMISTE,OPTIMISTE,CONTRE,Responsabilité individuelle,Economie: privé et public,Feministre: NEUTRE féministe,Feministre: NEUTRE féministe,Risque facile,PQ,PLC,Homme,Francophones,40-59 ans,Né Canada,Secondaire,Revenus bas
Ind_632,-2.20113,-1.373222,-0.073579,Sou_OUI,POUR,NSP,NSP,POUR,POUR,POUR,ACCORD,NEUTRE,OPTIMISTE,OPTIMISTE,OPTIMISTE,CONTRE,Responsabilité mixte,NSP,Féministe: POUR féministe,Féministe: POUR féministe,Risque difficile,PQ,BQ,Femme,Francophones,60 ans et plus,Né Canada,Universitaire,NSP
Ind_633,1.815887,-0.539056,-0.762153,Sou_NON,CONTRE,CONTRE,POUR,CONTRE,CONTRE,CONTRE,ACCORD,DÉSACCORD,PESSIMISTE,PESSIMISTE,OPTIMISTE,CONTRE,Responsabilité collective,Economie: privé seulement,Féministe: POUR féministe,Féministe: POUR féministe,Risque difficile,PLQ,PLC,Femme,Non francophones,40-59 ans,Né Canada,Collégial,NSP
Ind_634,2.280188,-0.905933,-0.811226,Sou_NON,CONTRE,CONTRE,POUR,CONTRE,CONTRE,CONTRE,ACCORD,NSP,NEUTRE,PESSIMISTE,PESSIMISTE,NEUTRE,Responsabilité individuelle,Economie: privé seulement,Féministe: POUR féministe,Féministe: POUR féministe,Risque difficile,NSP,PLC,Femme,Non francophones,60 ans et plus,Né Ailleurs,Universitaire,NSP
Ind_635,1.600999,2.033912,0.254498,Sou_NON,CONTRE,CONTRE,POUR,NEUTRE,CONTRE,CONTRE,DÉSACCORD,DÉSACCORD,NEUTRE,PESSIMISTE,PESSIMISTE,CONTRE,Responsabilité individuelle,Economie: neutre,Feministe: CONTRE féministe,Feministe: CONTRE féministe,Risque facile,PCQ,PCC,Homme,Francophones,40-59 ans,Né Canada,Collégial,Revenus élevés
Ind_636,0.819968,0.913504,-0.629224,Sou_NON,CONTRE,CONTRE,POUR,POUR,CONTRE,CONTRE,DÉSACCORD,DÉSACCORD,OPTIMISTE,PESSIMISTE,OPTIMISTE,NEUTRE,Responsabilité collective,Economie: privé et public,Feministre: NEUTRE féministe,Feministre: NEUTRE féministe,Risque difficile,CAQ,NPD,Homme,Non francophones,40-59 ans,Né Canada,Collégial,Revenus moyens
Ind_637,-2.213405,-0.104875,0.58964,Sou_OUI,POUR,POUR,CONTRE,POUR,POUR,POUR,NEUTRE,DÉSACCORD,NSP,NEUTRE,OPTIMISTE,NEUTRE,Responsabilité mixte,Economie: privé et public,Feministre: NEUTRE féministe,Feministre: NEUTRE féministe,Risque difficile,PQ,Vote fed: NSP,Femme,Francophones,60 ans et plus,Né Canada,Collégial,Revenus moyens
Ind_638,-2.678782,0.449895,0.183611,Sou_OUI,POUR,POUR,CONTRE,POUR,POUR,POUR,DÉSACCORD,DÉSACCORD,OPTIMISTE,OPTIMISTE,OPTIMISTE,NEUTRE,Responsabilité mixte,Economie: privé seulement,Feministre: NEUTRE féministe,Feministre: NEUTRE féministe,Risque difficile,PQ,BQ,Femme,Francophones,60 ans et plus,Né Canada,Universitaire,Revenus bas
Ind_639,-1.193641,0.067922,-1.003808,Sou_NON,POUR,POUR,CONTRE,POUR,POUR,POUR,ACCORD,ACCORD,OPTIMISTE,PESSIMISTE,OPTIMISTE,POUR,Responsabilité mixte,Economie: privé et public,Feministe: CONTRE féministe,Feministre: NEUTRE féministe,Risque difficile,PLQ,PLC,Homme,Francophones,60 ans et plus,Né Canada,Universitaire,Revenus bas
Ind_640,1.10995,0.430263,0.222934,Sou_NON,NSP,CONTRE,NSP,CONTRE,CONTRE,NEUTRE,DÉSACCORD,NEUTRE,NSP,NEUTRE,PESSIMISTE,POUR,Responsabilité mixte,Economie: neutre,Feministe: CONTRE féministe,Feministe: CONTRE féministe,Risque facile,PLQ,PLC,Homme,Non francophones,18-39 ans,Né Canada,Collégial,Revenus bas
Ind_641,-1.275199,-0.32376,0.23932,Sou_NSP,POUR,POUR,POUR,POUR,POUR,POUR,NEUTRE,ACCORD,NEUTRE,NEUTRE,OPTIMISTE,NEUTRE,Responsabilité individuelle,Economie: privé et public,Feministe: CONTRE féministe,Féministe: POUR féministe,Risque difficile,NSP,Vote fed: NSP,Homme,Francophones,40-59 ans,Né Canada,Collégial,Revenus élevés
Ind_642,-1.030611,0.266074,0.864523,Sou_OUI,POUR,POUR,POUR,POUR,NEUTRE,NEUTRE,NEUTRE,DÉSACCORD,NEUTRE,OPTIMISTE,NEUTRE,CONTRE,Responsabilité mixte,Economie: neutre,Feministe: CONTRE féministe,Féministe: POUR féministe,Risque facile,Vote prov: NSP,Vote fed: NSP,Homme,Francophones,18-39 ans,Né Canada,Universitaire,Revenus bas
Ind_643,0.249821,1.687426,0.394703,Sou_NON,CONTRE,CONTRE,POUR,POUR,NEUTRE,POUR,DÉSACCORD,DÉSACCORD,OPTIMISTE,PESSIMISTE,OPTIMISTE,CONTRE,Responsabilité individuelle,Economie: privé seulement,Feministe: CONTRE féministe,Feministre: NEUTRE féministe,Risque difficile,NSP,PCC,Homme,Non francophones,40-59 ans,Né Canada,Collégial,Revenus bas
Ind_644,1.206083,-1.064124,0.619263,Sou_NON,CONTRE,POUR,POUR,CONTRE,CONTRE,NSP,NSP,NSP,OPTIMISTE,PESSIMISTE,NSP,POUR,NSP,Economie: privé et public,NSP,NSP,Risque difficile,NSP,Vote fed: NSP,Femme,Non francophones,40-59 ans,Né Ailleurs,Universitaire,Revenus bas
Ind_645,-0.723625,0.563862,0.296665,Sou_NSP,CONTRE,POUR,CONTRE,POUR,CONTRE,CONTRE,DÉSACCORD,DÉSACCORD,NSP,NEUTRE,OPTIMISTE,CONTRE,Responsabilité individuelle,Economie: privé et public,Feministre: NEUTRE féministe,Feministe: CONTRE féministe,Risque difficile,PQ,PCC,Femme,Francophones,60 ans et plus,Né Canada,Universitaire,Revenus bas
Ind_646,0.984188,1.421733,0.035737,Sou_NON,CONTRE,POUR,POUR,POUR,CONTRE,CONTRE,NEUTRE,DÉSACCORD,NEUTRE,NEUTRE,PESSIMISTE,CONTRE,Responsabilité individuelle,Economie: neutre,Feministe: CONTRE féministe,Feministre: NEUTRE féministe,Risque difficile,PLQ,PLC,Homme,Non francophones,60 ans et plus,Né Canada,Secondaire,Revenus moyens
Ind_647,0.846771,1.124272,0.871502,Sou_NON,CONTRE,CONTRE,POUR,NEUTRE,NEUTRE,CONTRE,ACCORD,NEUTRE,OPTIMISTE,NEUTRE,PESSIMISTE,CONTRE,Responsabilité individuelle,Economie: neutre,Feministre: NEUTRE féministe,Feministre: NEUTRE féministe,Risque facile,Vote prov: NSP,Vote fed: NSP,Homme,Francophones,40-59 ans,Né Canada,Secondaire,Revenus bas
Ind_648,0.71403,-0.336213,1.005537,Sou_NON,CONTRE,CONTRE,POUR,CONTRE,CONTRE,POUR,NEUTRE,NEUTRE,NSP,NEUTRE,OPTIMISTE,CONTRE,Responsabilité individuelle,Economie: neutre,NSP,NSP,Risque difficile,QS,PVQ,Femme,Francophones,18-39 ans,Né Canada,Collégial,NSP
Ind_649,-2.228627,-0.107874,-0.412646,Sou_OUI,POUR,POUR,CONTRE,POUR,POUR,POUR,ACCORD,NEUTRE,OPTIMISTE,OPTIMISTE,OPTIMISTE,CONTRE,Responsabilité individuelle,Economie: neutre,Féministe: POUR féministe,Féministe: POUR féministe,Risque difficile,CAQ,PLC,Homme,Francophones,60 ans et plus,Né Canada,Secondaire,Revenus bas
Ind_650,2.266145,-0.150407,-1.675555,Sou_NON,CONTRE,CONTRE,POUR,CONTRE,CONTRE,CONTRE,ACCORD,ACCORD,PESSIMISTE,PESSIMISTE,PESSIMISTE,POUR,Responsabilité individuelle,Economie: privé et public,Feministre: NEUTRE féministe,Féministe: POUR féministe,Risque difficile,PLQ,PLC,Homme,Non francophones,18-39 ans,Né Canada,Universitaire,Revenus élevés
Ind_651,0.004859,-1.44652,0.131854,Sou_NON,CONTRE,POUR,POUR,POUR,NSP,NEUTRE,ACCORD,ACCORD,NEUTRE,NEUTRE,NEUTRE,CONTRE,Responsabilité individuelle,Economie: privé et public,Féministe: POUR féministe,Féministe: POUR féministe,Risque difficile,QS,BQ,Femme,Francophones,18-39 ans,Né Canada,Collégial,Revenus moyens
Ind_652,0.630196,-0.20479,0.043335,Sou_NON,CONTRE,CONTRE,CONTRE,CONTRE,NEUTRE,CONTRE,ACCORD,DÉSACCORD,OPTIMISTE,NEUTRE,NEUTRE,POUR,Responsabilité individuelle,Economie: privé seulement,Féministe: POUR féministe,NSP,Risque facile,NSP,PVQ,Femme,Francophones,40-59 ans,Né Ailleurs,Collégial,NSP
Ind_653,-2.448566,0.117653,-0.091789,Sou_OUI,POUR,POUR,CONTRE,POUR,NEUTRE,POUR,NEUTRE,DÉSACCORD,OPTIMISTE,NEUTRE,OPTIMISTE,CONTRE,Responsabilité collective,Economie: neutre,Feministre: NEUTRE féministe,Féministe: POUR féministe,Risque difficile,PQ,BQ,Homme,Francophones,18-39 ans,Né Canada,Universitaire,Revenus élevés
Ind_654,1.928675,-0.164299,0.541386,Sou_NON,CONTRE,CONTRE,POUR,CONTRE,CONTRE,NSP,ACCORD,ACCORD,PESSIMISTE,PESSIMISTE,PESSIMISTE,CONTRE,Responsabilité collective,NSP,Feministre: NEUTRE féministe,Feministre: NEUTRE féministe,Risque difficile,Vote prov: NSP,Vote fed: NSP,Femme,Non francophones,40-59 ans,Né Canada,Collégial,Revenus bas
Ind_655,-1.948548,-0.639485,-0.124175,Sou_OUI,POUR,POUR,POUR,POUR,POUR,POUR,ACCORD,NEUTRE,OPTIMISTE,OPTIMISTE,NEUTRE,CONTRE,Responsabilité individuelle,Economie: neutre,Féministe: POUR féministe,Féministe: POUR féministe,Risque facile,PQ,BQ,Femme,Francophones,18-39 ans,Né Canada,Secondaire,Revenus bas
Ind_656,2.141496,0.550469,-0.994514,Sou_NON,CONTRE,CONTRE,POUR,CONTRE,CONTRE,CONTRE,DÉSACCORD,ACCORD,PESSIMISTE,PESSIMISTE,PESSIMISTE,CONTRE,Responsabilité collective,Economie: privé et public,Feministe: CONTRE féministe,Feministe: CONTRE féministe,Risque facile,PLQ,PCC,Femme,Non francophones,40-59 ans,Né Canada,Universitaire,Revenus élevés
Ind_657,0.649231,0.105128,1.651896,Sou_NON,CONTRE,NSP,POUR,NEUTRE,NEUTRE,NEUTRE,DÉSACCORD,DÉSACCORD,NEUTRE,NSP,NEUTRE,CONTRE,Responsabilité mixte,Economie: privé et public,Feministre: NEUTRE féministe,Feministre: NEUTRE féministe,Risque difficile,CAQ,PLC,Femme,Francophones,60 ans et plus,Né Canada,Collégial,Revenus moyens
Ind_658,1.706185,-0.418545,0.74086,Sou_NON,CONTRE,CONTRE,POUR,CONTRE,CONTRE,CONTRE,NSP,ACCORD,NEUTRE,NEUTRE,PESSIMISTE,NEUTRE,Responsabilité mixte,Economie: neutre,NSP,NSP,Risque difficile,PLQ,PCC,Femme,Francophones,60 ans et plus,Né Canada,Secondaire,NSP
Ind_659,0.806498,-0.3788,2.678902,Sou_NON,CONTRE,NSP,POUR,CONTRE,NEUTRE,NEUTRE,NSP,NSP,PESSIMISTE,NEUTRE,NSP,CONTRE,Responsabilité mixte,Economie: neutre,Feministre: NEUTRE féministe,Feministre: NEUTRE féministe,Risque difficile,NSP,Vote fed: NSP,Femme,Francophones,40-59 ans,Né Canada,Collégial,Revenus bas
Ind_660,-0.940896,-0.638298,1.498184,Sou_NSP,NSP,NSP,NSP,POUR,POUR,POUR,NSP,NSP,NSP,NSP,NSP,NEUTRE,Responsabilité collective,Economie: privé seulement,NSP,NSP,NSP,PLQ,BQ,Homme,Francophones,18-39 ans,Né Canada,Collégial,Revenus bas
Ind_661,-0.387106,-0.205582,0.791971,Sou_NON,NSP,POUR,POUR,POUR,NSP,CONTRE,ACCORD,DÉSACCORD,OPTIMISTE,OPTIMISTE,OPTIMISTE,CONTRE,Responsabilité individuelle,Economie: neutre,Feministe: CONTRE féministe,Féministe: POUR féministe,Risque difficile,CAQ,Vote fed: NSP,Femme,Francophones,40-59 ans,Né Canada,Collégial,NSP
Ind_662,-2.644729,0.831558,-0.266503,Sou_OUI,POUR,POUR,CONTRE,POUR,POUR,POUR,NSP,DÉSACCORD,OPTIMISTE,NEUTRE,OPTIMISTE,CONTRE,Responsabilité individuelle,Economie: privé et public,Feministre: NEUTRE féministe,Feministre: NEUTRE féministe,Risque difficile,PQ,BQ,Homme,Francophones,18-39 ans,Né Canada,Universitaire,Revenus élevés
Ind_663,0.494892,0.470855,1.397135,Sou_NON,CONTRE,POUR,POUR,CONTRE,NEUTRE,NSP,NSP,NSP,NEUTRE,NEUTRE,NSP,CONTRE,Responsabilité individuelle,Economie: neutre,Feministre: NEUTRE féministe,Féministe: POUR féministe,Risque facile,PCQ,Vote fed: NSP,Homme,Francophones,40-59 ans,Né Canada,Secondaire,NSP
Ind_664,0.265294,-1.292309,0.968463,Sou_NSP,NSP,NSP,POUR,POUR,CONTRE,NSP,NSP,DÉSACCORD,NEUTRE,NSP,PESSIMISTE,NEUTRE,Responsabilité mixte,NSP,Féministe: POUR féministe,Féministe: POUR féministe,NSP,CAQ,PLC,Femme,Francophones,60 ans et plus,Né Canada,Secondaire,NSP
Ind_665,1.747,-1.600311,0.079072,Sou_NON,CONTRE,CONTRE,POUR,CONTRE,CONTRE,NEUTRE,ACCORD,NEUTRE,NEUTRE,PESSIMISTE,PESSIMISTE,POUR,Responsabilité collective,Economie: neutre,Féministe: POUR féministe,Féministe: POUR féministe,Risque difficile,NSP,Vote fed: NSP,Femme,Francophones,18-39 ans,Né Canada,Collégial,Revenus moyens
Ind_666,-0.35174,-0.584984,0.28024,Sou_NSP,CONTRE,POUR,POUR,POUR,NEUTRE,POUR,NEUTRE,DÉSACCORD,OPTIMISTE,NEUTRE,NEUTRE,CONTRE,Responsabilité individuelle,Economie: privé et public,Feministe: CONTRE féministe,Féministe: POUR féministe,Risque difficile,Vote prov: NSP,Vote fed: NSP,Femme,Non francophones,18-39 ans,Né Ailleurs,Universitaire,Revenus élevés
Ind_667,-1.009826,1.448508,1.171562,Sou_OUI,POUR,NSP,POUR,NEUTRE,POUR,NSP,NEUTRE,DÉSACCORD,OPTIMISTE,OPTIMISTE,NSP,CONTRE,Responsabilité individuelle,Economie: neutre,Feministe: CONTRE féministe,Feministre: NEUTRE féministe,Risque facile,PCQ,PCC,Homme,Francophones,60 ans et plus,Né Canada,Collégial,NSP
Ind_668,-2.898066,0.328727,-1.02682,Sou_OUI,POUR,POUR,CONTRE,POUR,POUR,POUR,DÉSACCORD,DÉSACCORD,OPTIMISTE,OPTIMISTE,OPTIMISTE,CONTRE,Responsabilité collective,Economie: privé et public,Féministe: POUR féministe,Féministe: POUR féministe,Risque facile,PQ,BQ,Homme,Francophones,60 ans et plus,Né Canada,Collégial,NSP
Ind_669,-1.770787,-0.910311,-0.860193,Sou_OUI,POUR,CONTRE,CONTRE,POUR,POUR,POUR,ACCORD,DÉSACCORD,OPTIMISTE,OPTIMISTE,OPTIMISTE,CONTRE,Responsabilité collective,Economie: privé et public,Féministe: POUR féministe,Féministe: POUR féministe,Risque difficile,CAQ,PLC,Femme,Francophones,40-59 ans,Né Canada,Collégial,Revenus bas
Ind_670,-1.519532,0.443151,0.824793,Sou_OUI,POUR,POUR,POUR,POUR,CONTRE,NEUTRE,ACCORD,DÉSACCORD,OPTIMISTE,NEUTRE,OPTIMISTE,CONTRE,Responsabilité individuelle,Economie: neutre,Feministre: NEUTRE féministe,Feministre: NEUTRE féministe,Risque difficile,PQ,BQ,Femme,Francophones,60 ans et plus,Né Canada,Collégial,Revenus bas
Ind_671,0.024914,-0.989754,-0.556702,Sou_NON,CONTRE,CONTRE,CONTRE,CONTRE,CONTRE,CONTRE,ACCORD,NEUTRE,OPTIMISTE,OPTIMISTE,OPTIMISTE,CONTRE,Responsabilité mixte,Economie: privé et public,Féministe: POUR féministe,Féministe: POUR féministe,Risque difficile,PQ,BQ,Femme,Francophones,60 ans et plus,Né Canada,Secondaire,NSP
Ind_672,1.853223,-0.124371,-0.150856,Sou_NON,CONTRE,CONTRE,POUR,CONTRE,CONTRE,CONTRE,ACCORD,DÉSACCORD,NEUTRE,PESSIMISTE,PESSIMISTE,CONTRE,Responsabilité mixte,Economie: privé et public,Féministe: POUR féministe,Feministre: NEUTRE féministe,Risque difficile,Vote prov: NSP,PLC,Femme,Francophones,60 ans et plus,Né Canada,Collégial,Revenus bas
Ind_673,1.533271,-0.003303,-0.222511,Sou_NON,CONTRE,CONTRE,POUR,POUR,CONTRE,CONTRE,ACCORD,NEUTRE,NEUTRE,PESSIMISTE,PESSIMISTE,CONTRE,Responsabilité individuelle,Economie: privé seulement,Feministre: NEUTRE féministe,Féministe: POUR féministe,Risque facile,NSP,Vote fed: NSP,Femme,Francophones,18-39 ans,Né Canada,Universitaire,Revenus moyens
Ind_674,0.528313,-1.317751,0.771638,Sou_NON,CONTRE,POUR,POUR,NEUTRE,CONTRE,NSP,NEUTRE,NEUTRE,NEUTRE,PESSIMISTE,NSP,CONTRE,Responsabilité collective,NSP,Féministe: POUR féministe,Féministe: POUR féministe,Risque difficile,PQ,BQ,Femme,Francophones,18-39 ans,Né Canada,Collégial,Revenus bas
Ind_675,-1.169015,1.645367,0.050956,Sou_NON,CONTRE,POUR,POUR,POUR,POUR,POUR,ACCORD,DÉSACCORD,OPTIMISTE,NEUTRE,OPTIMISTE,CONTRE,Responsabilité individuelle,Economie: privé seulement,Feministre: NEUTRE féministe,Feministre: NEUTRE féministe,Risque facile,PQ,NSP,Homme,Francophones,60 ans et plus,Né Canada,Collégial,Revenus bas
Ind_676,-2.862631,1.21102,-0.609489,Sou_OUI,POUR,POUR,CONTRE,POUR,POUR,POUR,DÉSACCORD,DÉSACCORD,OPTIMISTE,OPTIMISTE,OPTIMISTE,CONTRE,Responsabilité individuelle,Economie: privé et public,Feministre: NEUTRE féministe,Féministe: POUR féministe,Risque facile,PQ,BQ,Homme,Francophones,60 ans et plus,Né Canada,Collégial,Revenus bas
Ind_677,0.840262,0.025131,1.364392,Sou_NON,POUR,CONTRE,POUR,NEUTRE,NEUTRE,NEUTRE,NEUTRE,NEUTRE,PESSIMISTE,PESSIMISTE,NEUTRE,NEUTRE,Responsabilité mixte,Economie: neutre,Feministre: NEUTRE féministe,Feministre: NEUTRE féministe,Risque facile,CAQ,NPD,Femme,Non francophones,40-59 ans,Né Canada,Collégial,Revenus bas
Ind_678,-1.76455,-0.538437,-0.61758,Sou_NSP,POUR,POUR,POUR,POUR,POUR,POUR,ACCORD,ACCORD,OPTIMISTE,OPTIMISTE,OPTIMISTE,CONTRE,Responsabilité individuelle,Economie: privé seulement,Féministe: POUR féministe,Féministe: POUR féministe,Risque facile,CAQ,BQ,Femme,Francophones,40-59 ans,Né Canada,Universitaire,Revenus moyens
Ind_679,1.985256,-0.027842,-1.459666,Sou_NON,CONTRE,CONTRE,POUR,CONTRE,CONTRE,CONTRE,DÉSACCORD,DÉSACCORD,PESSIMISTE,PESSIMISTE,PESSIMISTE,POUR,Responsabilité collective,Economie: privé et public,Féministe: POUR féministe,Féministe: POUR féministe,Risque difficile,PLQ,PLC,Homme,Non francophones,60 ans et plus,Né Canada,Collégial,NSP
Ind_680,1.094659,0.124498,0.8255,Sou_NON,CONTRE,POUR,POUR,CONTRE,CONTRE,CONTRE,ACCORD,DÉSACCORD,OPTIMISTE,PESSIMISTE,NEUTRE,CONTRE,Responsabilité collective,NSP,Feministre: NEUTRE féministe,Feministre: NEUTRE féministe,Risque difficile,NSP,Vote fed: NSP,Femme,Francophones,40-59 ans,Né Canada,Collégial,Revenus moyens
Ind_681,-2.059924,1.426561,-0.04853,Sou_OUI,POUR,POUR,CONTRE,POUR,POUR,POUR,NEUTRE,DÉSACCORD,NEUTRE,OPTIMISTE,OPTIMISTE,CONTRE,Responsabilité individuelle,Economie: privé seulement,Féministe: POUR féministe,Feministre: NEUTRE féministe,Risque facile,PCQ,PCC,Homme,Francophones,40-59 ans,Né Canada,Collégial,Revenus moyens
Ind_682,-1.795728,-0.790809,-0.799934,Sou_OUI,CONTRE,POUR,CONTRE,CONTRE,POUR,POUR,NEUTRE,DÉSACCORD,OPTIMISTE,NEUTRE,OPTIMISTE,CONTRE,Responsabilité collective,Economie: privé et public,Féministe: POUR féministe,Féministe: POUR féministe,Risque difficile,PQ,BQ,Femme,Francophones,60 ans et plus,Né Canada,Universitaire,Revenus élevés
Ind_683,-0.460264,-0.928635,-0.128191,Sou_NSP,CONTRE,POUR,NSP,POUR,POUR,CONTRE,DÉSACCORD,NEUTRE,NSP,PESSIMISTE,OPTIMISTE,POUR,Responsabilité collective,Economie: privé et public,Féministe: POUR féministe,Feministre: NEUTRE féministe,Risque difficile,QS,PVQ,Femme,Francophones,60 ans et plus,Né Canada,Universitaire,Revenus bas
Ind_684,1.704926,-0.385688,0.448136,Sou_NON,CONTRE,CONTRE,POUR,CONTRE,CONTRE,CONTRE,NEUTRE,NEUTRE,PESSIMISTE,PESSIMISTE,NEUTRE,CONTRE,Responsabilité individuelle,Economie: neutre,Féministe: POUR féministe,Féministe: POUR féministe,Risque difficile,PCQ,PCC,Femme,Francophones,18-39 ans,Né Canada,Collégial,Revenus bas
Ind_685,0.871306,0.673674,-0.281083,Sou_NON,CONTRE,CONTRE,POUR,POUR,CONTRE,POUR,NEUTRE,DÉSACCORD,PESSIMISTE,PESSIMISTE,PESSIMISTE,CONTRE,Responsabilité individuelle,Economie: privé et public,Feministre: NEUTRE féministe,Feministre: NEUTRE féministe,Risque difficile,PQ,PLC,Femme,Francophones,40-59 ans,Né Canada,Universitaire,Revenus moyens
Ind_686,1.335259,-0.356701,-0.605305,Sou_NON,CONTRE,CONTRE,POUR,POUR,CONTRE,CONTRE,NSP,DÉSACCORD,NEUTRE,PESSIMISTE,NSP,NEUTRE,Responsabilité individuelle,Economie: privé et public,Féministe: POUR féministe,Féministe: POUR féministe,Risque facile,PCQ,PLC,Femme,Francophones,40-59 ans,Né Canada,Collégial,Revenus moyens
Ind_687,1.513399,1.276105,0.075217,Sou_NON,CONTRE,CONTRE,POUR,NEUTRE,CONTRE,CONTRE,DÉSACCORD,DÉSACCORD,NSP,PESSIMISTE,NSP,CONTRE,Responsabilité collective,Economie: neutre,Feministe: CONTRE féministe,Feministe: CONTRE féministe,Risque facile,PCQ,PCC,Homme,Non francophones,18-39 ans,Né Canada,Universitaire,Revenus bas
Ind_688,0.016339,-0.147375,-0.141641,Sou_NON,CONTRE,POUR,CONTRE,NEUTRE,POUR,POUR,ACCORD,DÉSACCORD,NEUTRE,PESSIMISTE,NSP,POUR,Responsabilité individuelle,Economie: neutre,Feministre: NEUTRE féministe,Féministe: POUR féministe,Risque facile,NSP,PLC,Femme,Francophones,60 ans et plus,Né Canada,Universitaire,Revenus élevés
Ind_689,2.271802,-0.933133,-1.100036,Sou_NON,CONTRE,CONTRE,POUR,CONTRE,CONTRE,CONTRE,ACCORD,ACCORD,NSP,PESSIMISTE,PESSIMISTE,NEUTRE,Responsabilité mixte,Economie: privé et public,Feministre: NEUTRE féministe,Féministe: POUR féministe,Risque difficile,PLQ,PLC,Femme,Non francophones,40-59 ans,Né Canada,Universitaire,Revenus moyens
Ind_690,1.410609,-0.910197,-0.58822,Sou_NON,CONTRE,CONTRE,POUR,CONTRE,CONTRE,CONTRE,NSP,DÉSACCORD,NEUTRE,PESSIMISTE,OPTIMISTE,POUR,Responsabilité collective,Economie: privé et public,Féministe: POUR féministe,Féministe: POUR féministe,Risque facile,NSP,Vote fed: NSP,Femme,Francophones,18-39 ans,Né Canada,Collégial,Revenus moyens
Ind_691,0.902841,0.79352,-1.250717,Sou_NON,CONTRE,CONTRE,POUR,CONTRE,POUR,POUR,ACCORD,DÉSACCORD,NEUTRE,PESSIMISTE,OPTIMISTE,POUR,Responsabilité individuelle,Economie: privé et public,Feministre: NEUTRE féministe,Feministre: NEUTRE féministe,Risque difficile,PLQ,PLC,Homme,Non francophones,60 ans et plus,Né Canada,Universitaire,Revenus moyens
Ind_692,-2.319395,1.680608,-0.045708,Sou_OUI,POUR,POUR,POUR,POUR,POUR,POUR,DÉSACCORD,DÉSACCORD,OPTIMISTE,OPTIMISTE,OPTIMISTE,CONTRE,Responsabilité individuelle,Economie: neutre,Feministe: CONTRE féministe,Feministe: CONTRE féministe,Risque facile,PQ,BQ,Homme,Francophones,40-59 ans,Né Canada,Collégial,Revenus élevés
Ind_693,-0.306236,-0.349212,1.31567,Sou_NON,POUR,CONTRE,POUR,POUR,NEUTRE,NEUTRE,NEUTRE,NSP,OPTIMISTE,NEUTRE,NSP,CONTRE,Responsabilité mixte,Economie: neutre,Feministre: NEUTRE féministe,Feministre: NEUTRE féministe,Risque difficile,PQ,PLC,Femme,Francophones,18-39 ans,Né Canada,Universitaire,Revenus bas
Ind_694,2.19675,-0.580632,-0.468588,Sou_NON,CONTRE,CONTRE,POUR,CONTRE,NEUTRE,CONTRE,ACCORD,NEUTRE,NEUTRE,PESSIMISTE,PESSIMISTE,NEUTRE,Responsabilité mixte,Economie: privé et public,Feministre: NEUTRE féministe,Feministe: CONTRE féministe,Risque difficile,PLQ,PLC,Femme,Non francophones,40-59 ans,Né Ailleurs,Universitaire,Revenus bas
Ind_695,-2.290335,-0.605029,-0.681427,Sou_OUI,POUR,POUR,POUR,POUR,POUR,POUR,NEUTRE,ACCORD,OPTIMISTE,OPTIMISTE,OPTIMISTE,CONTRE,Responsabilité collective,Economie: neutre,Féministe: POUR féministe,Féministe: POUR féministe,Risque difficile,PQ,BQ,Homme,Francophones,18-39 ans,Né Canada,Universitaire,Revenus élevés
Ind_696,-0.742939,-2.038184,1.006111,Sou_NSP,POUR,NSP,POUR,POUR,NEUTRE,POUR,ACCORD,NEUTRE,NSP,NSP,NEUTRE,NEUTRE,Responsabilité mixte,Economie: neutre,Féministe: POUR féministe,Féministe: POUR féministe,Risque difficile,QS,BQ,Femme,Francophones,18-39 ans,Né Canada,Secondaire,Revenus moyens
Ind_697,-2.741175,-0.365846,-1.677651,Sou_OUI,POUR,POUR,CONTRE,POUR,POUR,POUR,ACCORD,DÉSACCORD,OPTIMISTE,NEUTRE,OPTIMISTE,NEUTRE,Responsabilité collective,Economie: privé et public,Féministe: POUR féministe,Féministe: POUR féministe,Risque facile,PQ,BQ,Homme,Francophones,60 ans et plus,Né Canada,Universitaire,Revenus élevés
Ind_698,-2.697833,0.999338,0.617111,Sou_OUI,POUR,POUR,CONTRE,POUR,POUR,POUR,NEUTRE,DÉSACCORD,OPTIMISTE,NEUTRE,OPTIMISTE,CONTRE,Responsabilité mixte,Economie: neutre,Feministre: NEUTRE féministe,Feministre: NEUTRE féministe,Risque difficile,PQ,BQ,Homme,Francophones,60 ans et plus,Né Canada,Collégial,NSP
Ind_699,-0.621715,0.068802,0.078074,Sou_OUI,POUR,POUR,POUR,POUR,NEUTRE,NEUTRE,DÉSACCORD,NEUTRE,NEUTRE,PESSIMISTE,OPTIMISTE,CONTRE,Responsabilité individuelle,Economie: privé et public,Féministe: POUR féministe,Feministre: NEUTRE féministe,Risque facile,PLQ,PLC,Femme,Francophones,40-59 ans,Né Canada,Collégial,Revenus moyens
Ind_700,-2.422806,-0.231477,-0.955965,Sou_OUI,POUR,POUR,CONTRE,POUR,POUR,POUR,NSP,DÉSACCORD,OPTIMISTE,OPTIMISTE,OPTIMISTE,POUR,Responsabilité collective,Economie: privé et public,Féministe: POUR féministe,Féministe: POUR féministe,Risque facile,Vote prov: NSP,Vote fed: NSP,Homme,Francophones,60 ans et plus,Né Canada,Collégial,Revenus moyens
Ind_701,-2.194334,1.105461,0.430013,Sou_OUI,POUR,POUR,CONTRE,POUR,POUR,POUR,NSP,NEUTRE,PESSIMISTE,OPTIMISTE,OPTIMISTE,CONTRE,Responsabilité individuelle,Economie: privé seulement,Feministe: CONTRE féministe,Feministe: CONTRE féministe,Risque difficile,PQ,PCC,Homme,Francophones,60 ans et plus,Né Canada,Collégial,Revenus bas
Ind_702,-2.753476,-0.056235,-0.6922,Sou_OUI,POUR,POUR,CONTRE,POUR,POUR,POUR,NSP,ACCORD,OPTIMISTE,OPTIMISTE,OPTIMISTE,CONTRE,Responsabilité collective,Economie: neutre,Féministe: POUR féministe,Féministe: POUR féministe,Risque facile,PQ,BQ,Homme,Francophones,60 ans et plus,Né Canada,Collégial,Revenus moyens
Ind_703,-1.561506,0.624297,0.328698,Sou_OUI,POUR,CONTRE,POUR,POUR,POUR,POUR,ACCORD,DÉSACCORD,OPTIMISTE,OPTIMISTE,OPTIMISTE,CONTRE,Responsabilité individuelle,Economie: privé seulement,Feministre: NEUTRE féministe,Feministre: NEUTRE féministe,Risque difficile,QS,BQ,Femme,Francophones,40-59 ans,Né Canada,Collégial,Revenus bas
Ind_704,-0.436402,-0.572308,2.144897,Sou_NSP,POUR,POUR,POUR,NEUTRE,NEUTRE,NEUTRE,NSP,NEUTRE,OPTIMISTE,PESSIMISTE,OPTIMISTE,NEUTRE,Responsabilité individuelle,Economie: neutre,Feministre: NEUTRE féministe,Feministre: NEUTRE féministe,Risque difficile,NSP,Vote fed: NSP,Femme,Francophones,18-39 ans,Né Canada,Collégial,Revenus bas
Ind_705,0.364007,-1.236717,1.216786,Sou_NSP,CONTRE,NSP,POUR,NEUTRE,POUR,NEUTRE,ACCORD,NEUTRE,PESSIMISTE,NSP,NEUTRE,NEUTRE,Responsabilité collective,Economie: privé et public,Feministe: CONTRE féministe,Feministe: CONTRE féministe,Risque difficile,NSP,PLC,Femme,Francophones,60 ans et plus,Né Canada,Secondaire,NSP
Ind_706,0.765717,0.565192,-1.144494,Sou_NON,CONTRE,CONTRE,POUR,POUR,POUR,CONTRE,NEUTRE,DÉSACCORD,NEUTRE,PESSIMISTE,PESSIMISTE,POUR,Responsabilité collective,Economie: privé et public,Feministre: NEUTRE féministe,Féministe: POUR féministe,Risque facile,PQ,PLC,Homme,Francophones,40-59 ans,Né Canada,Collégial,Revenus élevés
Ind_707,-1.869114,0.612233,0.120413,Sou_OUI,POUR,POUR,POUR,POUR,POUR,NEUTRE,NEUTRE,ACCORD,OPTIMISTE,NEUTRE,OPTIMISTE,CONTRE,Responsabilité collective,Economie: privé et public,Feministre: NEUTRE féministe,Feministre: NEUTRE féministe,Risque facile,PQ,PCC,Homme,Francophones,18-39 ans,Né Canada,Collégial,Revenus bas
Ind_708,-2.556292,-0.05259,-0.260878,Sou_OUI,POUR,POUR,CONTRE,POUR,POUR,POUR,NEUTRE,NEUTRE,OPTIMISTE,OPTIMISTE,OPTIMISTE,NEUTRE,Responsabilité individuelle,Economie: privé et public,Feministre: NEUTRE féministe,Feministre: NEUTRE féministe,Risque difficile,PQ,BQ,Femme,Francophones,60 ans et plus,Né Canada,Universitaire,Revenus moyens
Ind_709,-0.650852,1.206477,0.120906,Sou_NON,POUR,POUR,POUR,POUR,CONTRE,NEUTRE,DÉSACCORD,DÉSACCORD,OPTIMISTE,PESSIMISTE,NEUTRE,CONTRE,Responsabilité individuelle,Economie: privé et public,Feministe: CONTRE féministe,Feministe: CONTRE féministe,Risque difficile,PQ,BQ,Homme,Francophones,60 ans et plus,Né Canada,Collégial,Revenus moyens
Ind_710,1.769447,-0.791631,0.198236,Sou_NON,CONTRE,NSP,POUR,CONTRE,CONTRE,CONTRE,NEUTRE,ACCORD,NEUTRE,PESSIMISTE,PESSIMISTE,CONTRE,Responsabilité mixte,Economie: neutre,Féministe: POUR féministe,Féministe: POUR féministe,Risque difficile,PLQ,PLC,Femme,Francophones,60 ans et plus,Né Canada,Secondaire,Revenus bas
Ind_711,1.477213,-1.468701,-0.16474,Sou_NON,NSP,NSP,NSP,CONTRE,CONTRE,CONTRE,ACCORD,NSP,NEUTRE,PESSIMISTE,NSP,NEUTRE,Responsabilité collective,NSP,Féministe: POUR féministe,Féministe: POUR féministe,Risque facile,PLQ,PLC,Femme,Non francophones,40-59 ans,Né Canada,Collégial,NSP
Ind_712,-0.544548,-1.23528,-1.13706,Sou_OUI,POUR,CONTRE,POUR,POUR,POUR,CONTRE,ACCORD,ACCORD,NEUTRE,NSP,OPTIMISTE,POUR,Responsabilité individuelle,Economie: privé et public,Féministe: POUR féministe,Féministe: POUR féministe,Risque facile,QS,BQ,Femme,Non francophones,18-39 ans,Né Canada,Collégial,Revenus bas
Ind_713,-2.69552,-0.588796,-0.480571,Sou_OUI,POUR,POUR,CONTRE,POUR,POUR,POUR,DÉSACCORD,DÉSACCORD,OPTIMISTE,NEUTRE,OPTIMISTE,CONTRE,Responsabilité collective,Economie: privé seulement,Féministe: POUR féministe,Féministe: POUR féministe,Risque difficile,PQ,BQ,Femme,Francophones,18-39 ans,Né Canada,Universitaire,Revenus bas
Ind_714,-2.322861,0.239552,-0.241593,Sou_OUI,POUR,POUR,CONTRE,POUR,POUR,POUR,DÉSACCORD,DÉSACCORD,OPTIMISTE,NEUTRE,OPTIMISTE,NEUTRE,Responsabilité collective,Economie: privé et public,Feministre: NEUTRE féministe,Feministre: NEUTRE féministe,Risque difficile,QS,Vote fed: NSP,Homme,Francophones,18-39 ans,Né Canada,Universitaire,NSP
Ind_715,-2.31823,-1.136846,-1.209673,Sou_OUI,POUR,POUR,CONTRE,POUR,POUR,POUR,ACCORD,NEUTRE,OPTIMISTE,NEUTRE,OPTIMISTE,NEUTRE,Responsabilité collective,Economie: privé et public,Féministe: POUR féministe,Féministe: POUR féministe,Risque difficile,QS,NPD,Homme,Francophones,60 ans et plus,Né Canada,Universitaire,Revenus bas
Ind_716,-0.076556,-0.376581,0.932385,Sou_NON,POUR,POUR,POUR,NEUTRE,NEUTRE,NEUTRE,ACCORD,DÉSACCORD,OPTIMISTE,PESSIMISTE,OPTIMISTE,NEUTRE,Responsabilité collective,Economie: privé seulement,Feministre: NEUTRE féministe,Feministre: NEUTRE féministe,Risque difficile,NSP,PLC,Femme,Francophones,18-39 ans,Né Canada,Collégial,Revenus élevés
Ind_717,-1.705803,-1.125638,-0.667366,Sou_OUI,POUR,POUR,POUR,POUR,POUR,NEUTRE,ACCORD,NEUTRE,OPTIMISTE,NEUTRE,OPTIMISTE,CONTRE,Responsabilité collective,Economie: privé et public,Féministe: POUR féministe,Féministe: POUR féministe,Risque difficile,QS,PVQ,Homme,Francophones,18-39 ans,Né Canada,Universitaire,Revenus bas
Ind_718,0.583031,0.98083,0.634674,Sou_NON,POUR,POUR,POUR,CONTRE,CONTRE,CONTRE,NEUTRE,NEUTRE,NSP,NEUTRE,NEUTRE,CONTRE,Responsabilité individuelle,Economie: neutre,Feministe: CONTRE féministe,Feministre: NEUTRE féministe,Risque difficile,PLQ,PLC,Homme,Francophones,40-59 ans,Né Canada,Secondaire,Revenus moyens
Ind_719,1.414618,0.063529,-0.215393,Sou_NON,CONTRE,CONTRE,CONTRE,CONTRE,CONTRE,CONTRE,NEUTRE,DÉSACCORD,PESSIMISTE,PESSIMISTE,PESSIMISTE,CONTRE,Responsabilité individuelle,Economie: neutre,Féministe: POUR féministe,Féministe: POUR féministe,Risque difficile,CAQ,PLC,Femme,Francophones,60 ans et plus,Né Canada,Secondaire,Revenus moyens
Ind_720,-2.80572,0.29385,-0.523708,Sou_OUI,POUR,POUR,CONTRE,POUR,POUR,POUR,NEUTRE,DÉSACCORD,OPTIMISTE,OPTIMISTE,OPTIMISTE,NEUTRE,Responsabilité mixte,Economie: privé et public,NSP,Féministe: POUR féministe,Risque facile,PQ,BQ,Homme,Francophones,60 ans et plus,Né Canada,Secondaire,Revenus bas
Ind_721,0.034818,-0.981422,0.296813,Sou_NON,CONTRE,POUR,CONTRE,POUR,NSP,CONTRE,NEUTRE,NEUTRE,NSP,NSP,NEUTRE,NSP,Responsabilité collective,Economie: privé seulement,Féministe: POUR féministe,Féministe: POUR féministe,Risque facile,NSP,PLC,Femme,Francophones,60 ans et plus,Né Canada,Secondaire,NSP
Ind_722,0.611912,0.22996,0.695006,Sou_NON,CONTRE,CONTRE,POUR,POUR,CONTRE,NEUTRE,NEUTRE,DÉSACCORD,PESSIMISTE,PESSIMISTE,NEUTRE,CONTRE,Responsabilité individuelle,Economie: privé seulement,Féministe: POUR féministe,Feministre: NEUTRE féministe,Risque difficile,PQ,BQ,Femme,Francophones,18-39 ans,Né Canada,Secondaire,Revenus bas
Ind_723,-0.396036,1.328845,0.59532,Sou_NON,POUR,POUR,POUR,NEUTRE,POUR,CONTRE,ACCORD,ACCORD,NEUTRE,NEUTRE,OPTIMISTE,CONTRE,Responsabilité individuelle,Economie: privé seulement,Feministre: NEUTRE féministe,Feministre: NEUTRE féministe,Risque facile,NSP,PCC,Homme,Francophones,60 ans et plus,Né Canada,Secondaire,Revenus bas
Ind_724,1.271352,-1.046003,-0.249386,Sou_NON,CONTRE,CONTRE,POUR,POUR,CONTRE,CONTRE,ACCORD,NEUTRE,OPTIMISTE,PESSIMISTE,PESSIMISTE,NEUTRE,Responsabilité mixte,Economie: neutre,Féministe: POUR féministe,Féministe: POUR féministe,Risque difficile,PCQ,PCC,Femme,Francophones,18-39 ans,Né Canada,Secondaire,Revenus moyens
Ind_725,-2.511794,1.282878,-0.073143,Sou_OUI,POUR,POUR,CONTRE,POUR,POUR,POUR,NEUTRE,DÉSACCORD,PESSIMISTE,NEUTRE,OPTIMISTE,CONTRE,Responsabilité individuelle,Economie: privé seulement,Feministre: NEUTRE féministe,Féministe: POUR féministe,Risque facile,PQ,BQ,Homme,Francophones,60 ans et plus,Né Canada,Collégial,Revenus bas
Ind_726,-2.120412,-1.028477,-1.397717,Sou_OUI,CONTRE,POUR,CONTRE,POUR,POUR,POUR,ACCORD,ACCORD,OPTIMISTE,NEUTRE,OPTIMISTE,CONTRE,Responsabilité collective,Economie: privé et public,Féministe: POUR féministe,Féministe: POUR féministe,Risque facile,PQ,BQ,Femme,Francophones,60 ans et plus,Né Canada,Universitaire,Revenus moyens
Ind_727,1.596659,1.113018,0.732874,Sou_NON,CONTRE,CONTRE,POUR,NEUTRE,CONTRE,CONTRE,NSP,NSP,NSP,PESSIMISTE,PESSIMISTE,CONTRE,Responsabilité mixte,NSP,Feministe: CONTRE féministe,Feministre: NEUTRE féministe,Risque facile,PCQ,PCC,Homme,Francophones,18-39 ans,Né Canada,Secondaire,Revenus moyens
Ind_728,-1.253796,0.632645,0.447185,Sou_OUI,POUR,CONTRE,POUR,POUR,NEUTRE,NEUTRE,DÉSACCORD,DÉSACCORD,PESSIMISTE,OPTIMISTE,OPTIMISTE,CONTRE,Responsabilité mixte,Economie: privé et public,Feministre: NEUTRE féministe,Feministe: CONTRE féministe,Risque facile,PQ,BQ,Femme,Francophones,60 ans et plus,Né Canada,Collégial,Revenus moyens
Ind_729,2.043912,0.948312,-0.71104,Sou_NON,CONTRE,CONTRE,POUR,CONTRE,CONTRE,CONTRE,ACCORD,DÉSACCORD,NEUTRE,PESSIMISTE,PESSIMISTE,POUR,Responsabilité mixte,Economie: privé et public,Feministre: NEUTRE féministe,Feministre: NEUTRE féministe,Risque facile,NSP,PLC,Homme,Non francophones,60 ans et plus,Né Canada,Collégial,Revenus bas
Ind_730,-2.230792,-0.923579,-0.848299,Sou_OUI,POUR,POUR,CONTRE,POUR,POUR,NEUTRE,NEUTRE,DÉSACCORD,NEUTRE,NEUTRE,OPTIMISTE,POUR,Responsabilité collective,Economie: privé et public,Féministe: POUR féministe,Féministe: POUR féministe,Risque facile,PQ,BQ,Femme,Francophones,60 ans et plus,Né Canada,Universitaire,Revenus bas
Ind_731,1.62987,-0.052298,-0.793402,Sou_NON,CONTRE,CONTRE,POUR,CONTRE,CONTRE,POUR,ACCORD,NEUTRE,OPTIMISTE,PESSIMISTE,PESSIMISTE,CONTRE,Responsabilité individuelle,Economie: privé seulement,Féministe: POUR féministe,Feministe: CONTRE féministe,Risque difficile,PLQ,PCC,Femme,Non francophones,40-59 ans,Né Ailleurs,Universitaire,Revenus élevés
Ind_732,-2.417623,-0.225476,-1.370536,Sou_OUI,POUR,CONTRE,CONTRE,POUR,POUR,POUR,DÉSACCORD,DÉSACCORD,OPTIMISTE,OPTIMISTE,OPTIMISTE,CONTRE,Responsabilité collective,Economie: privé et public,Féministe: POUR féministe,Féministe: POUR féministe,Risque facile,PQ,BQ,Femme,Francophones,60 ans et plus,Né Canada,Universitaire,Revenus moyens
Ind_733,0.047408,0.531372,-0.59315,Sou_NON,CONTRE,POUR,POUR,POUR,POUR,POUR,ACCORD,NEUTRE,PESSIMISTE,PESSIMISTE,NEUTRE,POUR,Responsabilité collective,Economie: privé et public,Feministre: NEUTRE féministe,Feministre: NEUTRE féministe,Risque facile,CAQ,PLC,Homme,Francophones,60 ans et plus,Né Canada,Collégial,Revenus moyens
Ind_734,-1.056719,-1.402617,0.340724,Sou_NSP,POUR,NSP,NSP,NEUTRE,POUR,NSP,NSP,DÉSACCORD,OPTIMISTE,OPTIMISTE,OPTIMISTE,CONTRE,NSP,Economie: privé et public,Féministe: POUR féministe,Féministe: POUR féministe,Risque difficile,QS,PLC,Femme,Francophones,40-59 ans,Né Ailleurs,Universitaire,NSP
Ind_735,-1.189116,0.763325,1.104979,Sou_OUI,POUR,POUR,POUR,NSP,POUR,NEUTRE,DÉSACCORD,DÉSACCORD,PESSIMISTE,NEUTRE,NEUTRE,CONTRE,Responsabilité collective,Economie: privé seulement,NSP,NSP,Risque difficile,PQ,PCC,Homme,Francophones,40-59 ans,Né Canada,Secondaire,NSP
Ind_736,1.146611,0.695422,0.241344,Sou_NON,CONTRE,CONTRE,CONTRE,NEUTRE,CONTRE,CONTRE,ACCORD,NEUTRE,NSP,PESSIMISTE,NEUTRE,CONTRE,Responsabilité individuelle,Economie: privé et public,Feministe: CONTRE féministe,Feministre: NEUTRE féministe,Risque difficile,NSP,PLC,Homme,Francophones,60 ans et plus,Né Canada,Secondaire,Revenus bas
Ind_737,1.722911,-0.100687,0.876121,Sou_NON,CONTRE,CONTRE,POUR,CONTRE,CONTRE,NEUTRE,NSP,DÉSACCORD,PESSIMISTE,NEUTRE,PESSIMISTE,CONTRE,Responsabilité mixte,Economie: neutre,NSP,NSP,Risque difficile,PLQ,PLC,Femme,Non francophones,40-59 ans,Né Canada,Collégial,NSP
Ind_738,-0.71536,0.928746,1.340986,Sou_NON,NSP,POUR,CONTRE,NEUTRE,POUR,NEUTRE,NEUTRE,DÉSACCORD,NEUTRE,NEUTRE,OPTIMISTE,CONTRE,Responsabilité individuelle,Economie: neutre,Feministe: CONTRE féministe,Feministre: NEUTRE féministe,Risque difficile,NSP,PLC,Homme,Francophones,60 ans et plus,Né Canada,Collégial,NSP
Ind_739,-1.066033,-1.828644,0.420953,Sou_NSP,POUR,POUR,POUR,POUR,NSP,POUR,NSP,NSP,OPTIMISTE,NSP,NSP,NEUTRE,Responsabilité collective,Economie: privé et public,Féministe: POUR féministe,Féministe: POUR féministe,Risque facile,QS,Vote fed: NSP,Femme,Francophones,18-39 ans,Né Canada,Collégial,Revenus moyens
Ind_740,1.46979,-0.401265,-0.71308,Sou_NON,CONTRE,CONTRE,POUR,CONTRE,CONTRE,CONTRE,ACCORD,DÉSACCORD,NEUTRE,PESSIMISTE,PESSIMISTE,POUR,Responsabilité individuelle,Economie: neutre,Féministe: POUR féministe,Féministe: POUR féministe,Risque facile,PQ,BQ,Femme,Francophones,18-39 ans,Né Canada,Secondaire,NSP
Ind_741,1.174509,-0.72705,0.485944,Sou_NON,CONTRE,POUR,POUR,CONTRE,CONTRE,CONTRE,DÉSACCORD,DÉSACCORD,NEUTRE,PESSIMISTE,NEUTRE,CONTRE,Responsabilité mixte,Economie: privé et public,Féministe: POUR féministe,Féministe: POUR féministe,Risque difficile,NSP,Vote fed: NSP,Femme,Francophones,18-39 ans,Né Canada,Collégial,Revenus bas
Ind_742,-2.250253,-0.469606,0.188436,Sou_OUI,POUR,POUR,CONTRE,POUR,POUR,POUR,ACCORD,ACCORD,PESSIMISTE,OPTIMISTE,OPTIMISTE,CONTRE,Responsabilité individuelle,Economie: neutre,Féministe: POUR féministe,Feministre: NEUTRE féministe,Risque difficile,PQ,BQ,Femme,Francophones,18-39 ans,Né Canada,Collégial,Revenus bas
Ind_743,1.929206,0.459047,-1.307096,Sou_NON,CONTRE,CONTRE,POUR,CONTRE,CONTRE,CONTRE,DÉSACCORD,DÉSACCORD,NEUTRE,PESSIMISTE,PESSIMISTE,CONTRE,Responsabilité individuelle,Economie: privé et public,Féministe: POUR féministe,Féministe: POUR féministe,Risque difficile,PLQ,PCC,Homme,Non francophones,18-39 ans,Né Canada,Universitaire,Revenus moyens
Ind_744,0.678861,-0.933155,0.603061,Sou_NON,CONTRE,POUR,CONTRE,NEUTRE,CONTRE,NEUTRE,ACCORD,ACCORD,NEUTRE,PESSIMISTE,NSP,NEUTRE,Responsabilité mixte,Economie: neutre,NSP,Féministe: POUR féministe,Risque facile,CAQ,PLC,Femme,Francophones,60 ans et plus,Né Canada,Secondaire,NSP
Ind_745,0.357796,0.353743,0.526122,Sou_NON,CONTRE,POUR,POUR,POUR,CONTRE,CONTRE,ACCORD,NEUTRE,PESSIMISTE,PESSIMISTE,OPTIMISTE,CONTRE,Responsabilité individuelle,Economie: privé seulement,Feministre: NEUTRE féministe,Feministre: NEUTRE féministe,Risque difficile,PQ,BQ,Femme,Francophones,18-39 ans,Né Canada,Collégial,Revenus bas
Ind_746,0.132805,-0.690009,0.340614,Sou_NON,POUR,POUR,POUR,POUR,CONTRE,NEUTRE,NEUTRE,NEUTRE,OPTIMISTE,PESSIMISTE,NEUTRE,POUR,Responsabilité mixte,Economie: privé et public,Feministre: NEUTRE féministe,Feministre: NEUTRE féministe,Risque difficile,NSP,PLC,Femme,Francophones,18-39 ans,Né Canada,Universitaire,Revenus élevés
Ind_747,0.673807,0.589216,0.223119,Sou_NON,CONTRE,POUR,POUR,POUR,NSP,CONTRE,NSP,DÉSACCORD,NEUTRE,PESSIMISTE,NSP,POUR,Responsabilité collective,Economie: privé seulement,Feministre: NEUTRE féministe,Feministre: NEUTRE féministe,Risque difficile,NSP,PLC,Homme,Francophones,60 ans et plus,Né Canada,Universitaire,Revenus moyens
Ind_748,-2.667722,0.950269,0.054655,Sou_OUI,POUR,POUR,CONTRE,POUR,POUR,POUR,NEUTRE,ACCORD,OPTIMISTE,OPTIMISTE,OPTIMISTE,CONTRE,Responsabilité collective,Economie: neutre,Feministre: NEUTRE féministe,Feministre: NEUTRE féministe,Risque facile,PQ,BQ,Homme,Francophones,40-59 ans,Né Canada,Collégial,Revenus bas
Ind_749,-0.880486,0.920561,0.327565,Sou_OUI,POUR,POUR,POUR,POUR,CONTRE,CONTRE,ACCORD,NEUTRE,OPTIMISTE,NEUTRE,OPTIMISTE,CONTRE,Responsabilité individuelle,Economie: neutre,Feministre: NEUTRE féministe,Feministre: NEUTRE féministe,Risque difficile,CAQ,PLC,Homme,Francophones,60 ans et plus,Né Canada,Secondaire,Revenus bas
Ind_750,-0.14469,-0.828787,-0.444682,Sou_NON,NSP,POUR,POUR,POUR,NSP,NSP,ACCORD,DÉSACCORD,NEUTRE,PESSIMISTE,NSP,POUR,Responsabilité collective,Economie: privé et public,Féministe: POUR féministe,Féministe: POUR féministe,Risque facile,QS,BQ,Homme,Francophones,18-39 ans,Né Canada,Secondaire,Revenus bas
Ind_751,1.74727,-0.05926,-0.238226,Sou_NON,CONTRE,CONTRE,POUR,CONTRE,CONTRE,CONTRE,NEUTRE,DÉSACCORD,NSP,PESSIMISTE,PESSIMISTE,CONTRE,Responsabilité individuelle,Economie: privé et public,Féministe: POUR féministe,Féministe: POUR féministe,Risque difficile,PCQ,PCC,Femme,Francophones,40-59 ans,Né Canada,Collégial,Revenus élevés
Ind_752,-1.320442,-1.819317,0.908713,Sou_OUI,NSP,POUR,CONTRE,POUR,NSP,NSP,NSP,NSP,OPTIMISTE,NSP,NSP,NSP,Responsabilité collective,Economie: neutre,Féministe: POUR féministe,Féministe: POUR féministe,Risque difficile,NSP,BQ,Femme,Francophones,40-59 ans,Né Canada,Universitaire,Revenus bas
Ind_753,1.695479,0.213752,-0.151317,Sou_NON,CONTRE,CONTRE,POUR,CONTRE,CONTRE,CONTRE,ACCORD,ACCORD,PESSIMISTE,PESSIMISTE,OPTIMISTE,NEUTRE,Responsabilité mixte,Economie: neutre,Feministre: NEUTRE féministe,Feministre: NEUTRE féministe,Risque facile,PLQ,PLC,Femme,Francophones,60 ans et plus,Né Canada,Collégial,Revenus moyens
Ind_754,-2.73333,1.514733,-0.23813,Sou_OUI,POUR,POUR,CONTRE,POUR,POUR,POUR,DÉSACCORD,ACCORD,OPTIMISTE,OPTIMISTE,OPTIMISTE,CONTRE,Responsabilité individuelle,Economie: privé seulement,Feministe: CONTRE féministe,Feministe: CONTRE féministe,Risque facile,PQ,BQ,Homme,Francophones,60 ans et plus,Né Canada,Secondaire,Revenus bas
Ind_755,-2.378412,0.150075,-0.508641,Sou_OUI,POUR,CONTRE,CONTRE,POUR,POUR,POUR,DÉSACCORD,DÉSACCORD,OPTIMISTE,OPTIMISTE,OPTIMISTE,NEUTRE,Responsabilité mixte,Economie: privé et public,Féministe: POUR féministe,Feministre: NEUTRE féministe,Risque facile,PQ,BQ,Femme,Francophones,60 ans et plus,Né Canada,Secondaire,Revenus bas
Ind_756,2.325553,-1.625029,-1.862782,Sou_NON,CONTRE,CONTRE,POUR,CONTRE,CONTRE,CONTRE,ACCORD,ACCORD,NEUTRE,PESSIMISTE,PESSIMISTE,POUR,Responsabilité collective,Economie: privé et public,Féministe: POUR féministe,Féministe: POUR féministe,Risque difficile,PLQ,PLC,Femme,Non francophones,18-39 ans,Né Canada,Universitaire,Revenus élevés
Ind_757,2.080743,-1.001328,-1.559427,Sou_NON,CONTRE,CONTRE,POUR,CONTRE,CONTRE,CONTRE,ACCORD,ACCORD,OPTIMISTE,PESSIMISTE,PESSIMISTE,POUR,Responsabilité mixte,NSP,Féministe: POUR féministe,Féministe: POUR féministe,Risque facile,PLQ,PLC,Femme,Non francophones,40-59 ans,Né Ailleurs,Universitaire,Revenus bas
Ind_758,1.331155,-0.20392,-0.995179,Sou_NON,CONTRE,CONTRE,POUR,CONTRE,CONTRE,CONTRE,ACCORD,ACCORD,NEUTRE,PESSIMISTE,PESSIMISTE,CONTRE,Responsabilité mixte,Economie: privé et public,Féministe: POUR féministe,Féministe: POUR féministe,Risque facile,PQ,BQ,Homme,Francophones,18-39 ans,Né Canada,Secondaire,Revenus bas
Ind_759,0.870248,-1.82498,-1.118785,Sou_NON,CONTRE,CONTRE,POUR,CONTRE,CONTRE,CONTRE,ACCORD,ACCORD,OPTIMISTE,NEUTRE,OPTIMISTE,NEUTRE,Responsabilité collective,Economie: privé et public,Féministe: POUR féministe,Féministe: POUR féministe,Risque difficile,QS,NPD,Femme,Francophones,18-39 ans,Né Canada,Universitaire,Revenus bas
Ind_760,2.14908,0.210943,-0.649604,Sou_NON,CONTRE,CONTRE,POUR,CONTRE,CONTRE,CONTRE,ACCORD,ACCORD,PESSIMISTE,PESSIMISTE,PESSIMISTE,CONTRE,Responsabilité individuelle,Economie: privé seulement,Feministe: CONTRE féministe,Féministe: POUR féministe,Risque difficile,PCQ,PCC,Femme,Non francophones,60 ans et plus,Né Canada,Universitaire,Revenus élevés
Ind_761,-2.726689,0.783243,0.213119,Sou_OUI,POUR,POUR,CONTRE,POUR,POUR,POUR,DÉSACCORD,DÉSACCORD,OPTIMISTE,OPTIMISTE,OPTIMISTE,NEUTRE,Responsabilité individuelle,Economie: neutre,NSP,NSP,Risque difficile,PQ,BQ,Homme,Francophones,60 ans et plus,Né Canada,Secondaire,NSP
Ind_762,1.810974,-0.481198,-0.401839,Sou_NON,CONTRE,CONTRE,POUR,CONTRE,CONTRE,CONTRE,NEUTRE,NEUTRE,PESSIMISTE,PESSIMISTE,NEUTRE,POUR,Responsabilité mixte,Economie: privé seulement,Féministe: POUR féministe,Féministe: POUR féministe,Risque facile,PLQ,PLC,Femme,Francophones,60 ans et plus,Né Canada,Collégial,Revenus bas
Ind_763,-2.459496,0.26788,-0.714309,Sou_OUI,POUR,POUR,CONTRE,POUR,POUR,POUR,ACCORD,DÉSACCORD,NEUTRE,NEUTRE,OPTIMISTE,NEUTRE,Responsabilité collective,Economie: neutre,Féministe: POUR féministe,Feministre: NEUTRE féministe,Risque facile,PQ,BQ,Homme,Francophones,60 ans et plus,Né Canada,Universitaire,Revenus bas
Ind_764,0.32034,0.010071,-0.178054,Sou_NON,CONTRE,POUR,POUR,CONTRE,NEUTRE,CONTRE,ACCORD,DÉSACCORD,OPTIMISTE,OPTIMISTE,OPTIMISTE,NEUTRE,Responsabilité individuelle,Economie: neutre,Feministre: NEUTRE féministe,Féministe: POUR féministe,Risque facile,CAQ,PLC,Femme,Francophones,40-59 ans,Né Canada,Universitaire,Revenus bas
Ind_765,0.496193,-0.183581,0.937713,Sou_NON,CONTRE,POUR,POUR,CONTRE,POUR,NSP,ACCORD,NSP,OPTIMISTE,NSP,NSP,CONTRE,Responsabilité mixte,Economie: privé seulement,NSP,Feministe: CONTRE féministe,Risque difficile,NSP,PLC,Homme,Non francophones,18-39 ans,Né Canada,Collégial,NSP
Ind_766,0.499685,-0.842092,-0.187446,Sou_NON,CONTRE,POUR,POUR,POUR,CONTRE,CONTRE,NEUTRE,NEUTRE,OPTIMISTE,PESSIMISTE,NEUTRE,CONTRE,Responsabilité mixte,Economie: privé et public,Féministe: POUR féministe,Féministe: POUR féministe,Risque facile,NSP,BQ,Femme,Francophones,18-39 ans,Né Ailleurs,Collégial,Revenus élevés
Ind_767,0.390994,0.966775,-0.557976,Sou_NON,CONTRE,POUR,POUR,POUR,CONTRE,CONTRE,DÉSACCORD,DÉSACCORD,NEUTRE,PESSIMISTE,OPTIMISTE,CONTRE,Responsabilité individuelle,Economie: privé seulement,Feministe: CONTRE féministe,Féministe: POUR féministe,Risque difficile,PQ,PLC,Homme,Francophones,18-39 ans,Né Canada,Universitaire,Revenus moyens
Ind_768,2.159755,0.605693,-1.325777,Sou_NON,CONTRE,CONTRE,POUR,CONTRE,CONTRE,CONTRE,DÉSACCORD,ACCORD,NEUTRE,PESSIMISTE,PESSIMISTE,CONTRE,Responsabilité individuelle,Economie: privé et public,Feministe: CONTRE féministe,Féministe: POUR féministe,Risque difficile,PLQ,PLC,Homme,Non francophones,40-59 ans,Né Canada,Universitaire,Revenus élevés
Ind_769,-0.362163,-0.67516,-0.620462,Sou_NON,CONTRE,POUR,POUR,POUR,NEUTRE,NEUTRE,NEUTRE,ACCORD,OPTIMISTE,PESSIMISTE,OPTIMISTE,CONTRE,Responsabilité collective,Economie: privé et public,Féministe: POUR féministe,Féministe: POUR féministe,Risque difficile,PQ,PLC,Homme,Francophones,60 ans et plus,Né Canada,Universitaire,Revenus bas
Ind_770,2.307999,-0.496466,-1.014263,Sou_NON,CONTRE,CONTRE,POUR,CONTRE,CONTRE,CONTRE,ACCORD,NEUTRE,PESSIMISTE,PESSIMISTE,PESSIMISTE,NEUTRE,Responsabilité individuelle,Economie: neutre,Féministe: POUR féministe,Féministe: POUR féministe,Risque facile,PLQ,PLC,Femme,Non francophones,40-59 ans,Né Canada,Collégial,Revenus élevés
Ind_771,-0.987898,1.613581,0.64276,Sou_NON,CONTRE,POUR,CONTRE,NEUTRE,POUR,CONTRE,DÉSACCORD,DÉSACCORD,OPTIMISTE,OPTIMISTE,OPTIMISTE,CONTRE,Responsabilité mixte,Economie: neutre,Feministre: NEUTRE féministe,Feministre: NEUTRE féministe,Risque facile,PQ,Vote fed: NSP,Homme,Francophones,60 ans et plus,Né Canada,Collégial,Revenus moyens
Ind_772,1.508889,1.848919,-0.402013,Sou_NON,CONTRE,CONTRE,POUR,CONTRE,CONTRE,CONTRE,DÉSACCORD,DÉSACCORD,OPTIMISTE,PESSIMISTE,PESSIMISTE,CONTRE,Responsabilité individuelle,Economie: privé et public,Feministre: NEUTRE féministe,Feministre: NEUTRE féministe,Risque facile,NSP,PLC,Homme,Francophones,40-59 ans,Né Canada,Collégial,Revenus moyens
Ind_773,-1.628173,1.092848,-0.938251,Sou_OUI,POUR,CONTRE,CONTRE,POUR,POUR,NEUTRE,DÉSACCORD,DÉSACCORD,OPTIMISTE,PESSIMISTE,OPTIMISTE,CONTRE,Responsabilité individuelle,Economie: privé et public,Feministe: CONTRE féministe,Féministe: POUR féministe,Risque facile,CAQ,BQ,Homme,Francophones,40-59 ans,Né Canada,Universitaire,Revenus moyens
Ind_774,1.603862,-0.017326,-0.042642,Sou_NON,CONTRE,CONTRE,POUR,CONTRE,NSP,NSP,ACCORD,ACCORD,PESSIMISTE,NEUTRE,PESSIMISTE,CONTRE,Responsabilité individuelle,Economie: privé et public,Feministre: NEUTRE féministe,Feministre: NEUTRE féministe,Risque difficile,PLQ,PLC,Femme,Non francophones,40-59 ans,Né Canada,Collégial,Revenus moyens
Ind_775,-1.033831,-1.090555,-0.824651,Sou_OUI,CONTRE,POUR,POUR,POUR,POUR,POUR,ACCORD,NEUTRE,OPTIMISTE,NEUTRE,NEUTRE,POUR,Responsabilité individuelle,Economie: neutre,Féministe: POUR féministe,Féministe: POUR féministe,Risque facile,PQ,PLC,Femme,Francophones,18-39 ans,Né Ailleurs,Universitaire,Revenus bas
Ind_776,0.908743,-0.266776,0.713329,Sou_NON,CONTRE,CONTRE,POUR,NSP,NSP,CONTRE,NSP,NEUTRE,NEUTRE,PESSIMISTE,NEUTRE,CONTRE,NSP,NSP,Féministe: POUR féministe,Feministre: NEUTRE féministe,Risque facile,PQ,BQ,Femme,Francophones,18-39 ans,Né Canada,Collégial,Revenus bas
Ind_777,-2.630084,-1.156287,-1.300141,Sou_OUI,POUR,POUR,CONTRE,POUR,POUR,POUR,NEUTRE,ACCORD,OPTIMISTE,NEUTRE,OPTIMISTE,NEUTRE,Responsabilité collective,Economie: privé et public,Féministe: POUR féministe,Féministe: POUR féministe,Risque facile,PQ,BQ,Femme,Francophones,60 ans et plus,Né Canada,Universitaire,Revenus moyens
Ind_778,-0.857854,0.975477,-0.622482,Sou_OUI,CONTRE,CONTRE,POUR,POUR,POUR,POUR,ACCORD,ACCORD,OPTIMISTE,OPTIMISTE,OPTIMISTE,CONTRE,Responsabilité individuelle,Economie: privé seulement,Feministe: CONTRE féministe,NSP,Risque facile,PCQ,PCC,Homme,Francophones,18-39 ans,Né Canada,Universitaire,Revenus élevés
Ind_779,-2.704352,-0.077274,-1.636085,Sou_OUI,POUR,POUR,CONTRE,POUR,POUR,POUR,DÉSACCORD,ACCORD,OPTIMISTE,OPTIMISTE,OPTIMISTE,POUR,Responsabilité individuelle,Economie: privé et public,Féministe: POUR féministe,Féministe: POUR féministe,Risque facile,PQ,BQ,Homme,Francophones,60 ans et plus,Né Ailleurs,Universitaire,NSP
Ind_780,1.949112,-0.574853,-0.066472,Sou_NON,CONTRE,CONTRE,POUR,CONTRE,CONTRE,CONTRE,NSP,ACCORD,NEUTRE,PESSIMISTE,PESSIMISTE,CONTRE,Responsabilité mixte,Economie: privé seulement,Féministe: POUR féministe,Féministe: POUR féministe,Risque difficile,CAQ,PLC,Femme,Francophones,60 ans et plus,Né Ailleurs,Collégial,Revenus bas
Ind_781,0.165408,1.279385,0.333501,Sou_NON,CONTRE,CONTRE,CONTRE,NEUTRE,NEUTRE,CONTRE,DÉSACCORD,DÉSACCORD,OPTIMISTE,PESSIMISTE,OPTIMISTE,NEUTRE,Responsabilité individuelle,Economie: neutre,Feministe: CONTRE féministe,Feministre: NEUTRE féministe,Risque difficile,PQ,PLC,Homme,Francophones,60 ans et plus,Né Canada,Collégial,Revenus bas
Ind_782,-1.28845,-0.517969,0.209676,Sou_OUI,POUR,CONTRE,POUR,POUR,POUR,NEUTRE,ACCORD,ACCORD,OPTIMISTE,OPTIMISTE,OPTIMISTE,CONTRE,Responsabilité mixte,Economie: privé et public,Feministe: CONTRE féministe,Feministe: CONTRE féministe,Risque difficile,QS,BQ,Femme,Francophones,40-59 ans,Né Canada,Collégial,Revenus bas
Ind_783,-2.762363,0.340183,-0.529989,Sou_OUI,POUR,POUR,CONTRE,POUR,POUR,POUR,NEUTRE,DÉSACCORD,OPTIMISTE,NEUTRE,OPTIMISTE,CONTRE,Responsabilité mixte,Economie: privé et public,Feministre: NEUTRE féministe,Féministe: POUR féministe,Risque difficile,PQ,BQ,Homme,Francophones,60 ans et plus,Né Canada,Universitaire,Revenus moyens
Ind_784,1.821495,-0.7466,-1.246108,Sou_NON,CONTRE,CONTRE,POUR,CONTRE,CONTRE,CONTRE,ACCORD,NEUTRE,NEUTRE,PESSIMISTE,PESSIMISTE,CONTRE,Responsabilité collective,Economie: privé et public,Féministe: POUR féministe,Féministe: POUR féministe,Risque difficile,QS,PLC,Homme,Francophones,18-39 ans,Né Canada,Universitaire,Revenus bas
Ind_785,1.3122,-1.349005,0.040911,Sou_NON,CONTRE,POUR,POUR,NEUTRE,CONTRE,CONTRE,NSP,ACCORD,NEUTRE,PESSIMISTE,NSP,POUR,Responsabilité mixte,Economie: neutre,Féministe: POUR féministe,Féministe: POUR féministe,Risque difficile,PLQ,PLC,Femme,Francophones,60 ans et plus,Né Canada,Universitaire,Revenus bas
Ind_786,-0.011032,0.481941,-0.50937,Sou_NON,CONTRE,POUR,POUR,POUR,POUR,POUR,DÉSACCORD,DÉSACCORD,PESSIMISTE,PESSIMISTE,PESSIMISTE,NEUTRE,Responsabilité mixte,Economie: neutre,Féministe: POUR féministe,Féministe: POUR féministe,Risque facile,CAQ,PLC,Homme,Francophones,60 ans et plus,Né Canada,Collégial,Revenus moyens
Ind_787,-2.459519,0.433436,-0.090511,Sou_OUI,POUR,POUR,CONTRE,POUR,POUR,POUR,NEUTRE,NEUTRE,OPTIMISTE,NEUTRE,OPTIMISTE,CONTRE,Responsabilité individuelle,Economie: neutre,Feministe: CONTRE féministe,Féministe: POUR féministe,Risque difficile,CAQ,BQ,Homme,Francophones,60 ans et plus,Né Canada,Universitaire,Revenus bas
Ind_788,-1.61504,-0.989659,0.236795,Sou_OUI,POUR,POUR,POUR,POUR,NEUTRE,POUR,ACCORD,NEUTRE,OPTIMISTE,OPTIMISTE,OPTIMISTE,CONTRE,Responsabilité collective,Economie: neutre,Féministe: POUR féministe,Féministe: POUR féministe,Risque difficile,CAQ,PCC,Femme,Francophones,60 ans et plus,Né Canada,Secondaire,Revenus bas
Ind_789,-2.391487,-0.801133,-1.302571,Sou_OUI,POUR,POUR,CONTRE,POUR,POUR,POUR,ACCORD,DÉSACCORD,OPTIMISTE,NSP,OPTIMISTE,NEUTRE,Responsabilité collective,Economie: privé et public,Féministe: POUR féministe,Féministe: POUR féministe,Risque difficile,PQ,PLC,Homme,Francophones,60 ans et plus,Né Canada,Universitaire,Revenus bas
Ind_790,-0.905848,-2.006064,0.112028,Sou_OUI,POUR,POUR,CONTRE,NEUTRE,CONTRE,POUR,NSP,ACCORD,PESSIMISTE,NSP,NSP,NEUTRE,Responsabilité collective,Economie: privé et public,Féministe: POUR féministe,Féministe: POUR féministe,Risque difficile,QS,NPD,Femme,Francophones,18-39 ans,Né Canada,Collégial,Revenus moyens
Ind_791,0.697762,-1.042279,2.196707,Sou_NON,CONTRE,NSP,POUR,NEUTRE,NEUTRE,NEUTRE,NEUTRE,NEUTRE,NEUTRE,NSP,NEUTRE,CONTRE,Responsabilité collective,Economie: neutre,Feministre: NEUTRE féministe,Féministe: POUR féministe,Risque difficile,NSP,Vote fed: NSP,Femme,Francophones,60 ans et plus,Né Canada,Collégial,NSP
Ind_792,-0.618263,-0.405252,2.553632,Sou_NSP,NSP,NSP,NSP,NSP,NEUTRE,POUR,NSP,NSP,NSP,NSP,OPTIMISTE,CONTRE,Responsabilité mixte,Economie: neutre,NSP,NSP,NSP,NSP,Vote fed: NSP,Homme,Francophones,40-59 ans,Né Canada,Collégial,Revenus moyens
Ind_793,1.771935,-0.59282,-0.370191,Sou_NON,CONTRE,CONTRE,POUR,NEUTRE,CONTRE,CONTRE,ACCORD,ACCORD,NEUTRE,PESSIMISTE,PESSIMISTE,POUR,Responsabilité individuelle,Economie: privé seulement,Féministe: POUR féministe,Féministe: POUR féministe,Risque facile,NSP,Vote fed: NSP,Femme,Francophones,60 ans et plus,Né Canada,Collégial,Revenus élevés
Ind_794,1.467888,0.041699,-0.771381,Sou_NON,CONTRE,POUR,POUR,CONTRE,CONTRE,NSP,ACCORD,ACCORD,NEUTRE,PESSIMISTE,PESSIMISTE,CONTRE,Responsabilité mixte,Economie: privé et public,Feministe: CONTRE féministe,Féministe: POUR féministe,Risque facile,Vote prov: NSP,Vote fed: NSP,Homme,Non francophones,40-59 ans,Né Ailleurs,Universitaire,Revenus moyens
Ind_795,-2.213684,-0.260235,-0.043888,Sou_OUI,POUR,POUR,CONTRE,POUR,POUR,POUR,DÉSACCORD,DÉSACCORD,NEUTRE,NEUTRE,OPTIMISTE,NEUTRE,Responsabilité individuelle,Economie: privé seulement,Féministe: POUR féministe,Féministe: POUR féministe,Risque difficile,CAQ,BQ,Femme,Francophones,60 ans et plus,Né Canada,Collégial,Revenus bas
Ind_796,0.241431,-1.408277,2.083958,Sou_NSP,CONTRE,NSP,NSP,NSP,NSP,NEUTRE,NEUTRE,NSP,NEUTRE,NEUTRE,NSP,POUR,Responsabilité mixte,Economie: neutre,NSP,Féministe: POUR féministe,Risque facile,NSP,Vote fed: NSP,Femme,Francophones,40-59 ans,Né Ailleurs,Collégial,NSP
Ind_797,1.623964,-0.307857,0.337432,Sou_NON,CONTRE,NSP,POUR,CONTRE,CONTRE,NSP,DÉSACCORD,NSP,NSP,PESSIMISTE,NSP,POUR,Responsabilité individuelle,Economie: privé seulement,Feministe: CONTRE féministe,Féministe: POUR féministe,Risque difficile,PLQ,PLC,Femme,Non francophones,60 ans et plus,Né Canada,Collégial,Revenus bas
Ind_798,-2.664805,0.759964,-0.153723,Sou_OUI,POUR,POUR,CONTRE,POUR,POUR,POUR,NEUTRE,DÉSACCORD,OPTIMISTE,OPTIMISTE,OPTIMISTE,CONTRE,Responsabilité individuelle,Economie: privé et public,Feministe: CONTRE féministe,Feministe: CONTRE féministe,Risque facile,PQ,BQ,Femme,Francophones,60 ans et plus,Né Canada,Collégial,Revenus bas
Ind_799,0.473845,1.358629,0.74768,Sou_NON,CONTRE,POUR,POUR,POUR,NEUTRE,CONTRE,DÉSACCORD,DÉSACCORD,PESSIMISTE,PESSIMISTE,PESSIMISTE,CONTRE,Responsabilité individuelle,Economie: privé seulement,NSP,NSP,Risque difficile,CAQ,BQ,Homme,Francophones,40-59 ans,Né Canada,Secondaire,Revenus bas
Ind_800,1.078464,0.468237,1.584135,Sou_NON,NSP,NSP,NSP,CONTRE,CONTRE,CONTRE,NSP,NSP,NEUTRE,PESSIMISTE,PESSIMISTE,CONTRE,Responsabilité mixte,Economie: neutre,Feministre: NEUTRE féministe,Feministe: CONTRE féministe,Risque difficile,Vote prov: NSP,Vote fed: NSP,Homme,Francophones,60 ans et plus,Né Canada,Secondaire,Revenus bas
Ind_801,1.483429,-0.75891,-0.537667,Sou_NON,CONTRE,POUR,POUR,CONTRE,CONTRE,CONTRE,NEUTRE,DÉSACCORD,NEUTRE,PESSIMISTE,NSP,POUR,Responsabilité individuelle,Economie: privé et public,Féministe: POUR féministe,Féministe: POUR féministe,Risque difficile,QS,PLC,Femme,Non francophones,60 ans et plus,Né Canada,Collégial,Revenus bas
Ind_802,-0.633297,1.158849,0.446217,Sou_NON,POUR,POUR,POUR,NEUTRE,POUR,POUR,DÉSACCORD,DÉSACCORD,OPTIMISTE,OPTIMISTE,NEUTRE,CONTRE,Responsabilité individuelle,Economie: privé seulement,Feministe: CONTRE féministe,Feministe: CONTRE féministe,Risque facile,PCQ,PCC,Femme,Non francophones,18-39 ans,Né Canada,Collégial,Revenus moyens
Ind_803,0.49127,0.330753,0.825941,Sou_NSP,NSP,POUR,POUR,NEUTRE,CONTRE,CONTRE,ACCORD,DÉSACCORD,NEUTRE,PESSIMISTE,NEUTRE,CONTRE,Responsabilité mixte,Economie: privé et public,Feministe: CONTRE féministe,Feministre: NEUTRE féministe,Risque difficile,Vote prov: NSP,Vote fed: NSP,Homme,Francophones,60 ans et plus,Né Canada,Universitaire,NSP
Ind_804,-2.521421,-1.506523,-0.923344,Sou_OUI,POUR,POUR,CONTRE,POUR,POUR,POUR,ACCORD,NEUTRE,OPTIMISTE,OPTIMISTE,OPTIMISTE,POUR,Responsabilité collective,Economie: privé seulement,Féministe: POUR féministe,Féministe: POUR féministe,Risque difficile,PQ,BQ,Femme,Francophones,18-39 ans,Né Canada,Universitaire,Revenus bas
Ind_805,1.393949,0.909323,-0.89655,Sou_NON,CONTRE,CONTRE,POUR,POUR,CONTRE,CONTRE,DÉSACCORD,DÉSACCORD,NEUTRE,PESSIMISTE,PESSIMISTE,CONTRE,Responsabilité individuelle,Economie: privé et public,Feministe: CONTRE féministe,Féministe: POUR féministe,Risque difficile,PLQ,PCC,Homme,Francophones,18-39 ans,Né Canada,Universitaire,Revenus élevés
Ind_806,0.222359,-1.890528,1.657202,Sou_NSP,NSP,NSP,NSP,NSP,NSP,NSP,ACCORD,ACCORD,PESSIMISTE,NSP,NSP,NEUTRE,Responsabilité collective,Economie: privé et public,NSP,NSP,Risque difficile,Vote prov: NSP,Vote fed: NSP,Femme,Non francophones,40-59 ans,Né Canada,Collégial,Revenus bas
Ind_807,1.357308,-1.690622,0.193379,Sou_NON,CONTRE,POUR,POUR,CONTRE,CONTRE,CONTRE,ACCORD,NEUTRE,PESSIMISTE,PESSIMISTE,NSP,NEUTRE,Responsabilité mixte,Economie: privé et public,Féministe: POUR féministe,Féministe: POUR féministe,Risque difficile,NSP,Vote fed: NSP,Femme,Francophones,18-39 ans,Né Canada,Collégial,Revenus moyens
Ind_808,1.135442,0.432714,1.452134,Sou_NON,CONTRE,CONTRE,POUR,NEUTRE,CONTRE,POUR,NSP,NSP,PESSIMISTE,PESSIMISTE,NSP,CONTRE,Responsabilité individuelle,Economie: neutre,NSP,NSP,Risque difficile,Vote prov: NSP,Vote fed: NSP,Homme,Francophones,40-59 ans,Né Ailleurs,Collégial,Revenus bas
Ind_809,-0.384391,-1.038202,1.276731,Sou_NSP,NSP,NSP,POUR,POUR,NSP,NSP,NSP,NSP,OPTIMISTE,OPTIMISTE,NSP,NSP,Responsabilité individuelle,Economie: privé et public,NSP,NSP,Risque difficile,PCQ,PVQ,Femme,Francophones,40-59 ans,Né Canada,Universitaire,Revenus moyens
Ind_810,0.576376,-0.750004,0.70066,Sou_NON,CONTRE,NSP,POUR,NSP,NEUTRE,CONTRE,DÉSACCORD,ACCORD,OPTIMISTE,PESSIMISTE,NSP,NEUTRE,Responsabilité mixte,Economie: privé et public,Feministre: NEUTRE féministe,Féministe: POUR féministe,Risque difficile,CAQ,BQ,Femme,Francophones,60 ans et plus,Né Canada,Secondaire,Revenus bas
Ind_811,0.933907,-0.785907,-0.379975,Sou_NON,CONTRE,CONTRE,POUR,POUR,CONTRE,CONTRE,ACCORD,ACCORD,OPTIMISTE,PESSIMISTE,OPTIMISTE,CONTRE,Responsabilité mixte,Economie: privé et public,Feministre: NEUTRE féministe,Féministe: POUR féministe,Risque difficile,NSP,Vote fed: NSP,Femme,Francophones,40-59 ans,Né Ailleurs,Universitaire,Revenus moyens
Ind_812,1.034506,1.02446,0.010534,Sou_NON,CONTRE,POUR,POUR,POUR,CONTRE,CONTRE,NEUTRE,DÉSACCORD,NEUTRE,PESSIMISTE,PESSIMISTE,CONTRE,Responsabilité individuelle,Economie: neutre,Feministe: CONTRE féministe,Feministre: NEUTRE féministe,Risque facile,PQ,PCC,Femme,Non francophones,18-39 ans,Né Canada,Universitaire,Revenus bas
Ind_813,-2.375158,0.983582,-0.782553,Sou_OUI,POUR,POUR,CONTRE,POUR,POUR,POUR,DÉSACCORD,DÉSACCORD,OPTIMISTE,NEUTRE,OPTIMISTE,NEUTRE,Responsabilité mixte,Economie: privé et public,Feministre: NEUTRE féministe,Feministre: NEUTRE féministe,Risque facile,PQ,PLC,Homme,Francophones,40-59 ans,Né Ailleurs,Universitaire,Revenus élevés
Ind_814,2.040862,-0.16695,0.481914,Sou_NSP,CONTRE,CONTRE,POUR,CONTRE,CONTRE,CONTRE,ACCORD,NSP,PESSIMISTE,PESSIMISTE,PESSIMISTE,CONTRE,Responsabilité mixte,NSP,Feministre: NEUTRE féministe,Feministre: NEUTRE féministe,Risque difficile,PLQ,PLC,Femme,Non francophones,18-39 ans,Né Canada,Collégial,Revenus bas
Ind_815,0.091837,0.34079,0.71511,Sou_NSP,POUR,POUR,POUR,CONTRE,NEUTRE,NSP,NEUTRE,NEUTRE,NEUTRE,NSP,NEUTRE,NEUTRE,Responsabilité individuelle,Economie: neutre,Feministre: NEUTRE féministe,Feministre: NEUTRE féministe,Risque facile,PLQ,PLC,Homme,Francophones,18-39 ans,Né Ailleurs,Universitaire,Revenus moyens
Ind_816,-2.563875,-1.24796,-0.509056,Sou_OUI,POUR,POUR,CONTRE,POUR,POUR,POUR,ACCORD,ACCORD,OPTIMISTE,OPTIMISTE,OPTIMISTE,CONTRE,Responsabilité mixte,Economie: privé et public,Féministe: POUR féministe,Féministe: POUR féministe,Risque difficile,PQ,BQ,Femme,Francophones,40-59 ans,Né Canada,Collégial,Revenus bas
Ind_817,-2.072365,0.089818,-0.726919,Sou_OUI,POUR,POUR,POUR,POUR,POUR,POUR,NEUTRE,NEUTRE,OPTIMISTE,OPTIMISTE,OPTIMISTE,CONTRE,Responsabilité individuelle,Economie: privé seulement,Féministe: POUR féministe,Féministe: POUR féministe,Risque difficile,PQ,PLC,Homme,Francophones,60 ans et plus,Né Canada,Universitaire,Revenus moyens
Ind_818,0.580931,-1.402144,1.326538,Sou_NON,CONTRE,NSP,NSP,CONTRE,NSP,NSP,NSP,NSP,NEUTRE,NSP,NSP,NSP,Responsabilité mixte,Economie: neutre,Féministe: POUR féministe,Féministe: POUR féministe,Risque difficile,NSP,Vote fed: NSP,Homme,Francophones,18-39 ans,Né Canada,Universitaire,Revenus moyens
Ind_819,1.54047,-0.284008,-0.259147,Sou_NON,CONTRE,CONTRE,POUR,CONTRE,CONTRE,CONTRE,ACCORD,DÉSACCORD,PESSIMISTE,NSP,PESSIMISTE,CONTRE,Responsabilité individuelle,Economie: privé et public,Féministe: POUR féministe,Féministe: POUR féministe,Risque facile,NSP,Vote fed: NSP,Femme,Francophones,40-59 ans,Né Canada,Secondaire,Revenus moyens
Ind_820,-0.860076,0.526047,-0.395928,Sou_OUI,POUR,POUR,CONTRE,POUR,CONTRE,CONTRE,NEUTRE,DÉSACCORD,PESSIMISTE,PESSIMISTE,OPTIMISTE,CONTRE,Responsabilité individuelle,Economie: neutre,Féministe: POUR féministe,Féministe: POUR féministe,Risque difficile,PCQ,PCC,Homme,Francophones,40-59 ans,Né Canada,Universitaire,Revenus moyens
Ind_821,-1.799306,-0.177009,1.165904,Sou_OUI,NSP,POUR,NSP,POUR,POUR,POUR,NSP,NSP,OPTIMISTE,NSP,NSP,CONTRE,Responsabilité mixte,Economie: privé et public,Feministre: NEUTRE féministe,Feministre: NEUTRE féministe,Risque facile,PQ,BQ,Femme,Francophones,40-59 ans,Né Canada,Collégial,NSP
Ind_822,0.275107,-0.287584,-0.272654,Sou_OUI,POUR,POUR,POUR,CONTRE,CONTRE,NEUTRE,ACCORD,DÉSACCORD,PESSIMISTE,PESSIMISTE,PESSIMISTE,POUR,Responsabilité collective,Economie: privé seulement,Feministe: CONTRE féministe,Féministe: POUR féministe,Risque facile,CAQ,PVQ,Femme,Francophones,18-39 ans,Né Canada,Collégial,Revenus moyens
Ind_823,1.247205,1.035252,0.432391,Sou_NON,CONTRE,POUR,POUR,CONTRE,CONTRE,CONTRE,NEUTRE,DÉSACCORD,OPTIMISTE,PESSIMISTE,PESSIMISTE,CONTRE,Responsabilité individuelle,Economie: privé seulement,NSP,Feministre: NEUTRE féministe,Risque facile,NSP,PLC,Femme,Francophones,60 ans et plus,Né Canada,Collégial,NSP
Ind_824,-1.502628,1.50245,0.312941,Sou_OUI,POUR,POUR,CONTRE,POUR,CONTRE,NEUTRE,DÉSACCORD,DÉSACCORD,OPTIMISTE,PESSIMISTE,OPTIMISTE,CONTRE,Responsabilité individuelle,Economie: privé seulement,Feministe: CONTRE féministe,Feministre: NEUTRE féministe,Risque difficile,PQ,PCC,Homme,Francophones,18-39 ans,Né Canada,Collégial,Revenus moyens
Ind_825,-2.212807,0.852353,-0.215132,Sou_OUI,CONTRE,POUR,CONTRE,POUR,POUR,POUR,NEUTRE,DÉSACCORD,OPTIMISTE,OPTIMISTE,OPTIMISTE,CONTRE,Responsabilité mixte,Economie: privé et public,Feministre: NEUTRE féministe,Feministre: NEUTRE féministe,Risque difficile,PQ,BQ,Homme,Francophones,40-59 ans,Né Canada,Universitaire,Revenus élevés
Ind_826,-0.64033,1.465389,-0.430074,Sou_NON,POUR,CONTRE,POUR,POUR,POUR,POUR,ACCORD,DÉSACCORD,NEUTRE,PESSIMISTE,OPTIMISTE,CONTRE,Responsabilité individuelle,Economie: privé et public,Feministe: CONTRE féministe,Feministre: NEUTRE féministe,Risque facile,CAQ,BQ,Homme,Francophones,60 ans et plus,Né Canada,Collégial,Revenus bas
Ind_827,-2.814794,0.997755,-0.382564,Sou_OUI,POUR,POUR,CONTRE,POUR,POUR,POUR,DÉSACCORD,DÉSACCORD,OPTIMISTE,NEUTRE,OPTIMISTE,CONTRE,Responsabilité individuelle,Economie: privé et public,Feministre: NEUTRE féministe,Féministe: POUR féministe,NSP,PQ,BQ,Homme,Francophones,60 ans et plus,Né Canada,Collégial,Revenus bas
Ind_828,1.609507,-0.25786,1.118086,Sou_NON,CONTRE,NSP,POUR,CONTRE,CONTRE,CONTRE,NEUTRE,NSP,NEUTRE,PESSIMISTE,NSP,CONTRE,Responsabilité individuelle,Economie: neutre,Féministe: POUR féministe,Feministre: NEUTRE féministe,Risque difficile,NSP,PLC,Femme,Francophones,60 ans et plus,Né Canada,Collégial,NSP
Ind_829,-1.887443,0.168712,-0.767968,Sou_OUI,POUR,POUR,CONTRE,CONTRE,POUR,CONTRE,NEUTRE,NEUTRE,OPTIMISTE,NEUTRE,OPTIMISTE,POUR,Responsabilité collective,Economie: privé et public,Féministe: POUR féministe,Feministre: NEUTRE féministe,Risque facile,PQ,BQ,Homme,Francophones,60 ans et plus,Né Canada,Collégial,Revenus bas
Ind_830,-0.096143,1.378188,-0.641224,Sou_NON,CONTRE,POUR,POUR,POUR,CONTRE,POUR,DÉSACCORD,DÉSACCORD,OPTIMISTE,PESSIMISTE,PESSIMISTE,CONTRE,Responsabilité individuelle,Economie: privé et public,Feministre: NEUTRE féministe,Féministe: POUR féministe,Risque facile,CAQ,BQ,Homme,Francophones,60 ans et plus,Né Canada,Collégial,Revenus moyens
Ind_831,1.661304,-0.696017,0.357704,Sou_NON,CONTRE,CONTRE,POUR,CONTRE,CONTRE,CONTRE,NEUTRE,NEUTRE,PESSIMISTE,PESSIMISTE,NEUTRE,CONTRE,Responsabilité collective,Economie: privé et public,Feministre: NEUTRE féministe,Féministe: POUR féministe,Risque difficile,QS,Vote fed: NSP,Femme,Francophones,18-39 ans,Né Canada,Collégial,Revenus bas
Ind_832,1.151254,0.445975,1.2969,Sou_NON,CONTRE,CONTRE,POUR,NEUTRE,NEUTRE,NEUTRE,NEUTRE,NEUTRE,NEUTRE,PESSIMISTE,NEUTRE,CONTRE,Responsabilité individuelle,Economie: privé seulement,Feministre: NEUTRE féministe,Feministre: NEUTRE féministe,Risque facile,QS,PVQ,Femme,Francophones,18-39 ans,Né Canada,Collégial,Revenus élevés
Ind_833,-2.047274,-0.167327,-0.354631,Sou_OUI,POUR,CONTRE,CONTRE,POUR,POUR,POUR,NEUTRE,DÉSACCORD,NEUTRE,NSP,OPTIMISTE,NEUTRE,Responsabilité collective,Economie: neutre,Féministe: POUR féministe,Féministe: POUR féministe,NSP,PQ,BQ,Homme,Francophones,60 ans et plus,Né Canada,Secondaire,Revenus bas
Ind_834,2.256744,-1.134175,-0.933341,Sou_NON,CONTRE,CONTRE,POUR,CONTRE,CONTRE,CONTRE,ACCORD,NEUTRE,PESSIMISTE,PESSIMISTE,PESSIMISTE,POUR,Responsabilité collective,Economie: neutre,Féministe: POUR féministe,Féministe: POUR féministe,Risque difficile,PLQ,PLC,Femme,Non francophones,60 ans et plus,Né Canada,Secondaire,NSP
Ind_835,1.876889,-1.218635,-1.639529,Sou_NON,CONTRE,CONTRE,POUR,POUR,CONTRE,CONTRE,ACCORD,NEUTRE,NEUTRE,PESSIMISTE,PESSIMISTE,NEUTRE,Responsabilité mixte,Economie: privé et public,Féministe: POUR féministe,Féministe: POUR féministe,Risque facile,PLQ,PLC,Femme,Non francophones,18-39 ans,Né Canada,Universitaire,Revenus élevés
Ind_836,-2.650046,0.95018,0.244396,Sou_OUI,POUR,POUR,CONTRE,POUR,POUR,POUR,NEUTRE,DÉSACCORD,OPTIMISTE,NEUTRE,OPTIMISTE,CONTRE,Responsabilité mixte,Economie: neutre,Feministre: NEUTRE féministe,Feministre: NEUTRE féministe,Risque difficile,PQ,BQ,Homme,Francophones,40-59 ans,Né Canada,Universitaire,Revenus élevés
Ind_837,1.745918,-0.083353,-0.067819,Sou_NON,CONTRE,CONTRE,POUR,POUR,CONTRE,CONTRE,NEUTRE,NSP,NEUTRE,PESSIMISTE,PESSIMISTE,NEUTRE,Responsabilité individuelle,Economie: privé seulement,NSP,NSP,Risque difficile,PLQ,PLC,Femme,Francophones,40-59 ans,Né Canada,Universitaire,Revenus moyens
Ind_838,-1.664057,-1.913283,-0.592674,Sou_OUI,POUR,CONTRE,CONTRE,POUR,POUR,POUR,ACCORD,NEUTRE,OPTIMISTE,NEUTRE,OPTIMISTE,POUR,Responsabilité collective,Economie: privé et public,Féministe: POUR féministe,Féministe: POUR féministe,Risque difficile,NSP,Vote fed: NSP,Femme,Francophones,18-39 ans,Né Canada,Collégial,NSP
Ind_839,-1.638579,1.516458,0.395432,Sou_OUI,POUR,POUR,POUR,POUR,POUR,NEUTRE,NEUTRE,DÉSACCORD,NEUTRE,NEUTRE,OPTIMISTE,CONTRE,Responsabilité individuelle,Economie: privé seulement,Feministre: NEUTRE féministe,Feministre: NEUTRE féministe,Risque facile,NSP,BQ,Homme,Francophones,60 ans et plus,Né Canada,Universitaire,Revenus moyens
Ind_840,0.967071,-0.330398,1.482153,Sou_NON,CONTRE,NSP,POUR,NSP,CONTRE,CONTRE,NSP,NSP,NSP,NSP,OPTIMISTE,NEUTRE,Responsabilité individuelle,NSP,Feministre: NEUTRE féministe,Feministre: NEUTRE féministe,Risque difficile,NSP,PLC,Femme,Francophones,60 ans et plus,Né Canada,Collégial,NSP
Ind_841,1.388283,-0.432937,1.364594,Sou_NON,CONTRE,NSP,POUR,NEUTRE,CONTRE,CONTRE,ACCORD,NSP,NSP,PESSIMISTE,NSP,CONTRE,Responsabilité individuelle,Economie: neutre,Feministre: NEUTRE féministe,Féministe: POUR féministe,NSP,NSP,Vote fed: NSP,Femme,Francophones,40-59 ans,Né Canada,Collégial,Revenus moyens
Ind_842,-0.193148,-0.593873,2.218452,Sou_OUI,NSP,NSP,NSP,NEUTRE,NEUTRE,NEUTRE,NSP,NSP,NEUTRE,NEUTRE,NSP,NEUTRE,Responsabilité mixte,Economie: neutre,NSP,NSP,Risque facile,Vote prov: NSP,Vote fed: NSP,Homme,Non francophones,18-39 ans,Né Canada,Secondaire,Revenus bas
Ind_843,1.356926,-0.754443,0.798206,Sou_NON,CONTRE,CONTRE,POUR,CONTRE,CONTRE,NSP,NSP,DÉSACCORD,NSP,PESSIMISTE,NSP,CONTRE,NSP,NSP,Féministe: POUR féministe,Féministe: POUR féministe,Risque facile,NSP,Vote fed: NSP,Femme,Francophones,18-39 ans,Né Canada,Secondaire,NSP
Ind_844,1.663957,0.433402,-0.754843,Sou_NON,CONTRE,CONTRE,POUR,POUR,CONTRE,CONTRE,DÉSACCORD,ACCORD,NEUTRE,PESSIMISTE,NEUTRE,POUR,Responsabilité individuelle,Economie: privé et public,Feministre: NEUTRE féministe,Feministe: CONTRE féministe,Risque facile,PLQ,PLC,Femme,Non francophones,60 ans et plus,Né Canada,Collégial,Revenus bas
Ind_845,-2.655409,0.428475,-0.720918,Sou_OUI,POUR,POUR,CONTRE,POUR,POUR,POUR,DÉSACCORD,DÉSACCORD,OPTIMISTE,OPTIMISTE,OPTIMISTE,CONTRE,Responsabilité individuelle,Economie: privé et public,Féministe: POUR féministe,Féministe: POUR féministe,Risque difficile,CAQ,BQ,Homme,Francophones,60 ans et plus,Né Canada,Collégial,Revenus moyens
Ind_846,-0.153793,-1.568549,-0.540384,Sou_NSP,NSP,NSP,POUR,POUR,NEUTRE,NEUTRE,ACCORD,ACCORD,NEUTRE,NEUTRE,NEUTRE,POUR,Responsabilité collective,Economie: privé et public,Féministe: POUR féministe,Féministe: POUR féministe,Risque facile,QS,PLC,Homme,Francophones,18-39 ans,Né Canada,Universitaire,Revenus élevés
Ind_847,-1.651703,-1.427367,-0.875699,Sou_OUI,POUR,POUR,POUR,POUR,POUR,POUR,NEUTRE,NEUTRE,OPTIMISTE,OPTIMISTE,OPTIMISTE,CONTRE,Responsabilité collective,Economie: privé et public,Féministe: POUR féministe,Féministe: POUR féministe,Risque difficile,QS,PVQ,Femme,Non francophones,18-39 ans,Né Canada,Universitaire,Revenus élevés
Ind_848,0.472709,-1.720499,0.160527,Sou_NSP,CONTRE,NSP,POUR,POUR,NEUTRE,NEUTRE,ACCORD,ACCORD,NSP,PESSIMISTE,PESSIMISTE,CONTRE,Responsabilité individuelle,Economie: privé et public,Féministe: POUR féministe,Féministe: POUR féministe,Risque difficile,QS,NPD,Femme,Francophones,18-39 ans,Né Canada,Universitaire,Revenus bas
Ind_849,-0.562128,-0.224171,0.279856,Sou_NON,CONTRE,POUR,POUR,POUR,POUR,POUR,DÉSACCORD,ACCORD,OPTIMISTE,NEUTRE,NEUTRE,CONTRE,Responsabilité individuelle,Economie: privé seulement,Féministe: POUR féministe,Féministe: POUR féministe,Risque difficile,PCQ,PCC,Femme,Francophones,40-59 ans,Né Canada,Secondaire,NSP
Ind_850,2.356688,0.749868,-0.100963,Sou_NON,CONTRE,CONTRE,POUR,CONTRE,CONTRE,CONTRE,NEUTRE,NEUTRE,NEUTRE,PESSIMISTE,PESSIMISTE,CONTRE,Responsabilité individuelle,Economie: neutre,Feministre: NEUTRE féministe,Feministre: NEUTRE féministe,Risque facile,PLQ,PLC,Femme,Non francophones,18-39 ans,Né Ailleurs,Collégial,Revenus moyens
Ind_851,-2.520499,0.577639,0.22109,Sou_OUI,POUR,POUR,NSP,POUR,POUR,POUR,DÉSACCORD,NEUTRE,OPTIMISTE,NEUTRE,OPTIMISTE,CONTRE,Responsabilité mixte,Economie: privé et public,Feministe: CONTRE féministe,Feministe: CONTRE féministe,Risque difficile,PQ,BQ,Homme,Francophones,60 ans et plus,Né Canada,Collégial,Revenus bas
Ind_852,-2.766516,0.245811,-1.011398,Sou_OUI,POUR,POUR,CONTRE,POUR,POUR,POUR,DÉSACCORD,DÉSACCORD,OPTIMISTE,NEUTRE,OPTIMISTE,CONTRE,Responsabilité individuelle,Economie: privé et public,Féministe: POUR féministe,Féministe: POUR féministe,Risque difficile,PQ,BQ,Homme,Francophones,40-59 ans,Né Canada,Universitaire,Revenus élevés
Ind_853,2.328626,-1.121676,-1.472444,Sou_NON,CONTRE,CONTRE,POUR,CONTRE,CONTRE,CONTRE,ACCORD,NEUTRE,NEUTRE,PESSIMISTE,PESSIMISTE,NEUTRE,Responsabilité individuelle,Economie: privé et public,Féministe: POUR féministe,Féministe: POUR féministe,Risque difficile,PLQ,PLC,Femme,Non francophones,60 ans et plus,Né Ailleurs,Universitaire,NSP
Ind_854,-2.215386,-1.188977,-0.471674,Sou_OUI,POUR,NSP,CONTRE,POUR,POUR,POUR,ACCORD,ACCORD,OPTIMISTE,NSP,OPTIMISTE,CONTRE,Responsabilité individuelle,Economie: privé et public,Féministe: POUR féministe,Féministe: POUR féministe,Risque difficile,PQ,BQ,Femme,Francophones,40-59 ans,Né Canada,Collégial,Revenus moyens
Ind_855,-1.957443,-0.117395,-0.039976,Sou_OUI,POUR,POUR,CONTRE,POUR,POUR,POUR,NEUTRE,ACCORD,NEUTRE,NEUTRE,OPTIMISTE,NEUTRE,Responsabilité individuelle,Economie: privé et public,Feministre: NEUTRE féministe,Feministre: NEUTRE féministe,Risque difficile,PQ,PLC,Femme,Francophones,60 ans et plus,Né Canada,Collégial,Revenus moyens
Ind_856,1.311317,0.140912,-0.270362,Sou_NON,CONTRE,CONTRE,POUR,NEUTRE,CONTRE,NEUTRE,ACCORD,ACCORD,NEUTRE,PESSIMISTE,NEUTRE,CONTRE,Responsabilité individuelle,Economie: privé seulement,Féministe: POUR féministe,Féministe: POUR féministe,Risque facile,NSP,PCC,Homme,Francophones,40-59 ans,Né Canada,Universitaire,Revenus élevés
Ind_857,-0.740997,0.120547,0.153916,Sou_OUI,POUR,CONTRE,POUR,NEUTRE,POUR,NSP,DÉSACCORD,NEUTRE,OPTIMISTE,OPTIMISTE,PESSIMISTE,CONTRE,Responsabilité individuelle,Economie: privé et public,NSP,NSP,Risque facile,PQ,BQ,Femme,Non francophones,18-39 ans,Né Canada,Collégial,Revenus bas
Ind_858,-2.056737,-0.507818,-0.489747,Sou_OUI,POUR,CONTRE,CONTRE,POUR,POUR,POUR,ACCORD,ACCORD,OPTIMISTE,OPTIMISTE,OPTIMISTE,CONTRE,Responsabilité individuelle,Economie: privé et public,NSP,NSP,Risque difficile,PQ,BQ,Femme,Francophones,40-59 ans,Né Canada,Universitaire,NSP
Ind_859,1.784254,0.152323,0.344562,Sou_NON,CONTRE,POUR,POUR,CONTRE,CONTRE,CONTRE,ACCORD,NEUTRE,PESSIMISTE,PESSIMISTE,PESSIMISTE,CONTRE,Responsabilité collective,Economie: neutre,Feministe: CONTRE féministe,Feministe: CONTRE féministe,Risque difficile,PCQ,PCC,Femme,Non francophones,40-59 ans,Né Canada,Collégial,Revenus bas
Ind_860,2.086486,-0.13048,-0.810257,Sou_NON,CONTRE,CONTRE,POUR,CONTRE,CONTRE,CONTRE,ACCORD,NEUTRE,NSP,PESSIMISTE,PESSIMISTE,NEUTRE,Responsabilité mixte,Economie: privé et public,Feministre: NEUTRE féministe,Féministe: POUR féministe,Risque difficile,PLQ,PLC,Homme,Non francophones,60 ans et plus,Né Canada,Secondaire,Revenus bas
Ind_861,2.001536,-0.378161,-0.651031,Sou_NON,CONTRE,CONTRE,POUR,CONTRE,CONTRE,CONTRE,ACCORD,DÉSACCORD,NEUTRE,PESSIMISTE,NSP,POUR,Responsabilité individuelle,Economie: privé seulement,Féministe: POUR féministe,NSP,Risque difficile,PLQ,PLC,Femme,Francophones,40-59 ans,Né Ailleurs,Universitaire,Revenus moyens
Ind_862,1.245733,0.21367,-0.071194,Sou_NON,CONTRE,POUR,POUR,NEUTRE,CONTRE,CONTRE,DÉSACCORD,ACCORD,NEUTRE,PESSIMISTE,NEUTRE,CONTRE,Responsabilité individuelle,Economie: privé et public,Feministre: NEUTRE féministe,Féministe: POUR féministe,Risque facile,PLQ,PLC,Femme,Francophones,60 ans et plus,Né Canada,Secondaire,NSP
Ind_863,-0.659692,1.079152,0.175143,Sou_NON,POUR,POUR,POUR,NEUTRE,POUR,POUR,DÉSACCORD,DÉSACCORD,OPTIMISTE,PESSIMISTE,PESSIMISTE,CONTRE,Responsabilité individuelle,Economie: privé et public,Feministe: CONTRE féministe,Feministe: CONTRE féministe,Risque facile,CAQ,BQ,Femme,Francophones,60 ans et plus,Né Canada,Secondaire,Revenus bas
Ind_864,-0.56533,0.753816,1.734496,Sou_NSP,POUR,POUR,POUR,POUR,CONTRE,NEUTRE,DÉSACCORD,DÉSACCORD,NSP,NSP,NEUTRE,CONTRE,Responsabilité individuelle,NSP,Feministre: NEUTRE féministe,Feministe: CONTRE féministe,Risque difficile,NSP,Vote fed: NSP,Homme,Francophones,60 ans et plus,Né Canada,Secondaire,NSP
Ind_865,1.833731,0.113046,-0.538184,Sou_NON,CONTRE,CONTRE,POUR,CONTRE,CONTRE,CONTRE,DÉSACCORD,ACCORD,NEUTRE,PESSIMISTE,PESSIMISTE,CONTRE,Responsabilité individuelle,Economie: privé et public,Féministe: POUR féministe,Feministre: NEUTRE féministe,Risque difficile,CAQ,PLC,Femme,Francophones,60 ans et plus,Né Canada,Universitaire,Revenus bas
Ind_866,2.096145,0.03461,-2.064102,Sou_NON,CONTRE,CONTRE,POUR,CONTRE,CONTRE,CONTRE,NEUTRE,DÉSACCORD,PESSIMISTE,PESSIMISTE,PESSIMISTE,POUR,Responsabilité collective,Economie: privé et public,Féministe: POUR féministe,Féministe: POUR féministe,Risque facile,PLQ,PLC,Homme,Non francophones,40-59 ans,Né Ailleurs,Universitaire,Revenus moyens
Ind_867,-0.137031,-0.559179,-0.553797,Sou_NON,CONTRE,CONTRE,CONTRE,POUR,NEUTRE,NEUTRE,NEUTRE,DÉSACCORD,OPTIMISTE,PESSIMISTE,OPTIMISTE,POUR,Responsabilité collective,Economie: privé et public,Féministe: POUR féministe,Féministe: POUR féministe,Risque difficile,NSP,PLC,Homme,Francophones,60 ans et plus,Né Canada,Collégial,Revenus bas
Ind_868,0.741422,-0.469826,0.460928,Sou_NON,CONTRE,POUR,POUR,CONTRE,NEUTRE,CONTRE,NEUTRE,NEUTRE,NSP,NEUTRE,PESSIMISTE,NEUTRE,Responsabilité mixte,Economie: privé et public,Feministe: CONTRE féministe,Feministe: CONTRE féministe,Risque difficile,CAQ,BQ,Femme,Francophones,60 ans et plus,Né Ailleurs,Universitaire,Revenus bas
Ind_869,-2.715954,0.577779,-0.434591,Sou_OUI,POUR,POUR,CONTRE,POUR,POUR,POUR,DÉSACCORD,DÉSACCORD,OPTIMISTE,OPTIMISTE,OPTIMISTE,NEUTRE,Responsabilité mixte,Economie: privé et public,Feministre: NEUTRE féministe,Feministre: NEUTRE féministe,Risque difficile,PQ,BQ,Homme,Francophones,18-39 ans,Né Canada,Universitaire,Revenus élevés
Ind_870,-1.715591,-0.387585,1.087852,Sou_OUI,POUR,POUR,POUR,POUR,NEUTRE,POUR,NSP,DÉSACCORD,OPTIMISTE,OPTIMISTE,NEUTRE,NEUTRE,Responsabilité mixte,Economie: neutre,NSP,NSP,Risque difficile,PQ,BQ,Femme,Francophones,60 ans et plus,Né Canada,Secondaire,Revenus élevés
Ind_871,1.207716,0.547498,1.788672,Sou_NON,CONTRE,CONTRE,POUR,NEUTRE,NEUTRE,NEUTRE,NEUTRE,DÉSACCORD,NEUTRE,PESSIMISTE,PESSIMISTE,CONTRE,Responsabilité mixte,Economie: privé seulement,Feministre: NEUTRE féministe,Feministre: NEUTRE féministe,Risque difficile,PCQ,Vote fed: NSP,Femme,Francophones,60 ans et plus,Né Canada,Collégial,Revenus bas
Ind_872,1.701277,1.052656,0.123197,Sou_NON,CONTRE,CONTRE,POUR,CONTRE,CONTRE,CONTRE,DÉSACCORD,DÉSACCORD,NEUTRE,PESSIMISTE,PESSIMISTE,CONTRE,Responsabilité individuelle,Economie: privé seulement,Feministe: CONTRE féministe,Féministe: POUR féministe,Risque facile,CAQ,Vote fed: NSP,Femme,Francophones,60 ans et plus,Né Canada,Collégial,Revenus bas
Ind_873,0.228095,-0.751186,0.242957,Sou_NSP,NSP,NSP,NSP,NEUTRE,NEUTRE,NEUTRE,ACCORD,DÉSACCORD,PESSIMISTE,PESSIMISTE,NEUTRE,NEUTRE,Responsabilité individuelle,Economie: privé et public,Féministe: POUR féministe,Féministe: POUR féministe,Risque facile,PLQ,PLC,Homme,Francophones,18-39 ans,Né Canada,Collégial,Revenus moyens
Ind_874,-0.966436,0.18685,-0.069565,Sou_NON,CONTRE,POUR,POUR,POUR,POUR,POUR,NEUTRE,DÉSACCORD,OPTIMISTE,PESSIMISTE,OPTIMISTE,CONTRE,Responsabilité mixte,Economie: privé et public,Feministre: NEUTRE féministe,Féministe: POUR féministe,Risque facile,PQ,BQ,Femme,Francophones,40-59 ans,Né Canada,Collégial,Revenus bas
Ind_875,0.340497,-0.007852,-0.041442,Sou_NON,CONTRE,CONTRE,POUR,NSP,NEUTRE,NEUTRE,DÉSACCORD,DÉSACCORD,NEUTRE,PESSIMISTE,OPTIMISTE,CONTRE,Responsabilité mixte,Economie: privé et public,Féministe: POUR féministe,Féministe: POUR féministe,Risque difficile,CAQ,BQ,Homme,Francophones,60 ans et plus,Né Canada,Universitaire,Revenus bas
Ind_876,2.37289,0.005199,-0.238057,Sou_NON,CONTRE,CONTRE,POUR,CONTRE,CONTRE,CONTRE,NSP,NEUTRE,NSP,PESSIMISTE,PESSIMISTE,NEUTRE,Responsabilité individuelle,Economie: neutre,Feministre: NEUTRE féministe,Feministe: CONTRE féministe,Risque difficile,PLQ,PLC,Femme,Non francophones,40-59 ans,Né Ailleurs,Universitaire,Revenus élevés
Ind_877,1.295085,-1.412694,-0.18264,Sou_NON,CONTRE,POUR,POUR,NEUTRE,NEUTRE,NEUTRE,ACCORD,NEUTRE,NEUTRE,PESSIMISTE,PESSIMISTE,NEUTRE,Responsabilité individuelle,Economie: privé et public,Féministe: POUR féministe,Féministe: POUR féministe,Risque difficile,PLQ,NPD,Femme,Non francophones,40-59 ans,Né Ailleurs,Collégial,Revenus moyens
Ind_878,-0.288609,-1.392222,2.156287,Sou_NSP,NSP,NSP,POUR,NEUTRE,NEUTRE,NEUTRE,NSP,NSP,NEUTRE,NSP,NSP,CONTRE,Responsabilité individuelle,Economie: neutre,Féministe: POUR féministe,Féministe: POUR féministe,Risque difficile,PQ,BQ,Femme,Francophones,60 ans et plus,Né Canada,Secondaire,NSP
Ind_879,1.796465,-1.50596,-0.23225,Sou_NON,CONTRE,CONTRE,POUR,CONTRE,CONTRE,CONTRE,NSP,NSP,NEUTRE,PESSIMISTE,NSP,NEUTRE,Responsabilité collective,Economie: neutre,Féministe: POUR féministe,Féministe: POUR féministe,Risque difficile,QS,PLC,Femme,Francophones,18-39 ans,Né Canada,Universitaire,Revenus moyens
Ind_880,1.898873,-0.346315,-0.535206,Sou_NON,CONTRE,CONTRE,POUR,CONTRE,CONTRE,NSP,ACCORD,NSP,OPTIMISTE,PESSIMISTE,PESSIMISTE,CONTRE,Responsabilité individuelle,Economie: privé et public,NSP,NSP,Risque difficile,PLQ,PLC,Femme,Non francophones,40-59 ans,Né Canada,Universitaire,Revenus élevés
Ind_881,-0.643975,-0.981487,-0.49982,Sou_OUI,POUR,NSP,CONTRE,POUR,CONTRE,NSP,ACCORD,NSP,OPTIMISTE,PESSIMISTE,OPTIMISTE,CONTRE,Responsabilité collective,Economie: privé seulement,Féministe: POUR féministe,Féministe: POUR féministe,Risque facile,PCQ,PLC,Femme,Non francophones,18-39 ans,Né Canada,Secondaire,NSP
Ind_882,0.264376,-1.549757,-0.120488,Sou_NON,CONTRE,POUR,CONTRE,NEUTRE,NEUTRE,NEUTRE,ACCORD,ACCORD,NSP,PESSIMISTE,NEUTRE,POUR,Responsabilité mixte,Economie: privé et public,Féministe: POUR féministe,Féministe: POUR féministe,Risque facile,CAQ,NPD,Femme,Francophones,40-59 ans,Né Canada,Universitaire,Revenus bas
Ind_883,-2.459524,1.059435,0.157254,Sou_NSP,POUR,POUR,CONTRE,POUR,POUR,POUR,NEUTRE,NEUTRE,OPTIMISTE,NEUTRE,OPTIMISTE,CONTRE,Responsabilité individuelle,Economie: privé et public,Feministre: NEUTRE féministe,Feministre: NEUTRE féministe,Risque facile,PQ,BQ,Homme,Francophones,40-59 ans,Né Canada,Secondaire,Revenus bas
Ind_884,1.628321,-0.294582,1.14309,Sou_NON,CONTRE,CONTRE,POUR,CONTRE,NEUTRE,CONTRE,NEUTRE,NEUTRE,PESSIMISTE,PESSIMISTE,PESSIMISTE,CONTRE,Responsabilité mixte,Economie: neutre,Feministe: CONTRE féministe,Féministe: POUR féministe,Risque difficile,NSP,Vote fed: NSP,Femme,Francophones,60 ans et plus,Né Canada,Collégial,Revenus bas
Ind_885,0.699197,-0.985628,0.490671,Sou_NON,CONTRE,POUR,POUR,POUR,NEUTRE,NEUTRE,ACCORD,DÉSACCORD,NEUTRE,PESSIMISTE,PESSIMISTE,CONTRE,Responsabilité collective,Economie: neutre,Féministe: POUR féministe,Féministe: POUR féministe,Risque difficile,NSP,PLC,Femme,Francophones,40-59 ans,Né Canada,Collégial,Revenus bas
Ind_886,2.060361,0.92942,0.614972,Sou_NON,CONTRE,CONTRE,POUR,CONTRE,CONTRE,CONTRE,NSP,NEUTRE,PESSIMISTE,PESSIMISTE,PESSIMISTE,CONTRE,Responsabilité individuelle,Economie: privé seulement,Feministre: NEUTRE féministe,Feministre: NEUTRE féministe,Risque facile,NSP,Vote fed: NSP,Femme,Non francophones,60 ans et plus,Né Canada,Secondaire,NSP
Ind_887,0.525326,-0.321811,-0.277067,Sou_NON,CONTRE,CONTRE,POUR,POUR,CONTRE,CONTRE,ACCORD,DÉSACCORD,OPTIMISTE,NSP,OPTIMISTE,CONTRE,Responsabilité collective,Economie: privé seulement,Féministe: POUR féministe,Feministre: NEUTRE féministe,Risque difficile,QS,PCC,Femme,Francophones,18-39 ans,Né Canada,Universitaire,Revenus moyens
Ind_888,-0.463799,-0.650014,1.38623,Sou_NSP,POUR,POUR,POUR,CONTRE,NSP,NSP,NEUTRE,DÉSACCORD,PESSIMISTE,NEUTRE,OPTIMISTE,CONTRE,Responsabilité collective,Economie: privé seulement,Feministe: CONTRE féministe,Féministe: POUR féministe,Risque difficile,NSP,Vote fed: NSP,Femme,Francophones,18-39 ans,Né Canada,Secondaire,NSP
Ind_889,-0.798591,-0.68165,0.153544,Sou_NSP,CONTRE,POUR,POUR,POUR,CONTRE,NEUTRE,NEUTRE,DÉSACCORD,OPTIMISTE,NEUTRE,OPTIMISTE,NEUTRE,Responsabilité mixte,Economie: privé et public,Féministe: POUR féministe,Féministe: POUR féministe,Risque difficile,PQ,Vote fed: NSP,Homme,Francophones,40-59 ans,Né Canada,Collégial,Revenus moyens
Ind_890,2.013431,0.021236,-0.649735,Sou_NON,CONTRE,CONTRE,POUR,CONTRE,CONTRE,CONTRE,NEUTRE,DÉSACCORD,NEUTRE,PESSIMISTE,PESSIMISTE,POUR,Responsabilité individuelle,Economie: privé et public,Feministre: NEUTRE féministe,Féministe: POUR féministe,Risque difficile,PLQ,PLC,Femme,Francophones,60 ans et plus,Né Canada,Collégial,Revenus élevés
Ind_891,2.032062,0.262883,0.25806,Sou_NON,CONTRE,CONTRE,POUR,CONTRE,CONTRE,CONTRE,ACCORD,DÉSACCORD,NEUTRE,PESSIMISTE,PESSIMISTE,NEUTRE,Responsabilité mixte,Economie: neutre,Feministre: NEUTRE féministe,Feministre: NEUTRE féministe,Risque difficile,PLQ,PLC,Femme,Francophones,60 ans et plus,Né Canada,Secondaire,Revenus bas
Ind_892,2.040214,0.633852,0.658764,Sou_NON,CONTRE,CONTRE,POUR,CONTRE,CONTRE,CONTRE,NEUTRE,DÉSACCORD,PESSIMISTE,PESSIMISTE,PESSIMISTE,CONTRE,Responsabilité mixte,Economie: neutre,NSP,NSP,Risque facile,NSP,PCC,Femme,Non francophones,40-59 ans,Né Canada,Collégial,Revenus bas
Ind_893,0.167496,-0.096029,-0.83152,Sou_NON,CONTRE,POUR,POUR,POUR,NEUTRE,CONTRE,NEUTRE,DÉSACCORD,OPTIMISTE,PESSIMISTE,OPTIMISTE,CONTRE,Responsabilité collective,Economie: privé et public,Féministe: POUR féministe,Féministe: POUR féministe,Risque facile,QS,PVQ,Homme,Non francophones,18-39 ans,Né Ailleurs,Collégial,Revenus bas
Ind_894,-0.135356,-1.167035,2.70217,Sou_NSP,NSP,NSP,NSP,NSP,NSP,NSP,NSP,NSP,NSP,NSP,NSP,POUR,Responsabilité mixte,Economie: neutre,NSP,NSP,Risque difficile,Vote prov: NSP,Vote fed: NSP,Homme,Francophones,18-39 ans,Né Canada,Secondaire,NSP
Ind_895,-2.627146,1.228789,-0.049651,Sou_OUI,POUR,POUR,CONTRE,POUR,POUR,POUR,DÉSACCORD,DÉSACCORD,OPTIMISTE,NEUTRE,OPTIMISTE,POUR,Responsabilité individuelle,Economie: neutre,Feministre: NEUTRE féministe,Feministre: NEUTRE féministe,Risque difficile,PQ,BQ,Homme,Francophones,60 ans et plus,Né Ailleurs,Collégial,Revenus moyens
Ind_896,0.886305,0.075467,1.109187,Sou_NON,CONTRE,POUR,POUR,CONTRE,CONTRE,CONTRE,ACCORD,ACCORD,PESSIMISTE,NEUTRE,OPTIMISTE,CONTRE,Responsabilité individuelle,Economie: neutre,Feministre: NEUTRE féministe,Feministre: NEUTRE féministe,Risque difficile,NSP,Vote fed: NSP,Femme,Francophones,40-59 ans,Né Canada,Collégial,NSP
Ind_897,1.558456,0.411778,0.269684,Sou_NON,CONTRE,CONTRE,POUR,CONTRE,CONTRE,CONTRE,ACCORD,ACCORD,PESSIMISTE,NSP,PESSIMISTE,NEUTRE,Responsabilité mixte,Economie: privé seulement,NSP,Feministe: CONTRE féministe,Risque facile,Vote prov: NSP,Vote fed: NSP,Homme,Francophones,60 ans et plus,Né Canada,Secondaire,NSP
Ind_898,1.997512,0.048259,-0.566085,Sou_NON,CONTRE,CONTRE,POUR,CONTRE,CONTRE,NEUTRE,DÉSACCORD,NSP,NEUTRE,PESSIMISTE,PESSIMISTE,NEUTRE,Responsabilité individuelle,Economie: privé et public,Féministe: POUR féministe,Feministre: NEUTRE féministe,Risque facile,PLQ,PLC,Femme,Non francophones,40-59 ans,Né Canada,Collégial,Revenus moyens
Ind_899,0.469979,0.46191,-1.509016,Sou_NON,CONTRE,CONTRE,CONTRE,POUR,CONTRE,CONTRE,ACCORD,ACCORD,OPTIMISTE,PESSIMISTE,NEUTRE,POUR,Responsabilité collective,Economie: privé et public,Feministre: NEUTRE féministe,Feministre: NEUTRE féministe,Risque facile,PQ,PLC,Homme,Francophones,60 ans et plus,Né Canada,Universitaire,Revenus moyens
Ind_900,-1.262312,-0.309088,1.209256,Sou_NSP,POUR,CONTRE,CONTRE,POUR,POUR,POUR,ACCORD,NEUTRE,NSP,NEUTRE,OPTIMISTE,CONTRE,Responsabilité individuelle,Economie: neutre,Feministre: NEUTRE féministe,NSP,Risque difficile,NSP,Vote fed: NSP,Femme,Francophones,60 ans et plus,Né Canada,Secondaire,NSP
Ind_901,1.062983,0.413828,0.649419,Sou_NON,CONTRE,CONTRE,POUR,POUR,CONTRE,CONTRE,NEUTRE,DÉSACCORD,NEUTRE,PESSIMISTE,NEUTRE,CONTRE,NSP,Economie: privé et public,Feministre: NEUTRE féministe,Feministre: NEUTRE féministe,Risque difficile,NSP,BQ,Femme,Francophones,60 ans et plus,Né Canada,Secondaire,NSP
Ind_902,2.059809,-0.003277,0.21963,Sou_NON,CONTRE,CONTRE,POUR,CONTRE,CONTRE,CONTRE,ACCORD,NEUTRE,NEUTRE,PESSIMISTE,PESSIMISTE,CONTRE,Responsabilité mixte,Economie: privé et public,Feministre: NEUTRE féministe,Feministre: NEUTRE féministe,Risque difficile,NSP,PLC,Femme,Francophones,40-59 ans,Né Canada,Secondaire,Revenus élevés
Ind_903,0.843131,0.008751,0.717133,Sou_NON,CONTRE,NSP,POUR,POUR,NSP,NSP,NEUTRE,ACCORD,NEUTRE,PESSIMISTE,NEUTRE,POUR,Responsabilité individuelle,Economie: privé seulement,Feministre: NEUTRE féministe,NSP,Risque facile,CAQ,PLC,Femme,Francophones,60 ans et plus,Né Canada,Collégial,NSP
Ind_904,-2.244138,0.536582,-0.551146,Sou_OUI,POUR,NSP,CONTRE,POUR,POUR,POUR,DÉSACCORD,DÉSACCORD,OPTIMISTE,OPTIMISTE,OPTIMISTE,CONTRE,Responsabilité individuelle,Economie: privé et public,Feministe: CONTRE féministe,Féministe: POUR féministe,Risque difficile,PQ,PLC,Homme,Francophones,18-39 ans,Né Canada,Collégial,Revenus élevés
Ind_905,-1.73708,0.222089,-0.119588,Sou_NON,POUR,POUR,CONTRE,POUR,CONTRE,POUR,DÉSACCORD,DÉSACCORD,OPTIMISTE,NEUTRE,OPTIMISTE,NEUTRE,Responsabilité collective,Economie: privé et public,Feministre: NEUTRE féministe,Feministre: NEUTRE féministe,Risque difficile,PQ,BQ,Femme,Francophones,60 ans et plus,Né Canada,Secondaire,Revenus moyens
Ind_906,1.919004,0.859949,-1.612029,Sou_NON,CONTRE,CONTRE,POUR,CONTRE,CONTRE,CONTRE,ACCORD,ACCORD,OPTIMISTE,PESSIMISTE,PESSIMISTE,POUR,Responsabilité individuelle,Economie: privé et public,Feministre: NEUTRE féministe,Feministre: NEUTRE féministe,Risque facile,PLQ,PLC,Homme,Non francophones,60 ans et plus,Né Canada,Universitaire,Revenus bas
Ind_907,0.366569,-1.4576,-0.576229,Sou_NON,NSP,POUR,POUR,NEUTRE,POUR,CONTRE,ACCORD,DÉSACCORD,NEUTRE,PESSIMISTE,NSP,NEUTRE,Responsabilité collective,Economie: privé et public,Féministe: POUR féministe,Féministe: POUR féministe,Risque difficile,PQ,PLC,Femme,Francophones,40-59 ans,Né Ailleurs,Universitaire,Revenus moyens
Ind_908,1.107161,-1.145927,0.187746,Sou_NON,CONTRE,CONTRE,POUR,NSP,NEUTRE,NEUTRE,NEUTRE,NSP,NSP,NEUTRE,NEUTRE,NEUTRE,Responsabilité individuelle,NSP,Féministe: POUR féministe,Féministe: POUR féministe,NSP,PLQ,PLC,Femme,Non francophones,60 ans et plus,Né Ailleurs,Universitaire,Revenus bas
Ind_909,-0.8524,-0.5187,0.612509,Sou_NSP,POUR,POUR,POUR,NEUTRE,NEUTRE,NEUTRE,ACCORD,ACCORD,NEUTRE,NSP,OPTIMISTE,CONTRE,Responsabilité mixte,Economie: privé seulement,Féministe: POUR féministe,Féministe: POUR féministe,Risque facile,PQ,NPD,Homme,Francophones,40-59 ans,Né Canada,Secondaire,Revenus moyens
Ind_910,-0.669834,-0.025849,1.839527,Sou_OUI,POUR,POUR,POUR,NEUTRE,NEUTRE,NEUTRE,ACCORD,NEUTRE,NEUTRE,NEUTRE,OPTIMISTE,CONTRE,Responsabilité individuelle,Economie: neutre,Feministre: NEUTRE féministe,Feministre: NEUTRE féministe,Risque difficile,NSP,PCC,Femme,Francophones,40-59 ans,Né Canada,Collégial,Revenus bas
Ind_911,-1.526293,-1.323061,0.505829,Sou_NSP,POUR,CONTRE,CONTRE,POUR,NEUTRE,NEUTRE,ACCORD,ACCORD,OPTIMISTE,NEUTRE,OPTIMISTE,CONTRE,Responsabilité mixte,Economie: neutre,Féministe: POUR féministe,Féministe: POUR féministe,Risque difficile,PQ,BQ,Femme,Francophones,60 ans et plus,Né Canada,Collégial,Revenus bas
Ind_912,0.921035,1.113071,-0.594576,Sou_NON,CONTRE,CONTRE,POUR,POUR,POUR,CONTRE,DÉSACCORD,DÉSACCORD,PESSIMISTE,PESSIMISTE,NEUTRE,NSP,Responsabilité collective,Economie: privé et public,Feministe: CONTRE féministe,Feministre: NEUTRE féministe,Risque difficile,PCQ,PCC,Homme,Non francophones,60 ans et plus,Né Ailleurs,Universitaire,Revenus bas
Ind_913,1.058948,-1.67505,-0.296561,Sou_NON,CONTRE,NSP,POUR,CONTRE,CONTRE,CONTRE,NSP,NSP,NEUTRE,PESSIMISTE,OPTIMISTE,NEUTRE,Responsabilité collective,Economie: privé et public,Féministe: POUR féministe,Féministe: POUR féministe,Risque difficile,PQ,Vote fed: NSP,Femme,Francophones,18-39 ans,Né Canada,Universitaire,Revenus moyens
Ind_914,-1.111908,0.229144,1.695537,Sou_OUI,POUR,POUR,POUR,NEUTRE,NEUTRE,NEUTRE,ACCORD,DÉSACCORD,OPTIMISTE,OPTIMISTE,OPTIMISTE,CONTRE,Responsabilité mixte,Economie: neutre,Feministre: NEUTRE féministe,Feministre: NEUTRE féministe,Risque facile,NSP,Vote fed: NSP,Femme,Francophones,40-59 ans,Né Canada,Secondaire,Revenus bas
Ind_915,1.347465,0.525366,-1.21913,Sou_NON,CONTRE,CONTRE,POUR,POUR,POUR,CONTRE,DÉSACCORD,DÉSACCORD,NEUTRE,PESSIMISTE,PESSIMISTE,POUR,Responsabilité collective,Economie: privé et public,Feministre: NEUTRE féministe,Feministre: NEUTRE féministe,Risque facile,PLQ,PLC,Femme,Non francophones,60 ans et plus,Né Ailleurs,Universitaire,NSP
Ind_916,-1.087098,0.547225,1.900186,Sou_NSP,NSP,POUR,CONTRE,POUR,NEUTRE,NEUTRE,DÉSACCORD,DÉSACCORD,OPTIMISTE,NSP,NEUTRE,CONTRE,Responsabilité mixte,Economie: neutre,Feministre: NEUTRE féministe,Feministre: NEUTRE féministe,Risque facile,CAQ,PCC,Femme,Francophones,60 ans et plus,Né Canada,Collégial,NSP
Ind_917,-2.493754,0.366355,-0.806372,Sou_OUI,POUR,POUR,CONTRE,POUR,POUR,POUR,ACCORD,DÉSACCORD,NEUTRE,NEUTRE,OPTIMISTE,CONTRE,Responsabilité individuelle,Economie: neutre,Féministe: POUR féministe,Féministe: POUR féministe,Risque facile,PQ,BQ,Homme,Francophones,60 ans et plus,Né Canada,Universitaire,Revenus bas
Ind_918,-1.515407,-0.532467,0.387789,Sou_OUI,POUR,POUR,CONTRE,POUR,NEUTRE,CONTRE,NEUTRE,NEUTRE,OPTIMISTE,NEUTRE,OPTIMISTE,CONTRE,Responsabilité individuelle,Economie: privé seulement,Féministe: POUR féministe,Féministe: POUR féministe,Risque difficile,QS,PCC,Femme,Francophones,40-59 ans,Né Canada,Collégial,Revenus bas
Ind_919,0.337315,1.856972,-0.378185,Sou_NON,CONTRE,POUR,POUR,POUR,CONTRE,POUR,DÉSACCORD,DÉSACCORD,PESSIMISTE,PESSIMISTE,PESSIMISTE,POUR,Responsabilité individuelle,Economie: privé seulement,Feministre: NEUTRE féministe,Feministre: NEUTRE féministe,Risque facile,PQ,PLC,Homme,Francophones,60 ans et plus,Né Canada,Collégial,Revenus élevés
Ind_920,0.983685,1.156187,0.152653,Sou_NON,CONTRE,POUR,POUR,CONTRE,CONTRE,POUR,DÉSACCORD,DÉSACCORD,NEUTRE,PESSIMISTE,PESSIMISTE,CONTRE,Responsabilité individuelle,Economie: privé seulement,Feministre: NEUTRE féministe,Féministe: POUR féministe,Risque facile,PCQ,PCC,Femme,Francophones,40-59 ans,Né Canada,Collégial,Revenus élevés
Ind_921,-0.675536,-0.794246,1.563894,Sou_NSP,POUR,NSP,NSP,NSP,NSP,NSP,DÉSACCORD,DÉSACCORD,NEUTRE,NSP,NSP,CONTRE,NSP,Economie: privé seulement,Féministe: POUR féministe,Féministe: POUR féministe,Risque difficile,PQ,PCC,Femme,Francophones,60 ans et plus,Né Canada,Secondaire,NSP
Ind_922,-0.681585,-1.307252,0.229313,Sou_NON,POUR,POUR,POUR,POUR,NEUTRE,NEUTRE,ACCORD,ACCORD,OPTIMISTE,NSP,OPTIMISTE,CONTRE,Responsabilité individuelle,Economie: privé et public,Féministe: POUR féministe,Féministe: POUR féministe,Risque difficile,NSP,PLC,Femme,Francophones,60 ans et plus,Né Canada,Collégial,Revenus bas
Ind_923,1.752475,-1.290175,0.216995,Sou_NON,CONTRE,CONTRE,POUR,NEUTRE,CONTRE,CONTRE,NEUTRE,NSP,NEUTRE,PESSIMISTE,NSP,NEUTRE,Responsabilité mixte,Economie: neutre,Féministe: POUR féministe,Féministe: POUR féministe,Risque difficile,PLQ,PLC,Femme,Francophones,40-59 ans,Né Canada,Universitaire,NSP
Ind_924,-1.433964,-1.948107,-0.483231,Sou_NSP,POUR,POUR,POUR,POUR,POUR,POUR,ACCORD,ACCORD,OPTIMISTE,NEUTRE,OPTIMISTE,NEUTRE,Responsabilité collective,Economie: neutre,Féministe: POUR féministe,Féministe: POUR féministe,Risque difficile,QS,PLC,Femme,Francophones,18-39 ans,Né Canada,Universitaire,Revenus bas
Ind_925,2.091699,1.884195,-1.010144,Sou_NON,CONTRE,CONTRE,POUR,CONTRE,CONTRE,CONTRE,DÉSACCORD,DÉSACCORD,PESSIMISTE,PESSIMISTE,PESSIMISTE,NEUTRE,Responsabilité individuelle,Economie: privé seulement,Feministre: NEUTRE féministe,Feministre: NEUTRE féministe,Risque facile,PLQ,PLC,Homme,Non francophones,60 ans et plus,Né Ailleurs,Universitaire,Revenus moyens
Ind_926,-2.450922,0.289826,-0.818243,Sou_OUI,POUR,POUR,CONTRE,POUR,NEUTRE,POUR,DÉSACCORD,DÉSACCORD,OPTIMISTE,NEUTRE,OPTIMISTE,CONTRE,Responsabilité mixte,Economie: privé et public,Féministe: POUR féministe,Féministe: POUR féministe,Risque facile,CAQ,BQ,Homme,Francophones,60 ans et plus,Né Canada,Universitaire,Revenus moyens
Ind_927,-1.236128,-1.043449,-0.291562,Sou_OUI,POUR,POUR,POUR,POUR,POUR,POUR,DÉSACCORD,DÉSACCORD,NEUTRE,NEUTRE,PESSIMISTE,POUR,Responsabilité collective,Economie: privé et public,Féministe: POUR féministe,Féministe: POUR féministe,Risque difficile,QS,Vote fed: NSP,Femme,Francophones,40-59 ans,Né Canada,Collégial,Revenus bas
Ind_928,-0.356006,0.281583,1.111765,Sou_NSP,NSP,POUR,POUR,POUR,NSP,NSP,NSP,DÉSACCORD,PESSIMISTE,NSP,NSP,CONTRE,Responsabilité individuelle,NSP,Feministre: NEUTRE féministe,Féministe: POUR féministe,Risque facile,CAQ,PLC,Homme,Francophones,18-39 ans,Né Canada,Collégial,Revenus élevés
Ind_929,-1.920444,0.169591,-0.39188,Sou_OUI,POUR,POUR,POUR,POUR,NEUTRE,POUR,DÉSACCORD,ACCORD,OPTIMISTE,NEUTRE,NEUTRE,CONTRE,Responsabilité collective,Economie: privé seulement,Féministe: POUR féministe,Féministe: POUR féministe,Risque facile,PQ,BQ,Homme,Francophones,60 ans et plus,Né Canada,Collégial,Revenus moyens
Ind_930,-0.731468,-1.965708,0.828324,Sou_NSP,NSP,POUR,NSP,POUR,NEUTRE,NEUTRE,ACCORD,NEUTRE,NEUTRE,NSP,NEUTRE,NEUTRE,Responsabilité mixte,Economie: privé et public,Féministe: POUR féministe,Féministe: POUR féministe,Risque facile,PQ,PVQ,Femme,Francophones,18-39 ans,Né Canada,Collégial,Revenus bas
Ind_931,2.31845,0.238958,-0.28453,Sou_NON,CONTRE,CONTRE,POUR,CONTRE,CONTRE,CONTRE,ACCORD,ACCORD,PESSIMISTE,PESSIMISTE,PESSIMISTE,CONTRE,Responsabilité individuelle,NSP,Feministe: CONTRE féministe,Feministe: CONTRE féministe,Risque difficile,PLQ,PLC,Femme,Non francophones,60 ans et plus,Né Canada,Collégial,Revenus bas
Ind_932,-0.677949,-1.496057,1.157169,Sou_NSP,NSP,NSP,NSP,NEUTRE,NSP,NSP,ACCORD,NEUTRE,OPTIMISTE,NSP,OPTIMISTE,CONTRE,Responsabilité collective,Economie: privé et public,Feministre: NEUTRE féministe,Féministe: POUR féministe,Risque difficile,PQ,PCC,Femme,Francophones,18-39 ans,Né Canada,Collégial,Revenus élevés
Ind_933,1.777763,-0.782377,-0.879567,Sou_NON,CONTRE,CONTRE,POUR,CONTRE,CONTRE,CONTRE,ACCORD,ACCORD,PESSIMISTE,PESSIMISTE,NEUTRE,NEUTRE,Responsabilité individuelle,Economie: privé et public,Féministe: POUR féministe,Féministe: POUR féministe,Risque facile,PLQ,NPD,Femme,Francophones,40-59 ans,Né Canada,Secondaire,Revenus bas
Ind_934,-0.06294,-2.360707,-0.058891,Sou_NSP,NSP,NSP,NSP,POUR,NSP,CONTRE,ACCORD,ACCORD,NEUTRE,NSP,NEUTRE,POUR,Responsabilité collective,Economie: privé et public,Féministe: POUR féministe,Féministe: POUR féministe,Risque difficile,QS,NPD,Femme,Francophones,40-59 ans,Né Canada,Universitaire,Revenus moyens
Ind_935,2.081597,0.664993,-0.695588,Sou_NON,CONTRE,CONTRE,POUR,CONTRE,CONTRE,CONTRE,ACCORD,NEUTRE,PESSIMISTE,PESSIMISTE,PESSIMISTE,POUR,Responsabilité individuelle,Economie: privé et public,Feministre: NEUTRE féministe,Feministre: NEUTRE féministe,Risque difficile,PLQ,PLC,Homme,Francophones,40-59 ans,Né Canada,Collégial,Revenus élevés
Ind_936,1.625358,-0.253988,1.027731,Sou_NON,CONTRE,CONTRE,POUR,CONTRE,NEUTRE,CONTRE,ACCORD,NSP,NEUTRE,NSP,PESSIMISTE,CONTRE,Responsabilité mixte,Economie: privé et public,Feministre: NEUTRE féministe,Feministre: NEUTRE féministe,Risque difficile,NSP,Vote fed: NSP,Femme,Non francophones,60 ans et plus,Né Canada,Secondaire,Revenus bas
Ind_937,1.520718,2.041175,0.550773,Sou_NON,CONTRE,CONTRE,POUR,NEUTRE,CONTRE,CONTRE,DÉSACCORD,DÉSACCORD,NEUTRE,PESSIMISTE,PESSIMISTE,CONTRE,Responsabilité individuelle,Economie: privé seulement,Feministe: CONTRE féministe,Feministre: NEUTRE féministe,Risque difficile,PCQ,PCC,Homme,Francophones,60 ans et plus,Né Canada,Secondaire,Revenus bas
Ind_938,0.476018,-1.307929,-0.812197,Sou_NON,CONTRE,POUR,POUR,POUR,CONTRE,NEUTRE,ACCORD,DÉSACCORD,OPTIMISTE,PESSIMISTE,NEUTRE,POUR,Responsabilité collective,Economie: privé et public,Féministe: POUR féministe,Féministe: POUR féministe,Risque facile,QS,PLC,Femme,Francophones,18-39 ans,Né Canada,Collégial,NSP
Ind_939,1.516643,-0.72253,-0.869098,Sou_NON,CONTRE,CONTRE,POUR,NEUTRE,CONTRE,CONTRE,NEUTRE,ACCORD,PESSIMISTE,PESSIMISTE,OPTIMISTE,POUR,Responsabilité individuelle,Economie: neutre,Féministe: POUR féministe,Féministe: POUR féministe,Risque facile,PLQ,PLC,Femme,Francophones,18-39 ans,Né Canada,Universitaire,Revenus élevés
Ind_940,-0.882769,-0.003211,0.445616,Sou_NSP,NSP,POUR,POUR,NEUTRE,POUR,NSP,NEUTRE,DÉSACCORD,OPTIMISTE,NEUTRE,NEUTRE,CONTRE,Responsabilité collective,Economie: privé et public,NSP,NSP,Risque facile,PQ,PLC,Homme,Francophones,18-39 ans,Né Canada,Universitaire,NSP
Ind_941,-1.173153,-0.072973,0.630327,Sou_NSP,POUR,POUR,POUR,POUR,NEUTRE,NEUTRE,DÉSACCORD,DÉSACCORD,OPTIMISTE,PESSIMISTE,OPTIMISTE,CONTRE,Responsabilité mixte,Economie: privé seulement,Féministe: POUR féministe,Féministe: POUR féministe,Risque facile,PQ,PCC,Femme,Francophones,40-59 ans,Né Canada,Collégial,Revenus bas
Ind_942,0.093119,-1.245841,2.641359,Sou_NSP,NSP,NSP,NSP,NSP,NSP,NSP,NSP,NSP,NSP,NSP,NSP,NSP,Responsabilité individuelle,NSP,NSP,NSP,Risque difficile,Vote prov: NSP,Vote fed: NSP,Femme,Non francophones,60 ans et plus,Né Canada,Secondaire,Revenus bas
Ind_943,0.846625,1.347091,-0.350006,Sou_NON,CONTRE,CONTRE,CONTRE,CONTRE,POUR,CONTRE,DÉSACCORD,DÉSACCORD,NEUTRE,PESSIMISTE,PESSIMISTE,CONTRE,Responsabilité collective,Economie: privé et public,Feministre: NEUTRE féministe,Feministre: NEUTRE féministe,Risque difficile,PQ,PCC,Homme,Non francophones,40-59 ans,Né Canada,Secondaire,NSP
Ind_944,2.152947,0.189257,-0.165772,Sou_NON,CONTRE,CONTRE,POUR,CONTRE,CONTRE,CONTRE,ACCORD,ACCORD,NEUTRE,PESSIMISTE,PESSIMISTE,CONTRE,Responsabilité individuelle,Economie: privé seulement,Feministre: NEUTRE féministe,Féministe: POUR féministe,Risque difficile,PCQ,PCC,Femme,Non francophones,60 ans et plus,Né Canada,Collégial,NSP
Ind_945,1.560851,1.396662,-0.264405,Sou_NON,CONTRE,CONTRE,POUR,NSP,CONTRE,CONTRE,DÉSACCORD,DÉSACCORD,NEUTRE,PESSIMISTE,PESSIMISTE,CONTRE,Responsabilité individuelle,Economie: privé seulement,Feministe: CONTRE féministe,Féministe: POUR féministe,Risque difficile,PCQ,PCC,Homme,Francophones,40-59 ans,Né Canada,Universitaire,Revenus élevés
Ind_946,-1.464897,-1.72517,0.423524,Sou_NSP,POUR,POUR,POUR,NEUTRE,NEUTRE,POUR,ACCORD,NEUTRE,OPTIMISTE,NEUTRE,OPTIMISTE,NEUTRE,Responsabilité collective,NSP,Féministe: POUR féministe,Féministe: POUR féministe,Risque difficile,PQ,BQ,Femme,Francophones,60 ans et plus,Né Canada,Secondaire,NSP
Ind_947,-2.294389,-0.423314,-0.976444,Sou_OUI,POUR,CONTRE,CONTRE,POUR,POUR,POUR,DÉSACCORD,NSP,OPTIMISTE,OPTIMISTE,OPTIMISTE,POUR,Responsabilité individuelle,Economie: privé et public,Féministe: POUR féministe,Féministe: POUR féministe,Risque facile,PQ,BQ,Femme,Francophones,60 ans et plus,Né Canada,Collégial,Revenus bas
Ind_948,-2.132763,-1.237807,0.154527,Sou_OUI,POUR,NSP,CONTRE,POUR,POUR,POUR,ACCORD,NEUTRE,OPTIMISTE,OPTIMISTE,OPTIMISTE,NSP,Responsabilité mixte,Economie: privé et public,Féministe: POUR féministe,Feministre: NEUTRE féministe,Risque difficile,PQ,Vote fed: NSP,Femme,Francophones,18-39 ans,Né Canada,Collégial,Revenus bas
Ind_949,-2.792807,0.793425,-0.745683,Sou_OUI,POUR,POUR,CONTRE,POUR,POUR,POUR,DÉSACCORD,DÉSACCORD,OPTIMISTE,NEUTRE,OPTIMISTE,CONTRE,Responsabilité individuelle,Economie: privé et public,Feministre: NEUTRE féministe,Féministe: POUR féministe,Risque difficile,PQ,BQ,Homme,Francophones,60 ans et plus,Né Canada,Universitaire,Revenus moyens
Ind_950,-2.7113,-0.173569,-0.656598,Sou_OUI,POUR,POUR,CONTRE,POUR,POUR,POUR,NEUTRE,DÉSACCORD,OPTIMISTE,NEUTRE,OPTIMISTE,NEUTRE,Responsabilité individuelle,Economie: privé et public,Féministe: POUR féministe,Féministe: POUR féministe,Risque difficile,PQ,BQ,Homme,Francophones,40-59 ans,Né Canada,Collégial,Revenus bas
Ind_951,-0.70568,-0.525864,1.576823,Sou_NSP,CONTRE,POUR,NSP,NEUTRE,POUR,NEUTRE,ACCORD,DÉSACCORD,NSP,NSP,OPTIMISTE,CONTRE,Responsabilité mixte,Economie: neutre,Féministe: POUR féministe,Feministre: NEUTRE féministe,NSP,PCQ,BQ,Femme,Francophones,60 ans et plus,Né Ailleurs,Collégial,NSP
Ind_952,-2.167382,-0.808063,-1.715381,Sou_OUI,POUR,POUR,CONTRE,POUR,POUR,POUR,ACCORD,ACCORD,NEUTRE,NEUTRE,OPTIMISTE,POUR,Responsabilité collective,Economie: privé et public,Féministe: POUR féministe,Féministe: POUR féministe,Risque facile,PQ,PVQ,Homme,Francophones,40-59 ans,Né Canada,Universitaire,Revenus élevés
Ind_953,0.321561,0.370164,0.899059,Sou_OUI,POUR,NSP,POUR,NEUTRE,CONTRE,NEUTRE,NEUTRE,NEUTRE,NSP,PESSIMISTE,NEUTRE,NEUTRE,Responsabilité mixte,Economie: privé seulement,Feministe: CONTRE féministe,NSP,Risque facile,PCQ,PCC,Homme,Non francophones,18-39 ans,Né Canada,Collégial,Revenus moyens
Ind_954,1.326554,0.085901,-1.134614,Sou_NON,CONTRE,CONTRE,POUR,POUR,POUR,CONTRE,ACCORD,ACCORD,NEUTRE,PESSIMISTE,PESSIMISTE,POUR,Responsabilité collective,Economie: privé et public,Feministre: NEUTRE féministe,Feministre: NEUTRE féministe,Risque difficile,PLQ,Vote fed: NSP,Homme,Non francophones,40-59 ans,Né Canada,Universitaire,Revenus moyens
Ind_955,-2.331748,-0.617772,-0.628083,Sou_OUI,POUR,POUR,CONTRE,POUR,POUR,POUR,ACCORD,DÉSACCORD,NEUTRE,NEUTRE,OPTIMISTE,CONTRE,Responsabilité mixte,Economie: privé et public,Féministe: POUR féministe,Féministe: POUR féministe,Risque facile,PQ,BQ,Femme,Francophones,40-59 ans,Né Canada,Collégial,Revenus élevés
Ind_956,-2.500096,1.069413,-0.431999,Sou_OUI,POUR,POUR,CONTRE,POUR,POUR,POUR,DÉSACCORD,DÉSACCORD,NEUTRE,OPTIMISTE,OPTIMISTE,NEUTRE,Responsabilité individuelle,Economie: neutre,Feministe: CONTRE féministe,Féministe: POUR féministe,Risque facile,PQ,BQ,Homme,Francophones,60 ans et plus,Né Canada,Secondaire,Revenus élevés
Ind_957,-2.485911,-0.126611,-0.833602,Sou_OUI,POUR,POUR,CONTRE,POUR,POUR,POUR,NEUTRE,DÉSACCORD,OPTIMISTE,OPTIMISTE,OPTIMISTE,NEUTRE,Responsabilité collective,NSP,Féministe: POUR féministe,Féministe: POUR féministe,Risque facile,PQ,PLC,Homme,Francophones,40-59 ans,Né Canada,Secondaire,NSP
Ind_958,-2.421323,-0.151642,-1.331453,Sou_OUI,POUR,CONTRE,CONTRE,POUR,POUR,POUR,DÉSACCORD,DÉSACCORD,OPTIMISTE,OPTIMISTE,OPTIMISTE,CONTRE,Responsabilité collective,Economie: privé et public,Féministe: POUR féministe,Féministe: POUR féministe,Risque difficile,PQ,BQ,Homme,Francophones,18-39 ans,Né Canada,Universitaire,Revenus élevés
Ind_959,1.437261,0.118171,1.596715,Sou_NON,CONTRE,CONTRE,POUR,CONTRE,CONTRE,CONTRE,NSP,NSP,NSP,NSP,NSP,CONTRE,Responsabilité mixte,NSP,Feministre: NEUTRE féministe,Feministre: NEUTRE féministe,Risque facile,NSP,Vote fed: NSP,Femme,Francophones,40-59 ans,Né Canada,Collégial,Revenus moyens
Ind_960,0.920691,-2.137855,0.858241,Sou_NSP,CONTRE,CONTRE,POUR,NSP,NSP,NEUTRE,ACCORD,ACCORD,NEUTRE,PESSIMISTE,NSP,NEUTRE,NSP,Economie: neutre,Féministe: POUR féministe,Féministe: POUR féministe,Risque difficile,NSP,Vote fed: NSP,Femme,Francophones,18-39 ans,Né Canada,Universitaire,NSP
Ind_961,1.885355,-0.597659,-1.468006,Sou_NON,CONTRE,CONTRE,POUR,CONTRE,CONTRE,CONTRE,DÉSACCORD,NEUTRE,NSP,PESSIMISTE,NSP,POUR,Responsabilité collective,Economie: privé et public,Féministe: POUR féministe,Féministe: POUR féministe,Risque difficile,PLQ,PLC,Homme,Non francophones,40-59 ans,Né Canada,Universitaire,Revenus élevés
Ind_962,0.404471,-0.401388,1.641261,Sou_NSP,NSP,CONTRE,POUR,NEUTRE,NEUTRE,NSP,ACCORD,DÉSACCORD,NEUTRE,NSP,NSP,CONTRE,Responsabilité individuelle,Economie: privé seulement,Féministe: POUR féministe,Feministre: NEUTRE féministe,Risque difficile,PCQ,PCC,Femme,Francophones,18-39 ans,Né Canada,Collégial,Revenus élevés
Ind_963,-0.95997,0.707282,-0.538898,Sou_OUI,POUR,POUR,POUR,POUR,POUR,POUR,DÉSACCORD,NEUTRE,PESSIMISTE,OPTIMISTE,PESSIMISTE,CONTRE,Responsabilité mixte,Economie: privé et public,NSP,NSP,Risque facile,PCQ,PLC,Homme,Non francophones,40-59 ans,Né Canada,Universitaire,Revenus élevés
Ind_964,2.123292,-0.069984,-1.188184,Sou_NON,CONTRE,CONTRE,POUR,CONTRE,CONTRE,CONTRE,ACCORD,DÉSACCORD,NEUTRE,PESSIMISTE,PESSIMISTE,CONTRE,Responsabilité collective,Economie: privé seulement,Féministe: POUR féministe,Féministe: POUR féministe,Risque facile,PLQ,PLC,Femme,Non francophones,60 ans et plus,Né Canada,Secondaire,Revenus moyens
Ind_965,2.32937,0.143717,-0.012762,Sou_NON,CONTRE,CONTRE,POUR,CONTRE,CONTRE,CONTRE,ACCORD,ACCORD,NEUTRE,PESSIMISTE,PESSIMISTE,CONTRE,NSP,Economie: neutre,Feministre: NEUTRE féministe,Feministre: NEUTRE féministe,Risque difficile,PLQ,PLC,Femme,Non francophones,60 ans et plus,Né Canada,Collégial,NSP
Ind_966,-1.519866,-0.673742,-0.504985,Sou_NSP,NSP,POUR,POUR,POUR,POUR,POUR,NEUTRE,NEUTRE,OPTIMISTE,NEUTRE,OPTIMISTE,POUR,Responsabilité individuelle,Economie: privé et public,Féministe: POUR féministe,Féministe: POUR féministe,Risque difficile,PQ,PLC,Homme,Francophones,40-59 ans,Né Canada,Collégial,Revenus moyens
Ind_967,0.336413,-1.150737,-1.769961,Sou_NON,CONTRE,CONTRE,CONTRE,POUR,CONTRE,NEUTRE,ACCORD,ACCORD,OPTIMISTE,PESSIMISTE,OPTIMISTE,POUR,Responsabilité collective,Economie: privé et public,Féministe: POUR féministe,Féministe: POUR féministe,Risque difficile,QS,NPD,Homme,Non francophones,40-59 ans,Né Canada,Universitaire,Revenus élevés
Ind_968,1.420724,-1.549573,-1.018068,Sou_NON,CONTRE,CONTRE,CONTRE,CONTRE,NSP,NSP,ACCORD,ACCORD,NEUTRE,PESSIMISTE,PESSIMISTE,NEUTRE,Responsabilité collective,Economie: privé et public,Féministe: POUR féministe,Féministe: POUR féministe,Risque difficile,PLQ,PLC,Femme,Non francophones,60 ans et plus,Né Canada,Secondaire,Revenus bas
Ind_969,0.021254,-0.551333,2.28402,Sou_NSP,POUR,POUR,POUR,NEUTRE,NEUTRE,NEUTRE,NSP,NSP,NEUTRE,PESSIMISTE,NSP,CONTRE,Responsabilité individuelle,NSP,NSP,NSP,Risque facile,NSP,Vote fed: NSP,Femme,Francophones,18-39 ans,Né Canada,Secondaire,Revenus moyens
Ind_970,0.212374,0.017492,1.952337,Sou_NON,POUR,POUR,POUR,NEUTRE,NEUTRE,NEUTRE,NEUTRE,NEUTRE,PESSIMISTE,PESSIMISTE,NEUTRE,NEUTRE,Responsabilité mixte,Economie: neutre,Feministre: NEUTRE féministe,Feministre: NEUTRE féministe,Risque difficile,NSP,Vote fed: NSP,Homme,Francophones,18-39 ans,Né Canada,Secondaire,Revenus moyens
Ind_971,0.844874,-0.615961,0.819095,Sou_NON,CONTRE,CONTRE,POUR,NEUTRE,NEUTRE,NEUTRE,NEUTRE,NEUTRE,PESSIMISTE,NEUTRE,NEUTRE,NEUTRE,Responsabilité mixte,Economie: privé et public,NSP,NSP,Risque facile,CAQ,PLC,Femme,Francophones,60 ans et plus,Né Canada,Universitaire,Revenus bas
Ind_972,-2.289546,-1.329037,-1.377995,Sou_OUI,POUR,POUR,CONTRE,POUR,POUR,POUR,ACCORD,ACCORD,OPTIMISTE,OPTIMISTE,OPTIMISTE,POUR,Responsabilité individuelle,Economie: privé et public,Féministe: POUR féministe,Féministe: POUR féministe,Risque difficile,PQ,PLC,Femme,Francophones,60 ans et plus,Né Canada,Universitaire,Revenus bas
Ind_973,1.683275,-0.474299,-0.183377,Sou_NON,CONTRE,CONTRE,POUR,CONTRE,CONTRE,NSP,DÉSACCORD,ACCORD,NEUTRE,NEUTRE,PESSIMISTE,CONTRE,Responsabilité individuelle,Economie: neutre,Féministe: POUR féministe,Féministe: POUR féministe,Risque difficile,PLQ,PLC,Femme,Non francophones,40-59 ans,Né Canada,Collégial,Revenus bas
Ind_974,0.235677,-0.936526,0.731385,Sou_NON,CONTRE,POUR,POUR,CONTRE,POUR,POUR,ACCORD,NSP,OPTIMISTE,NSP,NEUTRE,NEUTRE,Responsabilité mixte,Economie: privé et public,Feministre: NEUTRE féministe,Feministe: CONTRE féministe,Risque difficile,Vote prov: NSP,Vote fed: NSP,Femme,Non francophones,18-39 ans,Né Canada,Collégial,Revenus bas
Ind_975,-2.354052,-1.54238,-0.975856,Sou_OUI,POUR,POUR,CONTRE,POUR,POUR,POUR,ACCORD,NEUTRE,OPTIMISTE,OPTIMISTE,OPTIMISTE,NEUTRE,Responsabilité collective,Economie: privé et public,Féministe: POUR féministe,Féministe: POUR féministe,Risque facile,QS,BQ,Femme,Francophones,18-39 ans,Né Canada,Collégial,NSP
Ind_976,0.443566,-1.951189,-0.700412,Sou_NON,CONTRE,NSP,POUR,POUR,NEUTRE,CONTRE,ACCORD,NEUTRE,OPTIMISTE,PESSIMISTE,OPTIMISTE,POUR,Responsabilité collective,Economie: privé et public,Féministe: POUR féministe,Féministe: POUR féministe,Risque difficile,NSP,NPD,Femme,Francophones,18-39 ans,Né Canada,Universitaire,Revenus moyens
Ind_977,2.020381,-1.076754,-1.262922,Sou_NON,CONTRE,CONTRE,POUR,CONTRE,CONTRE,CONTRE,ACCORD,DÉSACCORD,NEUTRE,PESSIMISTE,NEUTRE,POUR,Responsabilité mixte,Economie: privé et public,Féministe: POUR féministe,Féministe: POUR féministe,Risque difficile,PLQ,PLC,Femme,Non francophones,60 ans et plus,Né Canada,Universitaire,Revenus bas
Ind_978,-1.926294,0.328355,-0.828173,Sou_OUI,POUR,POUR,POUR,POUR,POUR,POUR,NEUTRE,NEUTRE,OPTIMISTE,NEUTRE,OPTIMISTE,POUR,Responsabilité individuelle,Economie: privé et public,Feministre: NEUTRE féministe,Féministe: POUR féministe,Risque facile,PQ,PLC,Homme,Francophones,40-59 ans,Né Canada,Collégial,Revenus élevés
Ind_979,1.545697,-0.815919,0.757744,Sou_NON,CONTRE,NSP,POUR,NEUTRE,CONTRE,CONTRE,ACCORD,ACCORD,PESSIMISTE,PESSIMISTE,NEUTRE,CONTRE,Responsabilité collective,Economie: neutre,Feministre: NEUTRE féministe,Féministe: POUR féministe,Risque difficile,NSP,PLC,Femme,Francophones,40-59 ans,Né Canada,Secondaire,NSP
Ind_980,-0.865852,-0.01564,-0.657922,Sou_NON,POUR,POUR,POUR,POUR,POUR,POUR,ACCORD,ACCORD,PESSIMISTE,PESSIMISTE,OPTIMISTE,CONTRE,Responsabilité individuelle,Economie: privé seulement,Féministe: POUR féministe,Féministe: POUR féministe,Risque difficile,PQ,PLC,Homme,Francophones,40-59 ans,Né Canada,Collégial,Revenus moyens
Ind_981,1.408087,-1.57582,-1.357764,Sou_NON,CONTRE,CONTRE,POUR,CONTRE,CONTRE,NSP,ACCORD,ACCORD,OPTIMISTE,PESSIMISTE,OPTIMISTE,CONTRE,Responsabilité collective,Economie: privé et public,Féministe: POUR féministe,Féministe: POUR féministe,Risque difficile,PLQ,PLC,Femme,Non francophones,18-39 ans,Né Canada,Universitaire,NSP
Ind_982,-2.58624,-0.807708,-0.581598,Sou_OUI,POUR,POUR,CONTRE,POUR,POUR,POUR,ACCORD,NEUTRE,OPTIMISTE,NEUTRE,OPTIMISTE,CONTRE,Responsabilité collective,Economie: privé et public,Féministe: POUR féministe,Feministre: NEUTRE féministe,Risque difficile,PQ,BQ,Femme,Francophones,60 ans et plus,Né Canada,Universitaire,Revenus bas
Ind_983,-1.253562,0.252974,-1.195519,Sou_OUI,POUR,POUR,POUR,CONTRE,POUR,POUR,NEUTRE,ACCORD,OPTIMISTE,OPTIMISTE,OPTIMISTE,POUR,Responsabilité collective,Economie: privé et public,Feministe: CONTRE féministe,Feministre: NEUTRE féministe,Risque facile,PLQ,PLC,Homme,Francophones,18-39 ans,Né Canada,Universitaire,Revenus moyens
Ind_984,-0.331606,-2.407739,1.613725,Sou_NSP,NSP,NSP,NSP,NEUTRE,NSP,NSP,NEUTRE,NEUTRE,OPTIMISTE,NSP,NSP,NEUTRE,Responsabilité mixte,Economie: privé et public,Féministe: POUR féministe,Féministe: POUR féministe,Risque difficile,QS,Vote fed: NSP,Femme,Francophones,18-39 ans,Né Canada,Collégial,Revenus moyens
Ind_985,-2.300217,-0.671719,-0.887451,Sou_OUI,POUR,POUR,CONTRE,POUR,POUR,POUR,DÉSACCORD,DÉSACCORD,OPTIMISTE,PESSIMISTE,OPTIMISTE,POUR,Responsabilité individuelle,Economie: privé et public,Féministe: POUR féministe,Féministe: POUR féministe,Risque difficile,PQ,BQ,Femme,Francophones,18-39 ans,Né Canada,Collégial,Revenus moyens
Ind_986,-2.352693,-1.676221,-0.958005,Sou_OUI,POUR,POUR,CONTRE,POUR,POUR,POUR,ACCORD,ACCORD,OPTIMISTE,NEUTRE,OPTIMISTE,CONTRE,Responsabilité collective,Economie: privé et public,Féministe: POUR féministe,Féministe: POUR féministe,Risque difficile,QS,BQ,Femme,Francophones,18-39 ans,Né Canada,Universitaire,Revenus bas
Ind_987,2.022642,-0.524091,-1.573059,Sou_NON,CONTRE,CONTRE,POUR,CONTRE,CONTRE,CONTRE,ACCORD,ACCORD,PESSIMISTE,PESSIMISTE,PESSIMISTE,POUR,Responsabilité collective,Economie: privé et public,Féministe: POUR féministe,Feministre: NEUTRE féministe,Risque facile,PLQ,PLC,Femme,Francophones,60 ans et plus,Né Canada,Universitaire,Revenus moyens
Ind_988,2.093369,-0.178229,-0.691784,Sou_NON,CONTRE,CONTRE,POUR,CONTRE,NSP,CONTRE,ACCORD,DÉSACCORD,NEUTRE,PESSIMISTE,PESSIMISTE,NSP,Responsabilité mixte,Economie: privé et public,Feministe: CONTRE féministe,Feministe: CONTRE féministe,Risque difficile,PLQ,PLC,Femme,Non francophones,60 ans et plus,Né Ailleurs,Universitaire,Revenus bas
Ind_989,-2.535443,-1.265825,-0.770235,Sou_OUI,POUR,POUR,CONTRE,POUR,POUR,POUR,ACCORD,ACCORD,OPTIMISTE,NEUTRE,OPTIMISTE,NEUTRE,Responsabilité individuelle,Economie: privé et public,Féministe: POUR féministe,Féministe: POUR féministe,Risque difficile,PQ,BQ,Femme,Francophones,60 ans et plus,Né Canada,Collégial,Revenus bas
Ind_990,-1.933452,0.239896,-0.01465,Sou_OUI,POUR,POUR,POUR,POUR,POUR,POUR,ACCORD,ACCORD,NEUTRE,NEUTRE,OPTIMISTE,CONTRE,Responsabilité mixte,Economie: neutre,Feministre: NEUTRE féministe,Féministe: POUR féministe,Risque facile,PQ,BQ,Homme,Francophones,40-59 ans,Né Canada,Secondaire,NSP
Ind_991,-0.081785,-1.1315,2.901798,Sou_NSP,NSP,NSP,NSP,NEUTRE,NEUTRE,NEUTRE,NSP,NSP,PESSIMISTE,NEUTRE,NSP,CONTRE,Responsabilité mixte,Economie: neutre,NSP,NSP,NSP,NSP,Vote fed: NSP,Femme,Francophones,40-59 ans,Né Canada,Universitaire,Revenus moyens
Ind_992,2.001678,-0.974735,-0.946151,Sou_NON,CONTRE,CONTRE,POUR,CONTRE,CONTRE,CONTRE,ACCORD,ACCORD,PESSIMISTE,PESSIMISTE,PESSIMISTE,NEUTRE,Responsabilité individuelle,Economie: privé et public,Féministe: POUR féministe,Féministe: POUR féministe,Risque difficile,CAQ,PLC,Femme,Francophones,40-59 ans,Né Canada,Collégial,Revenus moyens
Ind_993,-2.621538,0.700641,-0.325212,Sou_OUI,POUR,POUR,CONTRE,POUR,POUR,NEUTRE,DÉSACCORD,DÉSACCORD,OPTIMISTE,NEUTRE,OPTIMISTE,CONTRE,Responsabilité individuelle,Economie: privé et public,Féministe: POUR féministe,Feministre: NEUTRE féministe,Risque difficile,PQ,BQ,Homme,Francophones,60 ans et plus,Né Canada,Universitaire,Revenus bas
Ind_994,1.1671,1.584956,0.484766,Sou_NON,CONTRE,CONTRE,POUR,POUR,CONTRE,CONTRE,DÉSACCORD,DÉSACCORD,NEUTRE,PESSIMISTE,NEUTRE,CONTRE,Responsabilité individuelle,Economie: privé seulement,Feministe: CONTRE féministe,Feministe: CONTRE féministe,NSP,PCQ,Vote fed: NSP,Homme,Francophones,18-39 ans,Né Canada,Collégial,Revenus bas
Ind_995,0.85166,-0.995254,0.404332,Sou_NON,CONTRE,POUR,NSP,NSP,CONTRE,CONTRE,NSP,DÉSACCORD,NSP,PESSIMISTE,NSP,NEUTRE,Responsabilité collective,Economie: privé seulement,Féministe: POUR féministe,Féministe: POUR féministe,Risque difficile,CAQ,PLC,Femme,Francophones,60 ans et plus,Né Canada,Collégial,NSP
Ind_996,-2.163721,0.74198,0.290926,Sou_OUI,POUR,POUR,CONTRE,POUR,POUR,POUR,DÉSACCORD,NEUTRE,OPTIMISTE,PESSIMISTE,OPTIMISTE,CONTRE,Responsabilité individuelle,Economie: privé seulement,Feministe: CONTRE féministe,Feministre: NEUTRE féministe,Risque difficile,PQ,BQ,Femme,Francophones,40-59 ans,Né Canada,Collégial,Revenus élevés
Ind_997,1.666037,0.457337,0.161093,Sou_NON,CONTRE,CONTRE,POUR,CONTRE,CONTRE,CONTRE,DÉSACCORD,NEUTRE,NEUTRE,PESSIMISTE,PESSIMISTE,CONTRE,Responsabilité individuelle,Economie: privé et public,Feministre: NEUTRE féministe,Feministre: NEUTRE féministe,Risque difficile,QS,BQ,Femme,Francophones,18-39 ans,Né Canada,Collégial,Revenus moyens
Ind_998,0.991959,-0.188847,-0.254068,Sou_NON,CONTRE,CONTRE,POUR,POUR,CONTRE,CONTRE,NEUTRE,NEUTRE,OPTIMISTE,PESSIMISTE,OPTIMISTE,CONTRE,Responsabilité mixte,Economie: privé et public,Feministre: NEUTRE féministe,Feministre: NEUTRE féministe,Risque difficile,QS,NPD,Femme,Non francophones,18-39 ans,Né Canada,Universitaire,Revenus moyens
Ind_999,1.609673,0.284944,0.212556,Sou_NON,CONTRE,CONTRE,POUR,CONTRE,CONTRE,POUR,NSP,ACCORD,PESSIMISTE,PESSIMISTE,NEUTRE,CONTRE,Responsabilité individuelle,Economie: privé et public,Feministre: NEUTRE féministe,Feministre: NEUTRE féministe,Risque difficile,CAQ,PLC,Femme,Non francophones,40-59 ans,Né Canada,Collégial,Revenus bas
Ind_1000,-0.758102,-0.129691,2.0161,Sou_NSP,POUR,POUR,NSP,NSP,NSP,NSP,DÉSACCORD,DÉSACCORD,NSP,NEUTRE,NEUTRE,CONTRE,NSP,Economie: privé et public,Feministre: NEUTRE féministe,Feministre: NEUTRE féministe,Risque difficile,NSP,Vote fed: NSP,Femme,Francophones,60 ans et plus,Né Canada,Secondaire,NSP
Ind_1001,1.237223,-0.859947,1.23264,Sou_NON,CONTRE,CONTRE,POUR,CONTRE,NEUTRE,NEUTRE,NEUTRE,NSP,PESSIMISTE,NSP,NSP,CONTRE,Responsabilité individuelle,Economie: privé seulement,Féministe: POUR féministe,Féministe: POUR féministe,Risque difficile,NSP,Vote fed: NSP,Femme,Non francophones,40-59 ans,Né Canada,Collégial,Revenus moyens
Ind_1002,0.456821,-0.659855,2.346905,Sou_NSP,NSP,NSP,NSP,NEUTRE,NEUTRE,NEUTRE,NSP,NSP,NEUTRE,PESSIMISTE,NSP,CONTRE,Responsabilité mixte,Economie: neutre,NSP,NSP,Risque difficile,NSP,Vote fed: NSP,Homme,Non francophones,40-59 ans,Né Ailleurs,Universitaire,Revenus élevés
Ind_1003,0.706321,-0.884064,0.637589,Sou_NON,CONTRE,CONTRE,POUR,NEUTRE,POUR,NEUTRE,NEUTRE,NEUTRE,NEUTRE,PESSIMISTE,NEUTRE,CONTRE,Responsabilité individuelle,Economie: privé et public,Féministe: POUR féministe,Féministe: POUR féministe,Risque difficile,NSP,BQ,Femme,Francophones,40-59 ans,Né Canada,Collégial,Revenus bas
Ind_1004,-2.101677,-0.070718,-0.388996,Sou_OUI,POUR,CONTRE,CONTRE,POUR,POUR,POUR,ACCORD,ACCORD,OPTIMISTE,OPTIMISTE,OPTIMISTE,CONTRE,Responsabilité individuelle,Economie: privé et public,Feministe: CONTRE féministe,Feministe: CONTRE féministe,Risque difficile,PQ,BQ,Femme,Francophones,60 ans et plus,Né Canada,Secondaire,NSP
Ind_1005,2.141803,-0.226611,0.572526,Sou_NON,CONTRE,CONTRE,POUR,CONTRE,CONTRE,NSP,NSP,NEUTRE,PESSIMISTE,PESSIMISTE,PESSIMISTE,CONTRE,Responsabilité individuelle,Economie: neutre,NSP,NSP,Risque difficile,PLQ,PLC,Femme,Non francophones,18-39 ans,Né Canada,Collégial,NSP
Ind_1006,-2.45776,1.307175,0.264439,Sou_OUI,POUR,POUR,CONTRE,POUR,POUR,POUR,DÉSACCORD,DÉSACCORD,OPTIMISTE,OPTIMISTE,OPTIMISTE,CONTRE,Responsabilité individuelle,Economie: neutre,Feministre: NEUTRE féministe,Feministre: NEUTRE féministe,Risque difficile,PQ,PLC,Homme,Francophones,18-39 ans,Né Canada,Collégial,Revenus bas
Ind_1007,-2.45019,-0.432123,-0.855257,Sou_OUI,POUR,POUR,CONTRE,POUR,POUR,POUR,NEUTRE,DÉSACCORD,NEUTRE,NEUTRE,OPTIMISTE,NEUTRE,Responsabilité individuelle,Economie: privé et public,Féministe: POUR féministe,Féministe: POUR féministe,Risque difficile,PQ,BQ,Homme,Francophones,18-39 ans,Né Canada,Universitaire,Revenus bas
Ind_1008,-0.244519,-0.934558,1.14823,Sou_NSP,CONTRE,POUR,CONTRE,NEUTRE,NEUTRE,CONTRE,DÉSACCORD,NEUTRE,NEUTRE,NSP,OPTIMISTE,CONTRE,Responsabilité mixte,Economie: neutre,Féministe: POUR féministe,Féministe: POUR féministe,Risque difficile,CAQ,PLC,Femme,Francophones,60 ans et plus,Né Canada,Collégial,Revenus bas
Ind_1009,0.793372,-1.278954,0.447555,Sou_NON,CONTRE,POUR,POUR,CONTRE,NEUTRE,NEUTRE,NEUTRE,NEUTRE,NSP,PESSIMISTE,NEUTRE,CONTRE,Responsabilité individuelle,Economie: privé et public,Féministe: POUR féministe,Féministe: POUR féministe,Risque difficile,NSP,NPD,Femme,Francophones,18-39 ans,Né Canada,Universitaire,Revenus moyens
Ind_1010,2.252002,-1.549756,-1.652754,Sou_NON,CONTRE,CONTRE,POUR,CONTRE,CONTRE,CONTRE,ACCORD,ACCORD,NSP,PESSIMISTE,PESSIMISTE,POUR,NSP,Economie: privé et public,Féministe: POUR féministe,Féministe: POUR féministe,Risque difficile,PLQ,PLC,Femme,Non francophones,18-39 ans,Né Canada,Universitaire,Revenus moyens
Ind_1011,-1.908476,-0.349316,0.222079,Sou_NON,POUR,POUR,CONTRE,POUR,POUR,NEUTRE,NEUTRE,ACCORD,OPTIMISTE,NEUTRE,OPTIMISTE,CONTRE,Responsabilité individuelle,Economie: privé et public,Féministe: POUR féministe,Feministre: NEUTRE féministe,Risque difficile,PQ,BQ,Femme,Francophones,60 ans et plus,Né Canada,Collégial,Revenus bas
Ind_1012,1.447655,1.12354,-0.254999,Sou_NON,CONTRE,CONTRE,POUR,POUR,CONTRE,CONTRE,NEUTRE,NEUTRE,NEUTRE,PESSIMISTE,PESSIMISTE,CONTRE,Responsabilité individuelle,Economie: privé seulement,Feministre: NEUTRE féministe,Féministe: POUR féministe,Risque facile,CAQ,PLC,Homme,Francophones,40-59 ans,Né Canada,Secondaire,NSP
Ind_1013,0.578073,-0.826402,-1.080709,Sou_NON,CONTRE,CONTRE,POUR,POUR,NEUTRE,POUR,ACCORD,NEUTRE,NEUTRE,NEUTRE,NEUTRE,POUR,Responsabilité individuelle,Economie: privé et public,Féministe: POUR féministe,Féministe: POUR féministe,Risque difficile,PLQ,NPD,Homme,Non francophones,40-59 ans,Né Canada,Universitaire,Revenus bas
Ind_1014,-0.427904,0.49569,1.271227,Sou_NON,CONTRE,POUR,POUR,NEUTRE,NEUTRE,NEUTRE,NEUTRE,DÉSACCORD,OPTIMISTE,NEUTRE,OPTIMISTE,CONTRE,Responsabilité individuelle,Economie: neutre,Feministre: NEUTRE féministe,Féministe: POUR féministe,Risque difficile,NSP,BQ,Homme,Francophones,60 ans et plus,Né Canada,Collégial,NSP
Ind_1015,-1.238198,-0.868012,0.776155,Sou_NON,POUR,POUR,POUR,NEUTRE,POUR,POUR,NEUTRE,NEUTRE,PESSIMISTE,NEUTRE,OPTIMISTE,CONTRE,Responsabilité mixte,Economie: neutre,Féministe: POUR féministe,Féministe: POUR féministe,Risque difficile,PQ,BQ,Femme,Francophones,60 ans et plus,Né Canada,Secondaire,NSP
Ind_1016,-1.82376,0.487273,0.580758,Sou_OUI,POUR,POUR,CONTRE,POUR,NEUTRE,NEUTRE,ACCORD,DÉSACCORD,OPTIMISTE,NEUTRE,OPTIMISTE,CONTRE,Responsabilité mixte,Economie: privé et public,Feministre: NEUTRE féministe,Feministe: CONTRE féministe,Risque difficile,NSP,PCC,Homme,Francophones,60 ans et plus,Né Canada,Secondaire,Revenus moyens
Ind_1017,0.113628,-1.859526,0.477319,Sou_NSP,CONTRE,POUR,POUR,POUR,NSP,NEUTRE,NEUTRE,NEUTRE,OPTIMISTE,PESSIMISTE,NEUTRE,NEUTRE,Responsabilité mixte,Economie: privé et public,Féministe: POUR féministe,Féministe: POUR féministe,Risque difficile,NSP,PLC,Femme,Francophones,18-39 ans,Né Ailleurs,Collégial,Revenus moyens
Ind_1018,-2.269442,1.211148,-0.246466,Sou_OUI,POUR,CONTRE,CONTRE,POUR,POUR,POUR,ACCORD,DÉSACCORD,OPTIMISTE,OPTIMISTE,OPTIMISTE,CONTRE,Responsabilité individuelle,Economie: privé seulement,Feministe: CONTRE féministe,Feministe: CONTRE féministe,Risque difficile,PQ,BQ,Homme,Francophones,60 ans et plus,Né Canada,Collégial,Revenus bas
Ind_1019,0.748277,0.328645,0.818925,Sou_NON,CONTRE,POUR,POUR,POUR,CONTRE,CONTRE,DÉSACCORD,DÉSACCORD,NSP,PESSIMISTE,NEUTRE,CONTRE,Responsabilité mixte,Economie: privé seulement,Feministre: NEUTRE féministe,Féministe: POUR féministe,Risque difficile,PCQ,NSP,Femme,Francophones,40-59 ans,Né Canada,Secondaire,NSP
Ind_1020,-2.532288,-0.753842,0.121758,Sou_OUI,POUR,POUR,CONTRE,POUR,POUR,POUR,NSP,ACCORD,OPTIMISTE,OPTIMISTE,OPTIMISTE,NSP,Responsabilité individuelle,NSP,Féministe: POUR féministe,NSP,Risque difficile,PQ,BQ,Femme,Francophones,60 ans et plus,Né Canada,Collégial,NSP
Ind_1021,0.160494,-0.157185,1.713134,Sou_NSP,CONTRE,POUR,NSP,NEUTRE,NSP,CONTRE,NEUTRE,DÉSACCORD,NEUTRE,NSP,NSP,CONTRE,Responsabilité mixte,Economie: privé et public,Feministre: NEUTRE féministe,Feministre: NEUTRE féministe,Risque facile,NSP,Vote fed: NSP,Femme,Francophones,40-59 ans,Né Canada,Universitaire,NSP
Ind_1022,2.093336,-0.810999,-0.093634,Sou_NON,CONTRE,CONTRE,POUR,CONTRE,CONTRE,CONTRE,ACCORD,ACCORD,NEUTRE,PESSIMISTE,PESSIMISTE,CONTRE,Responsabilité mixte,Economie: neutre,Féministe: POUR féministe,Féministe: POUR féministe,Risque difficile,NSP,PCC,Femme,Non francophones,60 ans et plus,Né Canada,Secondaire,NSP
Ind_1023,-0.267772,-1.49962,2.142207,Sou_NSP,NSP,NSP,NSP,NEUTRE,POUR,NEUTRE,NEUTRE,ACCORD,NEUTRE,NSP,NEUTRE,CONTRE,Responsabilité collective,NSP,NSP,Féministe: POUR féministe,Risque difficile,NSP,Vote fed: NSP,Femme,Francophones,60 ans et plus,Né Canada,Secondaire,Revenus élevés
Ind_1024,-1.143696,-1.31328,0.294491,Sou_NSP,POUR,POUR,POUR,NEUTRE,POUR,POUR,ACCORD,NEUTRE,NSP,NSP,NSP,POUR,Responsabilité mixte,Economie: privé et public,Feministre: NEUTRE féministe,Féministe: POUR féministe,Risque facile,PQ,BQ,Femme,Francophones,18-39 ans,Né Canada,Universitaire,Revenus bas
Ind_1025,1.939687,0.524616,-0.864305,Sou_NON,CONTRE,CONTRE,POUR,CONTRE,CONTRE,CONTRE,ACCORD,ACCORD,OPTIMISTE,PESSIMISTE,PESSIMISTE,CONTRE,Responsabilité individuelle,Economie: privé seulement,Feministe: CONTRE féministe,Féministe: POUR féministe,Risque facile,PLQ,PCC,Femme,Non francophones,60 ans et plus,Né Canada,Secondaire,Revenus élevés
Ind_1026,-1.789214,-0.731766,-0.216269,Sou_OUI,POUR,POUR,POUR,POUR,POUR,POUR,ACCORD,NEUTRE,OPTIMISTE,OPTIMISTE,NSP,NEUTRE,Responsabilité mixte,Economie: privé seulement,Féministe: POUR féministe,Féministe: POUR féministe,Risque difficile,PQ,PCC,Homme,Francophones,18-39 ans,Né Canada,Collégial,Revenus moyens
Ind_1027,0.058444,-0.042769,1.837671,Sou_NON,NSP,POUR,POUR,POUR,NEUTRE,NSP,NEUTRE,NSP,PESSIMISTE,PESSIMISTE,OPTIMISTE,CONTRE,Responsabilité mixte,Economie: neutre,Feministre: NEUTRE féministe,Feministre: NEUTRE féministe,Risque difficile,NSP,PLC,Femme,Francophones,60 ans et plus,Né Canada,Secondaire,Revenus bas
Ind_1028,1.837415,0.643923,0.35429,Sou_NON,CONTRE,CONTRE,POUR,CONTRE,CONTRE,CONTRE,DÉSACCORD,DÉSACCORD,NEUTRE,PESSIMISTE,PESSIMISTE,NEUTRE,Responsabilité collective,Economie: neutre,Feministe: CONTRE féministe,Feministre: NEUTRE féministe,Risque difficile,Vote prov: NSP,PCC,Femme,Francophones,40-59 ans,Né Canada,Secondaire,Revenus moyens
Ind_1029,-1.919594,-0.437629,0.292959,Sou_OUI,POUR,POUR,POUR,POUR,POUR,POUR,DÉSACCORD,DÉSACCORD,OPTIMISTE,OPTIMISTE,NEUTRE,NEUTRE,Responsabilité individuelle,Economie: neutre,Féministe: POUR féministe,Féministe: POUR féministe,Risque difficile,PQ,Vote fed: NSP,Femme,Francophones,60 ans et plus,Né Canada,Secondaire,Revenus bas
Ind_1030,1.53906,-1.045677,-0.705297,Sou_NON,CONTRE,CONTRE,POUR,NEUTRE,CONTRE,CONTRE,ACCORD,NEUTRE,NEUTRE,PESSIMISTE,NEUTRE,POUR,Responsabilité collective,Economie: privé et public,Féministe: POUR féministe,Féministe: POUR féministe,Risque difficile,NSP,Vote fed: NSP,Homme,Francophones,40-59 ans,Né Canada,Universitaire,Revenus élevés
Ind_1031,2.014312,0.138179,-0.449031,Sou_NON,CONTRE,CONTRE,POUR,CONTRE,CONTRE,NEUTRE,ACCORD,ACCORD,NEUTRE,PESSIMISTE,PESSIMISTE,CONTRE,Responsabilité mixte,Economie: privé et public,Feministre: NEUTRE féministe,Feministe: CONTRE féministe,Risque facile,PCQ,PCC,Femme,Non francophones,40-59 ans,Né Ailleurs,Universitaire,Revenus élevés
Ind_1032,2.210639,-0.613906,-0.739007,Sou_NON,CONTRE,CONTRE,POUR,CONTRE,CONTRE,CONTRE,ACCORD,ACCORD,NSP,PESSIMISTE,PESSIMISTE,CONTRE,Responsabilité individuelle,Economie: neutre,Féministe: POUR féministe,Féministe: POUR féministe,Risque difficile,PLQ,PLC,Femme,Non francophones,60 ans et plus,Né Canada,Collégial,Revenus élevés
Ind_1033,1.59677,-0.995271,-1.442724,Sou_NON,CONTRE,CONTRE,POUR,CONTRE,CONTRE,CONTRE,ACCORD,NSP,OPTIMISTE,PESSIMISTE,PESSIMISTE,POUR,Responsabilité individuelle,Economie: privé et public,Féministe: POUR féministe,Féministe: POUR féministe,Risque facile,QS,NPD,Femme,Francophones,18-39 ans,Né Canada,Universitaire,Revenus moyens
Ind_1034,1.834364,1.040868,0.13557,Sou_NON,CONTRE,CONTRE,POUR,NEUTRE,CONTRE,CONTRE,NEUTRE,NEUTRE,NEUTRE,PESSIMISTE,PESSIMISTE,POUR,Responsabilité individuelle,Economie: privé seulement,Feministre: NEUTRE féministe,Feministre: NEUTRE féministe,Risque difficile,PLQ,PLC,Homme,Francophones,60 ans et plus,Né Canada,Collégial,Revenus bas
Ind_1035,-0.377962,-0.158867,2.027534,Sou_NSP,POUR,POUR,POUR,POUR,NEUTRE,NEUTRE,NEUTRE,DÉSACCORD,NEUTRE,NSP,NSP,CONTRE,Responsabilité mixte,Economie: neutre,Feministre: NEUTRE féministe,Feministre: NEUTRE féministe,Risque difficile,PLQ,PLC,Femme,Francophones,40-59 ans,Né Canada,Secondaire,NSP
Ind_1036,-0.692849,-1.282733,-0.356286,Sou_NSP,POUR,POUR,CONTRE,CONTRE,NEUTRE,NEUTRE,ACCORD,ACCORD,PESSIMISTE,PESSIMISTE,NEUTRE,NEUTRE,Responsabilité individuelle,Economie: privé et public,Féministe: POUR féministe,Féministe: POUR féministe,Risque facile,PQ,BQ,Femme,Francophones,60 ans et plus,Né Canada,Universitaire,NSP
Ind_1037,2.076339,0.185074,0.180422,Sou_NON,CONTRE,CONTRE,POUR,CONTRE,CONTRE,CONTRE,ACCORD,NEUTRE,NEUTRE,PESSIMISTE,NEUTRE,CONTRE,NSP,Economie: neutre,Feministre: NEUTRE féministe,Feministre: NEUTRE féministe,Risque difficile,PLQ,PCC,Femme,Non francophones,60 ans et plus,Né Canada,Universitaire,NSP
Ind_1038,-0.147958,-0.016724,-0.454745,Sou_NON,NSP,POUR,POUR,NEUTRE,CONTRE,CONTRE,NEUTRE,DÉSACCORD,OPTIMISTE,PESSIMISTE,OPTIMISTE,NEUTRE,Responsabilité collective,Economie: privé et public,Feministre: NEUTRE féministe,Féministe: POUR féministe,Risque difficile,PQ,BQ,Homme,Francophones,40-59 ans,Né Canada,Universitaire,Revenus moyens
Ind_1039,-0.939565,-0.944806,-1.255945,Sou_NON,CONTRE,POUR,POUR,POUR,POUR,POUR,ACCORD,DÉSACCORD,OPTIMISTE,NEUTRE,OPTIMISTE,POUR,Responsabilité individuelle,Economie: privé et public,Féministe: POUR féministe,Féministe: POUR féministe,Risque difficile,PQ,PLC,Femme,Francophones,60 ans et plus,Né Canada,Universitaire,Revenus élevés
Ind_1040,0.400575,1.229749,0.950237,Sou_NSP,CONTRE,NSP,NSP,POUR,CONTRE,NSP,DÉSACCORD,DÉSACCORD,NEUTRE,PESSIMISTE,PESSIMISTE,CONTRE,Responsabilité collective,Economie: privé seulement,Feministre: NEUTRE féministe,Feministe: CONTRE féministe,NSP,PCQ,PCC,Homme,Francophones,40-59 ans,Né Canada,Secondaire,Revenus bas
Ind_1041,2.216412,-1.130863,-1.12463,Sou_NON,CONTRE,CONTRE,POUR,CONTRE,CONTRE,CONTRE,ACCORD,ACCORD,NEUTRE,PESSIMISTE,PESSIMISTE,POUR,Responsabilité mixte,Economie: privé et public,Féministe: POUR féministe,NSP,Risque difficile,PLQ,PLC,Femme,Francophones,40-59 ans,Né Ailleurs,Universitaire,Revenus élevés
Ind_1042,1.147339,-1.009529,-0.766662,Sou_NON,CONTRE,NSP,POUR,NEUTRE,CONTRE,CONTRE,ACCORD,ACCORD,PESSIMISTE,PESSIMISTE,OPTIMISTE,CONTRE,Responsabilité collective,Economie: privé et public,Féministe: POUR féministe,Féministe: POUR féministe,Risque difficile,NSP,PLC,Homme,Francophones,18-39 ans,Né Canada,Universitaire,Revenus élevés
Ind_1043,1.3883,0.558259,-1.104523,Sou_NON,CONTRE,CONTRE,POUR,POUR,CONTRE,CONTRE,DÉSACCORD,NEUTRE,NEUTRE,PESSIMISTE,PESSIMISTE,CONTRE,Responsabilité individuelle,Economie: privé et public,Féministe: POUR féministe,Féministe: POUR féministe,Risque facile,PLQ,PLC,Homme,Francophones,60 ans et plus,Né Canada,Secondaire,NSP
Ind_1044,-1.663086,1.172044,0.365452,Sou_OUI,POUR,POUR,CONTRE,POUR,POUR,CONTRE,DÉSACCORD,NSP,OPTIMISTE,PESSIMISTE,OPTIMISTE,CONTRE,Responsabilité individuelle,Economie: neutre,Feministre: NEUTRE féministe,Feministre: NEUTRE féministe,Risque facile,PQ,PCC,Femme,Francophones,60 ans et plus,Né Canada,Collégial,Revenus moyens
Ind_1045,-0.440483,1.968119,0.312566,Sou_NON,CONTRE,POUR,CONTRE,NEUTRE,POUR,CONTRE,DÉSACCORD,DÉSACCORD,PESSIMISTE,NEUTRE,OPTIMISTE,CONTRE,Responsabilité individuelle,Economie: privé seulement,Feministe: CONTRE féministe,Feministe: CONTRE féministe,Risque facile,PCQ,NSP,Homme,Francophones,60 ans et plus,Né Canada,Collégial,Revenus élevés
Ind_1046,-1.716906,-0.472847,0.635908,Sou_OUI,POUR,POUR,POUR,POUR,POUR,POUR,NSP,NSP,OPTIMISTE,NEUTRE,NSP,CONTRE,Responsabilité collective,Economie: privé et public,Feministre: NEUTRE féministe,Feministre: NEUTRE féministe,Risque difficile,PQ,NPD,Femme,Francophones,18-39 ans,Né Canada,Collégial,Revenus moyens
Ind_1047,-0.576784,-1.134514,-1.317237,Sou_NON,CONTRE,CONTRE,CONTRE,POUR,POUR,POUR,ACCORD,ACCORD,OPTIMISTE,PESSIMISTE,NEUTRE,POUR,Responsabilité collective,Economie: privé seulement,Féministe: POUR féministe,Féministe: POUR féministe,Risque facile,PQ,BQ,Femme,Francophones,18-39 ans,Né Canada,Universitaire,Revenus bas
Ind_1048,-1.280863,0.97776,0.871539,Sou_OUI,POUR,POUR,POUR,NEUTRE,POUR,NSP,NEUTRE,DÉSACCORD,OPTIMISTE,OPTIMISTE,PESSIMISTE,CONTRE,Responsabilité mixte,Economie: neutre,Feministre: NEUTRE féministe,Feministre: NEUTRE féministe,Risque difficile,PQ,BQ,Homme,Non francophones,60 ans et plus,Né Canada,Secondaire,NSP
Ind_1049,1.683467,-1.663087,-0.921087,Sou_NON,CONTRE,CONTRE,POUR,NEUTRE,CONTRE,CONTRE,ACCORD,ACCORD,OPTIMISTE,PESSIMISTE,NEUTRE,POUR,Responsabilité mixte,Economie: privé et public,Féministe: POUR féministe,Féministe: POUR féministe,Risque difficile,NSP,PLC,Femme,Non francophones,40-59 ans,Né Canada,Universitaire,NSP
Ind_1050,-2.025428,-0.571993,0.344026,Sou_OUI,POUR,POUR,CONTRE,NSP,NSP,POUR,ACCORD,NEUTRE,OPTIMISTE,NEUTRE,OPTIMISTE,NEUTRE,Responsabilité mixte,Economie: privé et public,Feministre: NEUTRE féministe,Feministre: NEUTRE féministe,Risque difficile,PQ,BQ,Femme,Francophones,60 ans et plus,Né Canada,Collégial,Revenus moyens
Ind_1051,0.047967,-1.261221,0.271846,Sou_NON,CONTRE,POUR,CONTRE,NEUTRE,CONTRE,CONTRE,NEUTRE,NEUTRE,NEUTRE,NEUTRE,NEUTRE,CONTRE,Responsabilité collective,Economie: neutre,Féministe: POUR féministe,Féministe: POUR féministe,Risque difficile,PQ,BQ,Femme,Francophones,18-39 ans,Né Canada,Universitaire,NSP
Ind_1052,-1.848307,-0.278429,-0.815752,Sou_OUI,POUR,POUR,POUR,POUR,POUR,POUR,ACCORD,DÉSACCORD,NEUTRE,OPTIMISTE,OPTIMISTE,CONTRE,Responsabilité collective,Economie: privé seulement,Féministe: POUR féministe,Féministe: POUR féministe,Risque facile,PQ,PCC,Femme,Francophones,60 ans et plus,Né Canada,Universitaire,Revenus moyens
Ind_1053,-0.427201,-0.608369,0.423021,Sou_NON,POUR,POUR,CONTRE,NEUTRE,CONTRE,NEUTRE,NEUTRE,NEUTRE,OPTIMISTE,OPTIMISTE,PESSIMISTE,NEUTRE,Responsabilité collective,Economie: privé seulement,Feministre: NEUTRE féministe,Féministe: POUR féministe,Risque facile,QS,PVQ,Femme,Francophones,18-39 ans,Né Canada,Collégial,Revenus bas
Ind_1054,1.736011,2.067021,-0.116809,Sou_NON,CONTRE,CONTRE,POUR,CONTRE,CONTRE,CONTRE,DÉSACCORD,DÉSACCORD,NEUTRE,PESSIMISTE,PESSIMISTE,CONTRE,Responsabilité individuelle,Economie: privé seulement,Feministe: CONTRE féministe,Feministe: CONTRE féministe,Risque facile,PCQ,PCC,Homme,Francophones,18-39 ans,Né Canada,Collégial,Revenus moyens
Ind_1055,1.599817,1.584494,0.715545,Sou_NON,CONTRE,CONTRE,POUR,CONTRE,CONTRE,CONTRE,NEUTRE,DÉSACCORD,PESSIMISTE,PESSIMISTE,NEUTRE,CONTRE,Responsabilité mixte,Economie: privé seulement,Feministre: NEUTRE féministe,Feministre: NEUTRE féministe,Risque difficile,PCQ,PCC,Homme,Francophones,40-59 ans,Né Canada,Collégial,Revenus moyens
Ind_1056,0.860042,-0.999513,-0.225687,Sou_NON,CONTRE,NSP,CONTRE,NSP,CONTRE,CONTRE,NSP,DÉSACCORD,PESSIMISTE,NSP,PESSIMISTE,NEUTRE,Responsabilité individuelle,Economie: privé et public,Féministe: POUR féministe,Féministe: POUR féministe,Risque difficile,NSP,PLC,Femme,Francophones,60 ans et plus,Né Canada,Universitaire,Revenus moyens
Ind_1057,1.17019,-1.11964,1.785607,Sou_NON,CONTRE,CONTRE,POUR,NEUTRE,NEUTRE,CONTRE,NSP,ACCORD,PESSIMISTE,NSP,NSP,NEUTRE,Responsabilité mixte,Economie: neutre,Feministre: NEUTRE féministe,Féministe: POUR féministe,Risque difficile,NSP,Vote fed: NSP,Femme,Francophones,40-59 ans,Né Canada,Secondaire,NSP
Ind_1058,1.982635,-0.830209,-0.543355,Sou_NON,CONTRE,CONTRE,POUR,CONTRE,CONTRE,CONTRE,NEUTRE,DÉSACCORD,NEUTRE,PESSIMISTE,PESSIMISTE,CONTRE,Responsabilité collective,Economie: privé et public,Féministe: POUR féministe,Féministe: POUR féministe,Risque difficile,NSP,Vote fed: NSP,Femme,Non francophones,40-59 ans,Né Canada,Universitaire,NSP
Ind_1059,-0.100643,-0.209231,0.966554,Sou_NSP,POUR,POUR,POUR,POUR,CONTRE,CONTRE,NSP,NSP,NEUTRE,NSP,NSP,NEUTRE,Responsabilité mixte,Economie: neutre,Feministe: CONTRE féministe,Feministre: NEUTRE féministe,Risque difficile,PQ,Vote fed: NSP,Homme,Non francophones,18-39 ans,Né Canada,Universitaire,Revenus élevés
Ind_1060,0.667954,-0.847684,1.219271,Sou_NON,CONTRE,NSP,NSP,NSP,NSP,NEUTRE,NSP,DÉSACCORD,NSP,PESSIMISTE,NSP,CONTRE,Responsabilité collective,Economie: privé et public,NSP,NSP,Risque difficile,CAQ,PCC,Femme,Francophones,18-39 ans,Né Ailleurs,Universitaire,Revenus moyens
Ind_1061,-1.544075,-0.976382,-0.601957,Sou_NSP,POUR,POUR,CONTRE,POUR,POUR,POUR,ACCORD,NEUTRE,NEUTRE,NSP,OPTIMISTE,CONTRE,Responsabilité individuelle,Economie: privé et public,Féministe: POUR féministe,Féministe: POUR féministe,Risque facile,NSP,PLC,Femme,Francophones,60 ans et plus,Né Canada,Universitaire,Revenus moyens
Ind_1062,0.389472,0.227536,-0.029941,Sou_NON,CONTRE,POUR,NSP,NEUTRE,CONTRE,CONTRE,NEUTRE,DÉSACCORD,OPTIMISTE,PESSIMISTE,NSP,CONTRE,Responsabilité mixte,Economie: privé et public,Feministre: NEUTRE féministe,Féministe: POUR féministe,Risque difficile,PQ,PLC,Homme,Francophones,40-59 ans,Né Canada,Universitaire,Revenus moyens
Ind_1063,-2.352819,0.290215,-1.629243,Sou_OUI,POUR,CONTRE,CONTRE,POUR,POUR,POUR,ACCORD,DÉSACCORD,OPTIMISTE,OPTIMISTE,OPTIMISTE,CONTRE,Responsabilité individuelle,Economie: privé et public,Féministe: POUR féministe,Féministe: POUR féministe,Risque facile,PQ,BQ,Homme,Francophones,40-59 ans,Né Canada,Universitaire,Revenus moyens
Ind_1064,-2.079143,0.791215,0.51532,Sou_OUI,POUR,POUR,CONTRE,POUR,POUR,POUR,DÉSACCORD,DÉSACCORD,NEUTRE,OPTIMISTE,OPTIMISTE,CONTRE,Responsabilité mixte,Economie: privé et public,Feministe: CONTRE féministe,Feministe: CONTRE féministe,Risque difficile,NSP,Vote fed: NSP,Homme,Francophones,40-59 ans,Né Canada,Secondaire,Revenus bas
Ind_1065,1.167248,-1.404527,-0.663112,Sou_NON,CONTRE,POUR,POUR,CONTRE,CONTRE,CONTRE,ACCORD,ACCORD,OPTIMISTE,PESSIMISTE,PESSIMISTE,CONTRE,Responsabilité collective,Economie: privé et public,Féministe: POUR féministe,Féministe: POUR féministe,Risque difficile,QS,NPD,Femme,Francophones,18-39 ans,Né Canada,Collégial,Revenus bas
Ind_1066,0.26259,-0.099585,1.928886,Sou_NSP,NSP,NSP,POUR,NSP,NSP,NEUTRE,NEUTRE,DÉSACCORD,NEUTRE,NSP,NEUTRE,NEUTRE,Responsabilité individuelle,Economie: privé seulement,Feministre: NEUTRE féministe,Feministre: NEUTRE féministe,Risque difficile,PLQ,PLC,Femme,Francophones,60 ans et plus,Né Canada,Secondaire,Revenus bas
Ind_1067,1.75765,-0.327057,0.228145,Sou_NON,CONTRE,CONTRE,POUR,CONTRE,CONTRE,CONTRE,NEUTRE,NEUTRE,NSP,PESSIMISTE,PESSIMISTE,CONTRE,Responsabilité mixte,Economie: neutre,Féministe: POUR féministe,Féministe: POUR féministe,Risque facile,PCQ,PCC,Femme,Francophones,18-39 ans,Né Canada,Collégial,Revenus bas
Ind_1068,-2.375806,2.104651,0.0835,Sou_OUI,POUR,POUR,CONTRE,POUR,POUR,POUR,DÉSACCORD,DÉSACCORD,OPTIMISTE,NEUTRE,OPTIMISTE,CONTRE,Responsabilité individuelle,Economie: privé seulement,Feministre: NEUTRE féministe,Feministre: NEUTRE féministe,Risque facile,CAQ,PCC,Homme,Francophones,60 ans et plus,Né Canada,Collégial,Revenus moyens
Ind_1069,0.698371,-1.941052,-0.386864,Sou_NSP,CONTRE,POUR,POUR,POUR,CONTRE,CONTRE,ACCORD,NEUTRE,PESSIMISTE,PESSIMISTE,NEUTRE,POUR,Responsabilité collective,Economie: privé et public,Féministe: POUR féministe,Féministe: POUR féministe,Risque difficile,NSP,Vote fed: NSP,Femme,Francophones,18-39 ans,Né Canada,Universitaire,Revenus élevés
Ind_1070,1.18538,1.291254,-0.0527,Sou_NON,CONTRE,CONTRE,POUR,NEUTRE,CONTRE,CONTRE,NEUTRE,NEUTRE,OPTIMISTE,PESSIMISTE,OPTIMISTE,CONTRE,Responsabilité mixte,Economie: privé seulement,Feministre: NEUTRE féministe,Feministre: NEUTRE féministe,Risque facile,PCQ,PCC,Homme,Non francophones,18-39 ans,Né Canada,Universitaire,Revenus moyens
Ind_1071,-2.792363,0.258844,-0.346383,Sou_OUI,POUR,POUR,CONTRE,POUR,POUR,POUR,NSP,DÉSACCORD,OPTIMISTE,OPTIMISTE,OPTIMISTE,CONTRE,Responsabilité individuelle,NSP,Féministe: POUR féministe,Féministe: POUR féministe,Risque difficile,PQ,BQ,Homme,Francophones,60 ans et plus,Né Canada,Secondaire,Revenus moyens
Ind_1072,-1.440574,1.192687,0.231271,Sou_OUI,POUR,POUR,POUR,CONTRE,POUR,POUR,ACCORD,NSP,OPTIMISTE,OPTIMISTE,OPTIMISTE,CONTRE,Responsabilité collective,Economie: privé seulement,Feministre: NEUTRE féministe,Feministre: NEUTRE féministe,Risque facile,PCQ,PCC,Homme,Francophones,40-59 ans,Né Canada,Secondaire,Revenus bas
Ind_1073,0.456972,-1.635548,-1.13651,Sou_NON,CONTRE,POUR,CONTRE,POUR,CONTRE,CONTRE,ACCORD,ACCORD,NEUTRE,NEUTRE,PESSIMISTE,POUR,Responsabilité collective,Economie: privé et public,Féministe: POUR féministe,Féministe: POUR féministe,Risque difficile,NSP,PLC,Femme,Francophones,60 ans et plus,Né Canada,Universitaire,Revenus bas
Ind_1074,-0.684705,-2.166974,0.811787,Sou_OUI,POUR,NSP,POUR,POUR,NEUTRE,NEUTRE,ACCORD,ACCORD,NEUTRE,NSP,OPTIMISTE,NEUTRE,Responsabilité mixte,Economie: privé et public,Féministe: POUR féministe,Féministe: POUR féministe,Risque difficile,NSP,Vote fed: NSP,Femme,Francophones,40-59 ans,Né Canada,Collégial,NSP
Ind_1075,1.562128,0.075136,0.400992,Sou_NON,CONTRE,CONTRE,CONTRE,CONTRE,CONTRE,CONTRE,ACCORD,NSP,NEUTRE,PESSIMISTE,PESSIMISTE,CONTRE,Responsabilité mixte,Economie: privé et public,Feministre: NEUTRE féministe,Feministre: NEUTRE féministe,Risque difficile,PCQ,PCC,Femme,Francophones,18-39 ans,Né Canada,Collégial,Revenus bas
Ind_1076,-0.759287,0.161854,2.029094,Sou_NSP,POUR,POUR,POUR,NEUTRE,NEUTRE,NEUTRE,NEUTRE,NEUTRE,PESSIMISTE,NEUTRE,NEUTRE,CONTRE,Responsabilité individuelle,Economie: privé seulement,Feministre: NEUTRE féministe,Feministre: NEUTRE féministe,Risque difficile,PQ,BQ,Femme,Francophones,60 ans et plus,Né Canada,Secondaire,NSP
Ind_1077,0.850721,0.632264,-1.049573,Sou_NON,CONTRE,CONTRE,POUR,POUR,CONTRE,NEUTRE,DÉSACCORD,DÉSACCORD,NEUTRE,PESSIMISTE,OPTIMISTE,NEUTRE,Responsabilité individuelle,Economie: privé et public,Feministre: NEUTRE féministe,Féministe: POUR féministe,Risque facile,PLQ,PLC,Homme,Francophones,18-39 ans,Né Canada,Universitaire,Revenus élevés
Ind_1078,-0.512285,-0.732694,-1.059771,Sou_NSP,POUR,POUR,POUR,POUR,CONTRE,NEUTRE,ACCORD,NEUTRE,NEUTRE,PESSIMISTE,OPTIMISTE,NEUTRE,Responsabilité individuelle,Economie: privé et public,Féministe: POUR féministe,Féministe: POUR féministe,Risque facile,PQ,PLC,Homme,Francophones,18-39 ans,Né Canada,Universitaire,Revenus moyens
Ind_1079,1.532777,0.326225,0.66872,Sou_NON,CONTRE,CONTRE,CONTRE,CONTRE,CONTRE,CONTRE,NEUTRE,NEUTRE,PESSIMISTE,PESSIMISTE,PESSIMISTE,CONTRE,Responsabilité individuelle,NSP,NSP,NSP,NSP,PCQ,PCC,Femme,Francophones,18-39 ans,Né Canada,Collégial,Revenus bas
Ind_1080,-2.770415,0.746989,-0.283124,Sou_OUI,POUR,POUR,CONTRE,POUR,POUR,POUR,DÉSACCORD,DÉSACCORD,OPTIMISTE,NEUTRE,OPTIMISTE,NEUTRE,Responsabilité mixte,Economie: privé et public,Feministre: NEUTRE féministe,Feministre: NEUTRE féministe,Risque difficile,PQ,BQ,Homme,Francophones,60 ans et plus,Né Canada,Universitaire,Revenus bas
Ind_1081,1.417381,-0.297648,0.079433,Sou_NON,CONTRE,CONTRE,POUR,NEUTRE,CONTRE,CONTRE,DÉSACCORD,DÉSACCORD,NSP,PESSIMISTE,NEUTRE,NEUTRE,Responsabilité collective,Economie: privé et public,Feministre: NEUTRE féministe,Féministe: POUR féministe,Risque difficile,PLQ,PVQ,Femme,Francophones,60 ans et plus,Né Canada,Collégial,Revenus bas
Ind_1082,1.18367,-0.807559,-0.277883,Sou_NON,CONTRE,CONTRE,POUR,POUR,CONTRE,NEUTRE,NEUTRE,DÉSACCORD,NEUTRE,PESSIMISTE,NEUTRE,NEUTRE,Responsabilité individuelle,Economie: privé et public,Féministe: POUR féministe,Féministe: POUR féministe,Risque difficile,PLQ,PLC,Femme,Francophones,60 ans et plus,Né Canada,Collégial,NSP
Ind_1083,1.255652,0.441467,-0.222152,Sou_NON,CONTRE,CONTRE,POUR,CONTRE,POUR,CONTRE,DÉSACCORD,DÉSACCORD,OPTIMISTE,PESSIMISTE,NEUTRE,CONTRE,Responsabilité individuelle,Economie: privé et public,NSP,NSP,Risque difficile,PLQ,PCC,Femme,Non francophones,40-59 ans,Né Canada,Universitaire,NSP
Ind_1084,-1.684672,-1.682842,0.261667,Sou_NSP,NSP,POUR,CONTRE,POUR,NEUTRE,NEUTRE,ACCORD,DÉSACCORD,OPTIMISTE,NSP,OPTIMISTE,NEUTRE,Responsabilité collective,Economie: privé et public,Féministe: POUR féministe,Féministe: POUR féministe,Risque difficile,PQ,BQ,Femme,Francophones,60 ans et plus,Né Canada,Collégial,Revenus bas
Ind_1085,-0.316304,-1.044534,2.682327,Sou_NSP,NSP,NSP,NSP,NEUTRE,POUR,NEUTRE,NEUTRE,NSP,NSP,NSP,NSP,CONTRE,Responsabilité individuelle,NSP,NSP,NSP,Risque difficile,Vote prov: NSP,Vote fed: NSP,Femme,Francophones,40-59 ans,Né Canada,Universitaire,Revenus bas
Ind_1086,-2.021282,0.859323,0.648311,Sou_OUI,POUR,POUR,POUR,POUR,POUR,POUR,DÉSACCORD,ACCORD,OPTIMISTE,NSP,OPTIMISTE,CONTRE,NSP,Economie: neutre,Feministe: CONTRE féministe,Feministre: NEUTRE féministe,Risque difficile,Vote prov: NSP,BQ,Homme,Francophones,60 ans et plus,Né Canada,Secondaire,Revenus bas
Ind_1087,1.726217,-0.920003,0.514386,Sou_NON,CONTRE,CONTRE,POUR,CONTRE,CONTRE,CONTRE,NSP,NSP,NEUTRE,PESSIMISTE,NEUTRE,NEUTRE,Responsabilité individuelle,NSP,Féministe: POUR féministe,Féministe: POUR féministe,Risque difficile,NSP,Vote fed: NSP,Femme,Francophones,60 ans et plus,Né Canada,Secondaire,Revenus élevés
Ind_1088,-2.784579,0.517915,-0.342284,Sou_OUI,POUR,POUR,CONTRE,POUR,POUR,POUR,DÉSACCORD,DÉSACCORD,OPTIMISTE,NEUTRE,OPTIMISTE,CONTRE,Responsabilité individuelle,Economie: neutre,Féministe: POUR féministe,Féministe: POUR féministe,Risque difficile,PQ,BQ,Homme,Francophones,60 ans et plus,Né Canada,Collégial,Revenus élevés
Ind_1089,1.200968,-0.550955,0.375058,Sou_NON,CONTRE,NSP,POUR,CONTRE,CONTRE,CONTRE,NEUTRE,NEUTRE,NEUTRE,NEUTRE,NEUTRE,CONTRE,Responsabilité mixte,Economie: neutre,Féministe: POUR féministe,Féministe: POUR féministe,Risque difficile,NSP,PLC,Homme,Francophones,40-59 ans,Né Canada,Universitaire,NSP
Ind_1090,-2.534258,1.010002,-0.474775,Sou_OUI,POUR,POUR,CONTRE,POUR,POUR,POUR,DÉSACCORD,DÉSACCORD,OPTIMISTE,OPTIMISTE,OPTIMISTE,CONTRE,Responsabilité mixte,Economie: privé seulement,NSP,NSP,Risque facile,PQ,BQ,Homme,Non francophones,18-39 ans,Né Canada,Universitaire,Revenus élevés
Ind_1091,-0.027916,-1.632572,3.227658,Sou_NSP,NSP,NSP,NSP,NEUTRE,NEUTRE,NEUTRE,NSP,NSP,NSP,NSP,NSP,NSP,NSP,NSP,NSP,NSP,NSP,NSP,Vote fed: NSP,Femme,Francophones,18-39 ans,Né Canada,Collégial,Revenus bas
Ind_1092,2.068759,0.896941,-0.145634,Sou_NON,CONTRE,CONTRE,POUR,CONTRE,CONTRE,CONTRE,NEUTRE,NSP,NEUTRE,PESSIMISTE,PESSIMISTE,CONTRE,Responsabilité mixte,Economie: privé et public,NSP,NSP,Risque facile,PCQ,PCC,Homme,Non francophones,40-59 ans,Né Ailleurs,Collégial,Revenus moyens
Ind_1093,1.956058,-0.95995,-1.266358,Sou_NON,CONTRE,CONTRE,POUR,POUR,CONTRE,CONTRE,ACCORD,NEUTRE,NEUTRE,PESSIMISTE,PESSIMISTE,POUR,Responsabilité individuelle,Economie: neutre,Féministe: POUR féministe,Féministe: POUR féministe,Risque difficile,PLQ,PLC,Femme,Non francophones,40-59 ans,Né Canada,Universitaire,Revenus élevés
Ind_1094,-2.463347,0.352057,0.355766,Sou_OUI,POUR,POUR,CONTRE,POUR,POUR,POUR,DÉSACCORD,DÉSACCORD,OPTIMISTE,NEUTRE,OPTIMISTE,CONTRE,Responsabilité collective,Economie: privé et public,Feministre: NEUTRE féministe,Feministre: NEUTRE féministe,Risque difficile,NSP,BQ,Femme,Francophones,60 ans et plus,Né Canada,Collégial,Revenus bas
Ind_1095,2.247937,-0.297233,-0.251779,Sou_NON,CONTRE,CONTRE,POUR,CONTRE,CONTRE,CONTRE,NEUTRE,NEUTRE,NEUTRE,PESSIMISTE,PESSIMISTE,POUR,Responsabilité individuelle,Economie: privé seulement,Féministe: POUR féministe,NSP,Risque difficile,PLQ,Vote fed: NSP,Femme,Non francophones,60 ans et plus,Né Ailleurs,Collégial,Revenus moyens
Ind_1096,-1.00628,-0.44699,1.403701,Sou_NSP,CONTRE,POUR,CONTRE,POUR,NEUTRE,NEUTRE,ACCORD,NEUTRE,PESSIMISTE,NSP,OPTIMISTE,CONTRE,Responsabilité individuelle,Economie: privé seulement,NSP,NSP,Risque difficile,PQ,BQ,Femme,Francophones,60 ans et plus,Né Canada,Secondaire,NSP
Ind_1097,-0.648076,-0.43841,2.110745,Sou_NSP,POUR,CONTRE,CONTRE,POUR,NEUTRE,NEUTRE,NSP,NSP,NEUTRE,NEUTRE,NSP,CONTRE,Responsabilité mixte,Economie: neutre,NSP,NSP,Risque difficile,Vote prov: NSP,Vote fed: NSP,Homme,Francophones,18-39 ans,Né Canada,Secondaire,NSP
Ind_1098,0.951652,1.097278,-0.056228,Sou_NON,CONTRE,CONTRE,POUR,POUR,CONTRE,CONTRE,NEUTRE,DÉSACCORD,OPTIMISTE,PESSIMISTE,NEUTRE,CONTRE,Responsabilité mixte,Economie: privé et public,Feministe: CONTRE féministe,Feministre: NEUTRE féministe,Risque difficile,CAQ,PLC,Homme,Francophones,60 ans et plus,Né Canada,Collégial,Revenus moyens
Ind_1099,1.831669,1.084303,0.202745,Sou_NON,CONTRE,CONTRE,POUR,CONTRE,CONTRE,CONTRE,NEUTRE,DÉSACCORD,NEUTRE,PESSIMISTE,PESSIMISTE,CONTRE,Responsabilité mixte,Economie: privé seulement,Feministre: NEUTRE féministe,Feministre: NEUTRE féministe,Risque facile,PCQ,PCC,Femme,Francophones,18-39 ans,Né Canada,Universitaire,Revenus moyens
Ind_1100,1.903964,-0.07142,0.263918,Sou_NON,CONTRE,CONTRE,POUR,CONTRE,CONTRE,CONTRE,ACCORD,NEUTRE,PESSIMISTE,PESSIMISTE,NEUTRE,CONTRE,Responsabilité individuelle,Economie: privé seulement,Feministe: CONTRE féministe,Féministe: POUR féministe,Risque difficile,NSP,PLC,Femme,Francophones,40-59 ans,Né Canada,Collégial,Revenus bas
Ind_1101,0.587568,-0.308764,0.287738,Sou_NON,CONTRE,POUR,POUR,POUR,CONTRE,CONTRE,ACCORD,NSP,PESSIMISTE,NSP,NEUTRE,NEUTRE,Responsabilité individuelle,Economie: neutre,Feministre: NEUTRE féministe,Féministe: POUR féministe,Risque facile,PQ,PLC,Femme,Francophones,60 ans et plus,Né Canada,Collégial,NSP
Ind_1102,-1.175277,1.335978,0.925025,Sou_NSP,NSP,POUR,POUR,POUR,NEUTRE,POUR,DÉSACCORD,DÉSACCORD,PESSIMISTE,NSP,OPTIMISTE,CONTRE,Responsabilité individuelle,Economie: privé seulement,NSP,Feministe: CONTRE féministe,Risque facile,CAQ,BQ,Homme,Francophones,60 ans et plus,Né Canada,Collégial,Revenus moyens
Ind_1103,1.318254,0.521953,0.82732,Sou_NON,CONTRE,CONTRE,POUR,NEUTRE,CONTRE,CONTRE,ACCORD,NEUTRE,OPTIMISTE,PESSIMISTE,NSP,NEUTRE,Responsabilité mixte,Economie: neutre,Feministre: NEUTRE féministe,Feministre: NEUTRE féministe,Risque difficile,PCQ,PCC,Homme,Francophones,40-59 ans,Né Canada,Collégial,Revenus bas
Ind_1104,1.326274,0.204903,1.139018,Sou_NON,CONTRE,POUR,POUR,CONTRE,CONTRE,NEUTRE,ACCORD,NEUTRE,PESSIMISTE,PESSIMISTE,PESSIMISTE,CONTRE,Responsabilité mixte,Economie: privé seulement,Feministe: CONTRE féministe,Feministre: NEUTRE féministe,Risque difficile,NSP,PCC,Femme,Francophones,60 ans et plus,Né Canada,Secondaire,NSP
Ind_1105,1.319859,1.647284,-0.502125,Sou_NON,CONTRE,CONTRE,POUR,POUR,CONTRE,CONTRE,NEUTRE,DÉSACCORD,NEUTRE,PESSIMISTE,PESSIMISTE,CONTRE,Responsabilité individuelle,Economie: privé et public,Feministre: NEUTRE féministe,Feministre: NEUTRE féministe,Risque facile,PCQ,PCC,Homme,Francophones,18-39 ans,Né Canada,Universitaire,Revenus moyens
Ind_1106,2.15163,-0.973135,-1.390591,Sou_NON,CONTRE,CONTRE,POUR,NEUTRE,CONTRE,CONTRE,NEUTRE,ACCORD,NEUTRE,PESSIMISTE,PESSIMISTE,POUR,Responsabilité collective,Economie: privé et public,Féministe: POUR féministe,Féministe: POUR féministe,Risque facile,PLQ,PLC,Femme,Non francophones,40-59 ans,Né Ailleurs,Collégial,Revenus moyens
Ind_1107,1.162733,1.59096,-0.381802,Sou_NON,CONTRE,POUR,POUR,CONTRE,POUR,CONTRE,DÉSACCORD,NEUTRE,NEUTRE,PESSIMISTE,PESSIMISTE,CONTRE,Responsabilité individuelle,Economie: privé et public,Feministe: CONTRE féministe,Feministe: CONTRE féministe,Risque facile,PCQ,PCC,Homme,Non francophones,40-59 ans,Né Canada,Collégial,Revenus élevés
Ind_1108,-2.388446,1.871392,-0.078046,Sou_OUI,POUR,POUR,CONTRE,POUR,POUR,POUR,DÉSACCORD,DÉSACCORD,OPTIMISTE,OPTIMISTE,OPTIMISTE,CONTRE,Responsabilité individuelle,Economie: privé et public,Feministre: NEUTRE féministe,Feministre: NEUTRE féministe,Risque facile,PCQ,PCC,Homme,Francophones,40-59 ans,Né Canada,Secondaire,Revenus bas
Ind_1109,-2.372093,2.030847,-0.22976,Sou_OUI,POUR,CONTRE,CONTRE,POUR,POUR,POUR,DÉSACCORD,DÉSACCORD,OPTIMISTE,NEUTRE,OPTIMISTE,CONTRE,Responsabilité individuelle,Economie: privé seulement,Feministre: NEUTRE féministe,Feministre: NEUTRE féministe,Risque facile,PQ,BQ,Homme,Francophones,60 ans et plus,Né Canada,Collégial,Revenus moyens
Ind_1110,1.413413,1.194615,-1.033037,Sou_NON,CONTRE,CONTRE,POUR,POUR,CONTRE,CONTRE,DÉSACCORD,DÉSACCORD,PESSIMISTE,PESSIMISTE,PESSIMISTE,NEUTRE,Responsabilité collective,Economie: privé et public,Feministe: CONTRE féministe,Feministe: CONTRE féministe,Risque facile,PLQ,PLC,Homme,Francophones,60 ans et plus,Né Canada,Collégial,Revenus moyens
Ind_1111,2.170685,-0.261728,-0.17955,Sou_NON,CONTRE,CONTRE,POUR,CONTRE,CONTRE,CONTRE,NEUTRE,ACCORD,NEUTRE,PESSIMISTE,PESSIMISTE,CONTRE,NSP,NSP,Feministe: CONTRE féministe,Féministe: POUR féministe,Risque difficile,NSP,PCC,Femme,Non francophones,40-59 ans,Né Canada,Universitaire,Revenus élevés
Ind_1112,-2.510966,-0.680787,-0.530806,Sou_OUI,POUR,POUR,CONTRE,POUR,POUR,POUR,NEUTRE,DÉSACCORD,OPTIMISTE,OPTIMISTE,OPTIMISTE,NEUTRE,Responsabilité mixte,Economie: privé et public,Féministe: POUR féministe,Féministe: POUR féministe,Risque facile,CAQ,BQ,Femme,Francophones,60 ans et plus,Né Canada,Collégial,NSP
Ind_1113,0.124527,1.464056,-0.383443,Sou_NON,CONTRE,POUR,CONTRE,POUR,CONTRE,CONTRE,DÉSACCORD,DÉSACCORD,NEUTRE,PESSIMISTE,NEUTRE,CONTRE,Responsabilité collective,Economie: privé et public,Feministe: CONTRE féministe,Feministre: NEUTRE féministe,Risque facile,PQ,PLC,Homme,Francophones,60 ans et plus,Né Canada,Secondaire,Revenus bas
Ind_1114,0.925706,0.342938,1.244646,Sou_NON,CONTRE,POUR,POUR,NEUTRE,CONTRE,CONTRE,NEUTRE,NEUTRE,PESSIMISTE,NEUTRE,PESSIMISTE,CONTRE,Responsabilité collective,NSP,Feministre: NEUTRE féministe,Feministre: NEUTRE féministe,Risque facile,NSP,Vote fed: NSP,Femme,Francophones,60 ans et plus,Né Canada,Secondaire,Revenus bas
Ind_1115,0.022282,-0.297918,0.986424,Sou_NON,CONTRE,NSP,NSP,CONTRE,NSP,NEUTRE,ACCORD,DÉSACCORD,NEUTRE,NSP,OPTIMISTE,CONTRE,Responsabilité mixte,Economie: privé et public,Feministe: CONTRE féministe,NSP,Risque facile,PQ,BQ,Femme,Francophones,40-59 ans,Né Canada,Collégial,NSP
Ind_1116,1.270189,-0.718681,0.277981,Sou_NON,CONTRE,CONTRE,POUR,CONTRE,CONTRE,CONTRE,NEUTRE,NEUTRE,NEUTRE,NSP,NSP,CONTRE,Responsabilité collective,Economie: neutre,Feministre: NEUTRE féministe,Féministe: POUR féministe,Risque difficile,PQ,BQ,Femme,Non francophones,18-39 ans,Né Canada,Universitaire,Revenus bas
Ind_1117,1.876337,0.306062,-0.03601,Sou_NON,CONTRE,CONTRE,POUR,CONTRE,CONTRE,CONTRE,ACCORD,ACCORD,NEUTRE,PESSIMISTE,PESSIMISTE,NEUTRE,Responsabilité mixte,Economie: neutre,Feministe: CONTRE féministe,Feministe: CONTRE féministe,NSP,Vote prov: NSP,Vote fed: NSP,Homme,Francophones,40-59 ans,Né Canada,Universitaire,Revenus bas
Ind_1118,-2.27581,-0.743519,-0.254718,Sou_OUI,POUR,POUR,CONTRE,POUR,POUR,POUR,ACCORD,NEUTRE,OPTIMISTE,NEUTRE,OPTIMISTE,CONTRE,Responsabilité individuelle,Economie: privé seulement,Féministe: POUR féministe,Féministe: POUR féministe,Risque difficile,PQ,PCC,Femme,Francophones,18-39 ans,Né Canada,Collégial,Revenus élevés
Ind_1119,0.579575,-0.002732,1.47027,Sou_NON,CONTRE,POUR,POUR,NEUTRE,CONTRE,CONTRE,NEUTRE,DÉSACCORD,OPTIMISTE,NSP,NEUTRE,CONTRE,Responsabilité individuelle,Economie: neutre,Feministre: NEUTRE féministe,Féministe: POUR féministe,Risque difficile,NSP,Vote fed: NSP,Femme,Francophones,60 ans et plus,Né Canada,Collégial,Revenus bas
Ind_1120,-1.512547,-0.879904,0.823394,Sou_NSP,POUR,POUR,POUR,POUR,POUR,NEUTRE,NEUTRE,NEUTRE,NEUTRE,NEUTRE,OPTIMISTE,CONTRE,Responsabilité individuelle,Economie: neutre,Féministe: POUR féministe,Féministe: POUR féministe,Risque difficile,PQ,BQ,Femme,Francophones,60 ans et plus,Né Canada,Collégial,NSP
Ind_1121,0.274112,-0.76045,-0.739411,Sou_NON,CONTRE,CONTRE,POUR,POUR,POUR,CONTRE,ACCORD,DÉSACCORD,OPTIMISTE,OPTIMISTE,PESSIMISTE,CONTRE,Responsabilité collective,Economie: privé et public,Féministe: POUR féministe,Féministe: POUR féministe,Risque facile,QS,Vote fed: NSP,Femme,Francophones,18-39 ans,Né Canada,Collégial,Revenus bas
Ind_1122,-1.629678,0.158183,1.321419,Sou_NSP,POUR,NSP,CONTRE,NSP,POUR,POUR,NSP,DÉSACCORD,OPTIMISTE,PESSIMISTE,OPTIMISTE,CONTRE,Responsabilité mixte,Economie: neutre,Feministre: NEUTRE féministe,Feministre: NEUTRE féministe,Risque difficile,PQ,BQ,Femme,Francophones,60 ans et plus,Né Canada,Collégial,NSP
Ind_1123,0.479609,-0.111287,-0.187599,Sou_NON,CONTRE,POUR,POUR,POUR,NEUTRE,CONTRE,ACCORD,DÉSACCORD,NEUTRE,PESSIMISTE,OPTIMISTE,CONTRE,Responsabilité individuelle,Economie: privé et public,Féministe: POUR féministe,Feministe: CONTRE féministe,Risque difficile,PCQ,PCC,Femme,Francophones,40-59 ans,Né Canada,Universitaire,Revenus élevés
Ind_1124,2.034234,-1.072812,-0.904153,Sou_NON,CONTRE,CONTRE,POUR,CONTRE,CONTRE,CONTRE,NEUTRE,NEUTRE,NEUTRE,PESSIMISTE,PESSIMISTE,POUR,Responsabilité collective,Economie: privé et public,Féministe: POUR féministe,Féministe: POUR féministe,Risque facile,NSP,PVQ,Femme,Non francophones,18-39 ans,Né Canada,Collégial,Revenus bas
Ind_1125,-1.392967,-2.263476,0.267837,Sou_NSP,POUR,POUR,NSP,POUR,POUR,NEUTRE,ACCORD,ACCORD,NEUTRE,NSP,OPTIMISTE,NEUTRE,Responsabilité mixte,Economie: privé et public,Féministe: POUR féministe,Féministe: POUR féministe,Risque difficile,PQ,Vote fed: NSP,Femme,Francophones,18-39 ans,Né Canada,Universitaire,Revenus bas
Ind_1126,2.005107,0.668832,-0.234287,Sou_NON,CONTRE,CONTRE,POUR,CONTRE,CONTRE,CONTRE,ACCORD,ACCORD,NEUTRE,PESSIMISTE,PESSIMISTE,NEUTRE,Responsabilité mixte,Economie: privé seulement,Feministre: NEUTRE féministe,Feministre: NEUTRE féministe,Risque facile,NSP,PLC,Homme,Francophones,18-39 ans,Né Canada,Collégial,Revenus élevés
Ind_1127,1.420497,-1.421831,-1.104652,Sou_NON,CONTRE,CONTRE,POUR,POUR,CONTRE,CONTRE,NEUTRE,NEUTRE,OPTIMISTE,PESSIMISTE,NEUTRE,NEUTRE,Responsabilité mixte,Economie: privé et public,Féministe: POUR féministe,Féministe: POUR féministe,Risque difficile,PLQ,PLC,Femme,Non francophones,18-39 ans,Né Canada,Universitaire,Revenus moyens
Ind_1128,2.079895,0.040157,-0.590007,Sou_NON,CONTRE,CONTRE,POUR,CONTRE,CONTRE,NSP,NEUTRE,ACCORD,NEUTRE,PESSIMISTE,PESSIMISTE,POUR,Responsabilité mixte,Economie: neutre,Feministre: NEUTRE féministe,Féministe: POUR féministe,Risque facile,PLQ,PLC,Homme,Non francophones,18-39 ans,Né Ailleurs,Collégial,NSP
Ind_1129,0.918181,-0.976716,1.285071,Sou_NON,CONTRE,NSP,POUR,CONTRE,NSP,NSP,NEUTRE,NSP,NSP,NEUTRE,NSP,CONTRE,Responsabilité individuelle,Economie: privé seulement,Féministe: POUR féministe,Féministe: POUR féministe,Risque difficile,NSP,Vote fed: NSP,Femme,Non francophones,40-59 ans,Né Canada,Secondaire,Revenus moyens
Ind_1130,-2.643233,0.680862,-0.535045,Sou_OUI,POUR,POUR,CONTRE,POUR,POUR,POUR,ACCORD,NEUTRE,OPTIMISTE,OPTIMISTE,OPTIMISTE,CONTRE,Responsabilité individuelle,Economie: neutre,Feministe: CONTRE féministe,Féministe: POUR féministe,Risque facile,PQ,BQ,Homme,Francophones,60 ans et plus,Né Canada,Collégial,Revenus moyens
Ind_1131,2.057361,1.220769,-0.442967,Sou_NON,CONTRE,CONTRE,POUR,CONTRE,CONTRE,CONTRE,ACCORD,NEUTRE,NEUTRE,PESSIMISTE,PESSIMISTE,CONTRE,Responsabilité individuelle,Economie: neutre,Feministe: CONTRE féministe,Feministe: CONTRE féministe,Risque facile,PLQ,PLC,Homme,Francophones,40-59 ans,Né Canada,Collégial,Revenus moyens
Ind_1132,-0.136378,-1.776342,2.064098,Sou_NSP,NSP,NSP,NSP,NEUTRE,NEUTRE,NEUTRE,NSP,NSP,NSP,NSP,NSP,NEUTRE,Responsabilité collective,Economie: neutre,Féministe: POUR féministe,Féministe: POUR féministe,Risque difficile,PLQ,Vote fed: NSP,Homme,Francophones,18-39 ans,Né Canada,Collégial,Revenus bas
Ind_1133,1.637845,0.019363,0.17812,Sou_NON,CONTRE,CONTRE,POUR,NEUTRE,NEUTRE,CONTRE,NEUTRE,NEUTRE,PESSIMISTE,PESSIMISTE,NEUTRE,CONTRE,Responsabilité mixte,Economie: neutre,Feministre: NEUTRE féministe,Féministe: POUR féministe,Risque difficile,PLQ,PLC,Homme,Non francophones,18-39 ans,Né Canada,Universitaire,Revenus moyens
Ind_1134,-2.584437,0.88503,0.270634,Sou_OUI,POUR,POUR,CONTRE,POUR,POUR,POUR,DÉSACCORD,DÉSACCORD,OPTIMISTE,OPTIMISTE,OPTIMISTE,CONTRE,Responsabilité mixte,Economie: privé et public,Feministre: NEUTRE féministe,Feministe: CONTRE féministe,Risque difficile,PQ,Vote fed: NSP,Homme,Francophones,40-59 ans,Né Canada,Collégial,Revenus bas
Ind_1135,1.517805,0.383033,0.734075,Sou_NON,CONTRE,CONTRE,POUR,NEUTRE,CONTRE,CONTRE,NEUTRE,DÉSACCORD,NEUTRE,PESSIMISTE,NEUTRE,CONTRE,Responsabilité mixte,Economie: neutre,Féministe: POUR féministe,Feministre: NEUTRE féministe,Risque facile,PCQ,PCC,Femme,Francophones,18-39 ans,Né Canada,Collégial,Revenus élevés
Ind_1136,-0.849627,-1.292629,-0.16369,Sou_NON,CONTRE,POUR,POUR,POUR,POUR,POUR,NEUTRE,NSP,OPTIMISTE,PESSIMISTE,OPTIMISTE,NEUTRE,Responsabilité mixte,Economie: neutre,Féministe: POUR féministe,Féministe: POUR féministe,Risque difficile,PQ,BQ,Femme,Francophones,18-39 ans,Né Canada,Universitaire,Revenus moyens
Ind_1137,-1.753415,0.898083,-0.667433,Sou_NSP,POUR,POUR,POUR,POUR,POUR,POUR,DÉSACCORD,DÉSACCORD,OPTIMISTE,OPTIMISTE,OPTIMISTE,POUR,Responsabilité individuelle,Economie: privé seulement,Féministe: POUR féministe,Feministe: CONTRE féministe,Risque facile,CAQ,PLC,Homme,Francophones,60 ans et plus,Né Canada,Universitaire,Revenus bas
Ind_1138,-1.458205,-0.13137,-0.24776,Sou_OUI,POUR,CONTRE,POUR,POUR,POUR,POUR,ACCORD,NEUTRE,OPTIMISTE,OPTIMISTE,NEUTRE,CONTRE,Responsabilité individuelle,Economie: privé et public,Feministre: NEUTRE féministe,Feministre: NEUTRE féministe,Risque difficile,PQ,BQ,Femme,Francophones,18-39 ans,Né Canada,Universitaire,Revenus moyens
Ind_1139,1.038182,1.641276,-0.065486,Sou_NON,CONTRE,CONTRE,POUR,POUR,CONTRE,CONTRE,DÉSACCORD,DÉSACCORD,NEUTRE,PESSIMISTE,OPTIMISTE,CONTRE,Responsabilité individuelle,Economie: privé seulement,Feministre: NEUTRE féministe,Feministre: NEUTRE féministe,Risque difficile,NSP,PLC,Homme,Francophones,40-59 ans,Né Canada,Universitaire,Revenus élevés
Ind_1140,0.74668,-0.6767,1.647682,Sou_NON,CONTRE,POUR,POUR,NEUTRE,NEUTRE,NEUTRE,NSP,NSP,NEUTRE,PESSIMISTE,NSP,NEUTRE,Responsabilité mixte,Economie: neutre,NSP,NSP,Risque facile,NSP,NSP,Femme,Francophones,60 ans et plus,Né Canada,Universitaire,Revenus moyens
Ind_1141,1.209933,1.391504,-0.349163,Sou_NON,CONTRE,POUR,CONTRE,CONTRE,CONTRE,CONTRE,NEUTRE,DÉSACCORD,PESSIMISTE,PESSIMISTE,PESSIMISTE,CONTRE,Responsabilité mixte,Economie: privé et public,Feministe: CONTRE féministe,Feministe: CONTRE féministe,Risque facile,PLQ,PCC,Homme,Non francophones,40-59 ans,Né Canada,Collégial,Revenus bas
Ind_1142,-2.204233,-0.714028,0.256393,Sou_OUI,POUR,POUR,CONTRE,POUR,POUR,POUR,ACCORD,NEUTRE,NEUTRE,NEUTRE,OPTIMISTE,CONTRE,Responsabilité collective,Economie: neutre,Féministe: POUR féministe,Feministre: NEUTRE féministe,Risque difficile,PQ,BQ,Femme,Francophones,40-59 ans,Né Canada,Collégial,NSP
Ind_1143,-2.062874,-0.152745,-0.11561,Sou_OUI,POUR,POUR,POUR,POUR,POUR,POUR,ACCORD,DÉSACCORD,PESSIMISTE,NEUTRE,OPTIMISTE,CONTRE,Responsabilité mixte,Economie: privé seulement,Féministe: POUR féministe,Féministe: POUR féministe,Risque difficile,PQ,BQ,Homme,Francophones,18-39 ans,Né Canada,Secondaire,Revenus bas
Ind_1144,0.900279,0.016648,1.889331,Sou_NON,CONTRE,NSP,POUR,NSP,NSP,NSP,NSP,DÉSACCORD,NEUTRE,NSP,NSP,CONTRE,Responsabilité individuelle,NSP,NSP,NSP,Risque difficile,NSP,Vote fed: NSP,Homme,Non francophones,40-59 ans,Né Ailleurs,Collégial,NSP
Ind_1145,-0.53939,0.911722,0.527654,Sou_OUI,POUR,POUR,POUR,POUR,NEUTRE,NEUTRE,NEUTRE,DÉSACCORD,NEUTRE,PESSIMISTE,OPTIMISTE,NEUTRE,Responsabilité mixte,Economie: neutre,Feministre: NEUTRE féministe,Feministre: NEUTRE féministe,Risque facile,CAQ,PLC,Homme,Non francophones,40-59 ans,Né Canada,Collégial,Revenus élevés
Ind_1146,-0.834221,-0.439313,-0.199324,Sou_NSP,NSP,POUR,NSP,CONTRE,POUR,CONTRE,NEUTRE,DÉSACCORD,OPTIMISTE,PESSIMISTE,NSP,CONTRE,Responsabilité collective,Economie: privé et public,Féministe: POUR féministe,Féministe: POUR féministe,Risque difficile,PQ,BQ,Homme,Francophones,60 ans et plus,Né Canada,Universitaire,Revenus bas
Ind_1147,1.966209,0.103941,-1.150581,Sou_NON,CONTRE,CONTRE,POUR,CONTRE,CONTRE,CONTRE,DÉSACCORD,DÉSACCORD,PESSIMISTE,PESSIMISTE,PESSIMISTE,CONTRE,Responsabilité collective,Economie: privé et public,Féministe: POUR féministe,Féministe: POUR féministe,Risque difficile,PLQ,PLC,Homme,Non francophones,18-39 ans,Né Canada,Collégial,Revenus bas
Ind_1148,1.292272,1.946981,0.26324,Sou_NON,CONTRE,CONTRE,POUR,NEUTRE,CONTRE,CONTRE,DÉSACCORD,NSP,OPTIMISTE,PESSIMISTE,PESSIMISTE,CONTRE,Responsabilité individuelle,Economie: privé seulement,Feministe: CONTRE féministe,Feministe: CONTRE féministe,Risque facile,PCQ,PCC,Homme,Francophones,60 ans et plus,Né Canada,Secondaire,Revenus bas
Ind_1149,-2.285198,1.398625,0.365311,Sou_OUI,POUR,POUR,CONTRE,POUR,POUR,POUR,DÉSACCORD,DÉSACCORD,PESSIMISTE,NEUTRE,OPTIMISTE,CONTRE,Responsabilité mixte,Economie: privé seulement,Feministre: NEUTRE féministe,Feministre: NEUTRE féministe,Risque difficile,PQ,PCC,Homme,Francophones,40-59 ans,Né Canada,Universitaire,Revenus bas
Ind_1150,-1.245202,0.51971,0.780856,Sou_OUI,NSP,POUR,NSP,POUR,POUR,POUR,ACCORD,DÉSACCORD,NEUTRE,OPTIMISTE,NEUTRE,CONTRE,NSP,Economie: neutre,Feministre: NEUTRE féministe,Feministre: NEUTRE féministe,Risque facile,PCQ,PCC,Femme,Francophones,40-59 ans,Né Canada,Universitaire,Revenus bas
Ind_1151,-1.718113,0.144513,-0.450378,Sou_OUI,POUR,POUR,POUR,POUR,POUR,POUR,ACCORD,DÉSACCORD,NEUTRE,OPTIMISTE,OPTIMISTE,CONTRE,Responsabilité mixte,Economie: privé seulement,Feministre: NEUTRE féministe,Féministe: POUR féministe,Risque facile,PQ,PLC,Femme,Francophones,60 ans et plus,Né Canada,Universitaire,Revenus moyens
Ind_1152,1.358714,-0.594656,-2.085061,Sou_OUI,CONTRE,CONTRE,POUR,CONTRE,CONTRE,CONTRE,ACCORD,ACCORD,PESSIMISTE,NEUTRE,PESSIMISTE,NEUTRE,Responsabilité collective,Economie: privé et public,Féministe: POUR féministe,Féministe: POUR féministe,Risque facile,PLQ,PLC,Homme,Non francophones,40-59 ans,Né Canada,Universitaire,Revenus élevés
Ind_1153,-1.262929,0.369504,0.008972,Sou_OUI,POUR,POUR,POUR,POUR,NSP,NSP,DÉSACCORD,DÉSACCORD,OPTIMISTE,NSP,NEUTRE,POUR,Responsabilité collective,Economie: neutre,Feministre: NEUTRE féministe,Féministe: POUR féministe,Risque facile,PQ,PLC,Homme,Francophones,40-59 ans,Né Canada,Collégial,Revenus élevés
Ind_1154,-0.189163,-1.574398,2.264869,Sou_NSP,NSP,NSP,NSP,NSP,NSP,NSP,NEUTRE,DÉSACCORD,NSP,NSP,NSP,CONTRE,Responsabilité individuelle,NSP,Féministe: POUR féministe,Féministe: POUR féministe,Risque difficile,NSP,Vote fed: NSP,Femme,Francophones,18-39 ans,Né Canada,Secondaire,NSP
Ind_1155,0.182116,0.449771,-0.269087,Sou_NON,CONTRE,POUR,POUR,POUR,NEUTRE,CONTRE,ACCORD,ACCORD,OPTIMISTE,PESSIMISTE,OPTIMISTE,CONTRE,Responsabilité mixte,Economie: privé seulement,Féministe: POUR féministe,Feministre: NEUTRE féministe,Risque facile,QS,PLC,Homme,Francophones,40-59 ans,Né Canada,Secondaire,Revenus moyens
Ind_1156,2.069266,1.191181,-0.853796,Sou_NON,CONTRE,CONTRE,POUR,CONTRE,CONTRE,CONTRE,ACCORD,ACCORD,NSP,PESSIMISTE,PESSIMISTE,CONTRE,Responsabilité individuelle,Economie: privé et public,Feministre: NEUTRE féministe,Feministre: NEUTRE féministe,Risque facile,PLQ,PLC,Homme,Non francophones,60 ans et plus,Né Canada,Secondaire,Revenus bas
Ind_1157,0.36375,-0.181244,-1.247609,Sou_NON,CONTRE,POUR,POUR,POUR,CONTRE,POUR,ACCORD,DÉSACCORD,PESSIMISTE,PESSIMISTE,OPTIMISTE,CONTRE,Responsabilité collective,Economie: privé et public,Féministe: POUR féministe,Féministe: POUR féministe,Risque facile,NSP,PLC,Homme,Non francophones,18-39 ans,Né Canada,Collégial,Revenus moyens
Ind_1158,-2.407381,-0.583514,-0.661332,Sou_OUI,POUR,POUR,CONTRE,POUR,POUR,POUR,ACCORD,NEUTRE,OPTIMISTE,NEUTRE,OPTIMISTE,CONTRE,Responsabilité individuelle,Economie: privé et public,Féministe: POUR féministe,Féministe: POUR féministe,Risque facile,CAQ,BQ,Femme,Francophones,60 ans et plus,Né Canada,Collégial,Revenus bas
Ind_1159,-2.710725,-0.722393,-1.333168,Sou_OUI,POUR,POUR,CONTRE,POUR,POUR,POUR,NEUTRE,DÉSACCORD,OPTIMISTE,NEUTRE,OPTIMISTE,POUR,Responsabilité collective,Economie: privé et public,Féministe: POUR féministe,Féministe: POUR féministe,Risque difficile,PQ,BQ,Homme,Francophones,18-39 ans,Né Canada,Universitaire,Revenus moyens
Ind_1160,-0.987757,-0.145287,1.060487,Sou_OUI,POUR,POUR,POUR,POUR,POUR,NSP,NSP,NSP,NSP,NSP,NSP,CONTRE,Responsabilité individuelle,Economie: privé seulement,Féministe: POUR féministe,Feministe: CONTRE féministe,Risque facile,PCQ,PCC,Femme,Francophones,18-39 ans,Né Canada,Secondaire,Revenus élevés
Ind_1161,-2.738607,1.148054,0.487523,Sou_OUI,POUR,POUR,CONTRE,POUR,POUR,POUR,NEUTRE,NSP,OPTIMISTE,OPTIMISTE,OPTIMISTE,CONTRE,Responsabilité mixte,Economie: neutre,Feministre: NEUTRE féministe,Feministre: NEUTRE féministe,Risque facile,PQ,BQ,Homme,Francophones,60 ans et plus,Né Canada,Secondaire,Revenus bas
Ind_1162,1.720133,-0.426143,0.15669,Sou_NON,CONTRE,CONTRE,POUR,CONTRE,CONTRE,CONTRE,DÉSACCORD,DÉSACCORD,NEUTRE,PESSIMISTE,PESSIMISTE,CONTRE,Responsabilité mixte,Economie: privé et public,Féministe: POUR féministe,Féministe: POUR féministe,Risque difficile,NSP,Vote fed: NSP,Femme,Francophones,40-59 ans,Né Canada,Collégial,Revenus bas
Ind_1163,-2.805094,-0.306921,-1.350018,Sou_OUI,POUR,POUR,CONTRE,POUR,POUR,POUR,DÉSACCORD,NEUTRE,OPTIMISTE,NEUTRE,OPTIMISTE,NEUTRE,Responsabilité collective,Economie: privé et public,Féministe: POUR féministe,Féministe: POUR féministe,Risque facile,PQ,BQ,Homme,Francophones,60 ans et plus,Né Canada,Universitaire,Revenus bas
Ind_1164,-0.400353,-1.163732,0.20091,Sou_NON,NSP,POUR,POUR,NEUTRE,POUR,POUR,ACCORD,ACCORD,NEUTRE,PESSIMISTE,OPTIMISTE,CONTRE,Responsabilité collective,Economie: privé et public,Féministe: POUR féministe,NSP,Risque difficile,PQ,NPD,Femme,Francophones,40-59 ans,Né Canada,Collégial,Revenus bas
Ind_1165,1.007736,-1.601127,1.019037,Sou_NON,CONTRE,NSP,POUR,CONTRE,CONTRE,NSP,NSP,NSP,OPTIMISTE,PESSIMISTE,NSP,NEUTRE,Responsabilité mixte,NSP,Féministe: POUR féministe,Féministe: POUR féministe,NSP,QS,Vote fed: NSP,Femme,Francophones,18-39 ans,Né Canada,Secondaire,Revenus bas
Ind_1166,-0.898407,-1.015094,-0.836239,Sou_NSP,CONTRE,POUR,CONTRE,POUR,POUR,POUR,ACCORD,ACCORD,NEUTRE,NEUTRE,PESSIMISTE,POUR,Responsabilité mixte,Economie: privé et public,Féministe: POUR féministe,Féministe: POUR féministe,Risque facile,QS,NPD,Homme,Francophones,18-39 ans,Né Canada,Collégial,Revenus bas
Ind_1167,0.712943,-0.356236,-0.166554,Sou_NON,CONTRE,POUR,NSP,CONTRE,CONTRE,CONTRE,DÉSACCORD,DÉSACCORD,NSP,PESSIMISTE,NEUTRE,CONTRE,Responsabilité collective,Economie: privé seulement,Féministe: POUR féministe,Féministe: POUR féministe,Risque difficile,PQ,PLC,Femme,Francophones,60 ans et plus,Né Canada,Universitaire,Revenus bas
Ind_1168,0.00798,-1.744197,0.85306,Sou_NSP,CONTRE,NSP,NSP,NSP,NSP,NSP,ACCORD,ACCORD,NSP,NSP,NSP,NSP,Responsabilité collective,Economie: privé et public,Féministe: POUR féministe,Féministe: POUR féministe,NSP,Vote prov: NSP,Vote fed: NSP,Homme,Francophones,18-39 ans,Né Canada,Secondaire,Revenus bas
Ind_1169,0.350285,-0.367562,0.407142,Sou_NSP,CONTRE,CONTRE,POUR,POUR,NEUTRE,NEUTRE,DÉSACCORD,DÉSACCORD,NEUTRE,PESSIMISTE,PESSIMISTE,NEUTRE,Responsabilité collective,Economie: neutre,Féministe: POUR féministe,Féministe: POUR féministe,Risque difficile,NSP,BQ,Homme,Francophones,60 ans et plus,Né Canada,Collégial,NSP
Ind_1170,-1.176053,0.171187,0.742362,Sou_NSP,POUR,POUR,POUR,POUR,NEUTRE,NEUTRE,ACCORD,NSP,OPTIMISTE,OPTIMISTE,OPTIMISTE,CONTRE,Responsabilité mixte,Economie: privé seulement,Feministe: CONTRE féministe,Féministe: POUR féministe,Risque facile,PCQ,PCC,Homme,Francophones,18-39 ans,Né Canada,Secondaire,NSP
Ind_1171,-2.584481,1.687275,-0.147779,Sou_OUI,POUR,POUR,CONTRE,POUR,POUR,POUR,DÉSACCORD,DÉSACCORD,OPTIMISTE,OPTIMISTE,OPTIMISTE,NEUTRE,Responsabilité individuelle,Economie: privé seulement,Feministre: NEUTRE féministe,Feministe: CONTRE féministe,Risque facile,PQ,PCC,Homme,Francophones,60 ans et plus,Né Canada,Collégial,Revenus bas
Ind_1172,-2.706766,-0.757465,-1.696969,Sou_OUI,POUR,POUR,CONTRE,POUR,POUR,POUR,ACCORD,ACCORD,OPTIMISTE,OPTIMISTE,OPTIMISTE,NEUTRE,Responsabilité collective,Economie: privé et public,Féministe: POUR féministe,Féministe: POUR féministe,Risque facile,PQ,BQ,Homme,Francophones,60 ans et plus,Né Canada,Universitaire,NSP
Ind_1173,0.789719,-1.193168,-0.678756,Sou_NON,CONTRE,CONTRE,POUR,POUR,NEUTRE,POUR,ACCORD,NEUTRE,NEUTRE,PESSIMISTE,NEUTRE,POUR,Responsabilité collective,Economie: neutre,Féministe: POUR féministe,Féministe: POUR féministe,Risque facile,NSP,PLC,Femme,Francophones,60 ans et plus,Né Canada,Universitaire,Revenus élevés
Ind_1174,1.405334,0.446463,0.431072,Sou_NON,CONTRE,POUR,POUR,CONTRE,CONTRE,CONTRE,ACCORD,DÉSACCORD,NEUTRE,PESSIMISTE,NEUTRE,NEUTRE,Responsabilité mixte,Economie: neutre,Feministe: CONTRE féministe,Feministe: CONTRE féministe,Risque facile,PCQ,PCC,Femme,Francophones,40-59 ans,Né Canada,Collégial,Revenus moyens
Ind_1175,1.621885,0.078705,-0.766193,Sou_NON,CONTRE,CONTRE,POUR,NSP,CONTRE,CONTRE,ACCORD,DÉSACCORD,OPTIMISTE,PESSIMISTE,PESSIMISTE,NEUTRE,Responsabilité mixte,Economie: privé et public,Feministre: NEUTRE féministe,Feministre: NEUTRE féministe,Risque facile,PLQ,PLC,Femme,Francophones,18-39 ans,Né Canada,Universitaire,Revenus élevés
Ind_1176,0.399351,-0.25451,-0.424171,Sou_NON,CONTRE,POUR,POUR,CONTRE,NEUTRE,POUR,NEUTRE,NEUTRE,PESSIMISTE,OPTIMISTE,NEUTRE,NEUTRE,Responsabilité individuelle,Economie: neutre,Féministe: POUR féministe,Féministe: POUR féministe,Risque facile,PLQ,PLC,Homme,Francophones,18-39 ans,Né Canada,Universitaire,Revenus élevés
Ind_1177,-0.174198,1.624499,-0.401629,Sou_NON,CONTRE,CONTRE,POUR,POUR,POUR,CONTRE,DÉSACCORD,DÉSACCORD,OPTIMISTE,OPTIMISTE,OPTIMISTE,CONTRE,Responsabilité individuelle,Economie: privé seulement,Feministe: CONTRE féministe,Féministe: POUR féministe,Risque facile,PCQ,PCC,Homme,Francophones,18-39 ans,Né Canada,Secondaire,Revenus moyens
Ind_1178,1.339888,2.033133,0.593312,Sou_NON,CONTRE,CONTRE,POUR,NEUTRE,CONTRE,CONTRE,DÉSACCORD,DÉSACCORD,NEUTRE,PESSIMISTE,NEUTRE,CONTRE,Responsabilité mixte,Economie: privé seulement,Feministre: NEUTRE féministe,Feministre: NEUTRE féministe,Risque facile,PCQ,PCC,Homme,Francophones,60 ans et plus,Né Canada,Collégial,Revenus moyens
Ind_1179,-0.926164,-0.969679,0.948747,Sou_NSP,NSP,POUR,NSP,POUR,NEUTRE,NEUTRE,NEUTRE,NEUTRE,NSP,NSP,OPTIMISTE,CONTRE,Responsabilité individuelle,Economie: privé et public,Feministre: NEUTRE féministe,Féministe: POUR féministe,Risque difficile,PQ,PLC,Femme,Francophones,40-59 ans,Né Canada,Universitaire,Revenus moyens
Ind_1180,2.169562,0.47309,-0.526474,Sou_NON,CONTRE,CONTRE,POUR,CONTRE,CONTRE,CONTRE,NEUTRE,DÉSACCORD,NEUTRE,PESSIMISTE,PESSIMISTE,NEUTRE,Responsabilité individuelle,Economie: neutre,Feministe: CONTRE féministe,Féministe: POUR féministe,Risque facile,PLQ,PLC,Femme,Non francophones,60 ans et plus,Né Canada,Secondaire,Revenus bas
Ind_1181,-1.799158,-1.342809,0.100525,Sou_OUI,POUR,POUR,CONTRE,NEUTRE,POUR,POUR,ACCORD,NEUTRE,OPTIMISTE,OPTIMISTE,OPTIMISTE,NEUTRE,Responsabilité mixte,Economie: privé seulement,Féministe: POUR féministe,Féministe: POUR féministe,Risque difficile,NSP,PLC,Femme,Francophones,60 ans et plus,Né Canada,Secondaire,NSP
Ind_1182,0.374952,0.448076,0.536917,Sou_NON,CONTRE,NSP,POUR,POUR,NEUTRE,CONTRE,NEUTRE,NEUTRE,OPTIMISTE,PESSIMISTE,OPTIMISTE,CONTRE,Responsabilité individuelle,Economie: neutre,Feministe: CONTRE féministe,Féministe: POUR féministe,Risque difficile,PCQ,PCC,Homme,Francophones,18-39 ans,Né Canada,Collégial,Revenus moyens
Ind_1183,0.680651,0.334221,0.613884,Sou_NON,CONTRE,NSP,POUR,POUR,CONTRE,CONTRE,DÉSACCORD,DÉSACCORD,OPTIMISTE,PESSIMISTE,NEUTRE,CONTRE,Responsabilité collective,Economie: neutre,Feministe: CONTRE féministe,Féministe: POUR féministe,Risque difficile,NSP,Vote fed: NSP,Homme,Francophones,18-39 ans,Né Canada,Collégial,Revenus bas
Ind_1184,1.857035,0.843337,0.216635,Sou_NON,CONTRE,CONTRE,POUR,CONTRE,CONTRE,CONTRE,NEUTRE,DÉSACCORD,NEUTRE,PESSIMISTE,PESSIMISTE,CONTRE,Responsabilité individuelle,Economie: privé et public,Feministre: NEUTRE féministe,Feministre: NEUTRE féministe,Risque difficile,CAQ,PLC,Femme,Francophones,60 ans et plus,Né Canada,Collégial,Revenus bas
Ind_1185,-2.247344,-0.157831,-1.14829,Sou_OUI,POUR,POUR,CONTRE,POUR,POUR,POUR,ACCORD,ACCORD,OPTIMISTE,PESSIMISTE,OPTIMISTE,POUR,Responsabilité individuelle,Economie: privé et public,NSP,Féministe: POUR féministe,Risque facile,PQ,BQ,Homme,Francophones,18-39 ans,Né Canada,Secondaire,Revenus bas
Ind_1186,1.445708,0.807805,0.120174,Sou_NON,CONTRE,CONTRE,POUR,CONTRE,CONTRE,CONTRE,DÉSACCORD,DÉSACCORD,NEUTRE,NEUTRE,PESSIMISTE,CONTRE,Responsabilité individuelle,Economie: neutre,Féministe: POUR féministe,Feministe: CONTRE féministe,Risque facile,PCQ,PCC,Femme,Francophones,18-39 ans,Né Canada,Secondaire,Revenus moyens
Ind_1187,2.03774,-0.417001,-0.459154,Sou_NON,CONTRE,CONTRE,POUR,CONTRE,CONTRE,CONTRE,ACCORD,NEUTRE,PESSIMISTE,PESSIMISTE,PESSIMISTE,CONTRE,Responsabilité individuelle,Economie: privé seulement,Féministe: POUR féministe,Féministe: POUR féministe,Risque difficile,PLQ,PLC,Femme,Francophones,60 ans et plus,Né Canada,Collégial,NSP
Ind_1188,1.784148,-0.798728,-1.025885,Sou_NON,CONTRE,CONTRE,POUR,CONTRE,CONTRE,CONTRE,ACCORD,NSP,NEUTRE,PESSIMISTE,OPTIMISTE,NSP,Responsabilité mixte,Economie: privé et public,Féministe: POUR féministe,Féministe: POUR féministe,Risque difficile,PLQ,PLC,Homme,Non francophones,18-39 ans,Né Canada,Collégial,Revenus bas
Ind_1189,0.674408,1.808122,-0.43433,Sou_NON,CONTRE,CONTRE,POUR,CONTRE,POUR,CONTRE,DÉSACCORD,DÉSACCORD,OPTIMISTE,PESSIMISTE,OPTIMISTE,CONTRE,Responsabilité individuelle,Economie: privé et public,Feministe: CONTRE féministe,Feministre: NEUTRE féministe,Risque facile,NSP,PLC,Homme,Francophones,40-59 ans,Né Canada,Secondaire,Revenus moyens
Ind_1190,1.033023,-0.687803,0.546001,Sou_NON,CONTRE,NSP,POUR,NEUTRE,NEUTRE,NSP,DÉSACCORD,DÉSACCORD,NEUTRE,PESSIMISTE,PESSIMISTE,CONTRE,Responsabilité mixte,Economie: privé et public,Féministe: POUR féministe,Féministe: POUR féministe,Risque difficile,CAQ,PLC,Femme,Francophones,40-59 ans,Né Canada,Secondaire,Revenus moyens
Ind_1191,2.086595,0.93067,-0.420251,Sou_NON,CONTRE,CONTRE,POUR,CONTRE,CONTRE,CONTRE,ACCORD,NEUTRE,NEUTRE,PESSIMISTE,PESSIMISTE,NEUTRE,Responsabilité individuelle,Economie: privé seulement,Feministre: NEUTRE féministe,Feministe: CONTRE féministe,NSP,PLQ,PLC,Homme,Francophones,40-59 ans,Né Canada,Secondaire,Revenus élevés
Ind_1192,-2.044646,-0.393909,0.920663,Sou_OUI,POUR,POUR,CONTRE,POUR,POUR,POUR,NEUTRE,NSP,OPTIMISTE,OPTIMISTE,OPTIMISTE,CONTRE,Responsabilité collective,NSP,Feministre: NEUTRE féministe,NSP,Risque difficile,NSP,Vote fed: NSP,Femme,Francophones,40-59 ans,Né Ailleurs,Collégial,Revenus moyens
Ind_1193,0.767433,0.855099,0.807615,Sou_NON,CONTRE,NSP,POUR,NSP,NSP,CONTRE,DÉSACCORD,DÉSACCORD,NEUTRE,PESSIMISTE,OPTIMISTE,CONTRE,Responsabilité individuelle,Economie: privé seulement,Feministe: CONTRE féministe,Féministe: POUR féministe,Risque difficile,NSP,Vote fed: NSP,Homme,Francophones,40-59 ans,Né Canada,Collégial,Revenus élevés
Ind_1194,0.186169,-0.627556,2.071339,Sou_NSP,NSP,NSP,POUR,NEUTRE,NSP,NSP,NSP,NSP,PESSIMISTE,NSP,NSP,CONTRE,Responsabilité individuelle,NSP,Feministre: NEUTRE féministe,Féministe: POUR féministe,Risque facile,CAQ,PCC,Femme,Francophones,18-39 ans,Né Canada,Collégial,Revenus élevés
Ind_1195,-0.453668,-1.911117,-0.327241,Sou_OUI,NSP,POUR,POUR,POUR,CONTRE,POUR,ACCORD,NEUTRE,NEUTRE,PESSIMISTE,OPTIMISTE,POUR,Responsabilité mixte,Economie: privé et public,Féministe: POUR féministe,Féministe: POUR féministe,Risque difficile,QS,NPD,Femme,Francophones,18-39 ans,Né Canada,Collégial,NSP
Ind_1196,2.312543,0.66499,-0.316884,Sou_NON,CONTRE,CONTRE,POUR,CONTRE,CONTRE,CONTRE,ACCORD,ACCORD,PESSIMISTE,PESSIMISTE,PESSIMISTE,CONTRE,Responsabilité individuelle,NSP,Feministre: NEUTRE féministe,Feministre: NEUTRE féministe,Risque facile,PLQ,PLC,Femme,Non francophones,40-59 ans,Né Canada,Collégial,Revenus bas
Ind_1197,-1.306153,0.865941,0.61553,Sou_OUI,POUR,POUR,POUR,POUR,NEUTRE,NEUTRE,DÉSACCORD,DÉSACCORD,NEUTRE,NEUTRE,NSP,CONTRE,Responsabilité individuelle,Economie: neutre,Féministe: POUR féministe,Feministe: CONTRE féministe,Risque facile,PQ,NPD,Homme,Francophones,60 ans et plus,Né Canada,Collégial,Revenus moyens
Ind_1198,-2.737046,1.065995,0.137705,Sou_OUI,POUR,POUR,CONTRE,POUR,POUR,POUR,DÉSACCORD,DÉSACCORD,OPTIMISTE,OPTIMISTE,OPTIMISTE,CONTRE,Responsabilité collective,Economie: privé seulement,Feministre: NEUTRE féministe,Feministre: NEUTRE féministe,Risque facile,PQ,BQ,Femme,Francophones,60 ans et plus,Né Canada,Collégial,Revenus bas
Ind_1199,1.450081,0.299412,-0.735409,Sou_NON,CONTRE,CONTRE,POUR,NEUTRE,CONTRE,CONTRE,ACCORD,DÉSACCORD,NEUTRE,PESSIMISTE,NEUTRE,NEUTRE,Responsabilité individuelle,Economie: privé et public,Féministe: POUR féministe,Féministe: POUR féministe,Risque facile,PCQ,PCC,Homme,Francophones,40-59 ans,Né Canada,Collégial,Revenus moyens
Ind_1200,-1.087181,-0.124678,0.850405,Sou_NON,CONTRE,POUR,CONTRE,POUR,NSP,NEUTRE,NEUTRE,NEUTRE,OPTIMISTE,NEUTRE,OPTIMISTE,POUR,Responsabilité mixte,Economie: privé seulement,Feministre: NEUTRE féministe,Feministre: NEUTRE féministe,Risque difficile,PQ,BQ,Femme,Francophones,60 ans et plus,Né Canada,Collégial,Revenus moyens
Ind_1201,-1.470065,-0.868571,-0.653391,Sou_OUI,POUR,POUR,POUR,POUR,POUR,POUR,ACCORD,ACCORD,OPTIMISTE,OPTIMISTE,NEUTRE,NEUTRE,Responsabilité collective,Economie: privé et public,Feministre: NEUTRE féministe,Féministe: POUR féministe,Risque difficile,QS,PLC,Homme,Francophones,18-39 ans,Né Canada,Collégial,NSP
Ind_1202,1.660628,-0.310349,0.431013,Sou_NON,CONTRE,NSP,POUR,CONTRE,CONTRE,CONTRE,ACCORD,DÉSACCORD,NEUTRE,PESSIMISTE,NEUTRE,NSP,Responsabilité collective,Economie: neutre,Feministre: NEUTRE féministe,Feministre: NEUTRE féministe,Risque difficile,PLQ,Vote fed: NSP,Femme,Francophones,18-39 ans,Né Canada,Universitaire,Revenus moyens
Ind_1203,1.666148,-0.174711,-0.580539,Sou_NON,CONTRE,CONTRE,POUR,CONTRE,CONTRE,CONTRE,NEUTRE,DÉSACCORD,PESSIMISTE,PESSIMISTE,PESSIMISTE,POUR,Responsabilité individuelle,Economie: neutre,Féministe: POUR féministe,Féministe: POUR féministe,Risque facile,PQ,PLC,Femme,Francophones,18-39 ans,Né Canada,Collégial,Revenus bas
Ind_1204,-2.754363,-0.129303,-0.312563,Sou_OUI,POUR,POUR,CONTRE,POUR,POUR,POUR,NSP,DÉSACCORD,OPTIMISTE,OPTIMISTE,OPTIMISTE,CONTRE,Responsabilité collective,Economie: privé et public,Féministe: POUR féministe,NSP,Risque difficile,PQ,BQ,Homme,Francophones,18-39 ans,Né Canada,Collégial,Revenus bas
Ind_1205,-2.207149,-0.45286,-0.711257,Sou_OUI,POUR,POUR,CONTRE,POUR,POUR,POUR,DÉSACCORD,ACCORD,OPTIMISTE,OPTIMISTE,NSP,NEUTRE,Responsabilité mixte,Economie: privé et public,Féministe: POUR féministe,Féministe: POUR féministe,Risque facile,Vote prov: NSP,Vote fed: NSP,Homme,Francophones,60 ans et plus,Né Canada,Universitaire,Revenus bas
Ind_1206,0.588426,0.238252,0.76383,Sou_NON,CONTRE,POUR,POUR,NEUTRE,CONTRE,CONTRE,NEUTRE,NEUTRE,PESSIMISTE,NSP,OPTIMISTE,CONTRE,Responsabilité collective,Economie: privé seulement,Feministre: NEUTRE féministe,Féministe: POUR féministe,Risque facile,PCQ,PCC,Femme,Francophones,60 ans et plus,Né Canada,Secondaire,Revenus bas
Ind_1207,1.526371,0.470617,-0.256554,Sou_NON,CONTRE,CONTRE,POUR,CONTRE,CONTRE,CONTRE,NEUTRE,ACCORD,NEUTRE,PESSIMISTE,NEUTRE,POUR,Responsabilité mixte,Economie: privé et public,Feministre: NEUTRE féministe,Feministre: NEUTRE féministe,Risque difficile,PQ,PLC,Homme,Francophones,60 ans et plus,Né Canada,Collégial,Revenus moyens
Ind_1208,0.049992,-0.361665,-0.320102,Sou_NON,CONTRE,POUR,POUR,NEUTRE,POUR,NEUTRE,ACCORD,ACCORD,PESSIMISTE,PESSIMISTE,OPTIMISTE,NEUTRE,Responsabilité individuelle,Economie: neutre,Féministe: POUR féministe,Féministe: POUR féministe,Risque facile,NSP,BQ,Homme,Francophones,40-59 ans,Né Canada,Universitaire,Revenus élevés
Ind_1209,2.131904,-0.100609,-1.261951,Sou_NON,CONTRE,CONTRE,POUR,CONTRE,CONTRE,CONTRE,ACCORD,DÉSACCORD,NEUTRE,PESSIMISTE,PESSIMISTE,CONTRE,Responsabilité individuelle,Economie: privé et public,Féministe: POUR féministe,Féministe: POUR féministe,Risque facile,PLQ,PLC,Femme,Non francophones,60 ans et plus,Né Canada,Secondaire,NSP
Ind_1210,-1.742489,0.08733,-0.054908,Sou_OUI,POUR,POUR,POUR,POUR,POUR,POUR,DÉSACCORD,DÉSACCORD,OPTIMISTE,NEUTRE,NEUTRE,NEUTRE,Responsabilité mixte,Economie: privé et public,Feministre: NEUTRE féministe,Feministre: NEUTRE féministe,Risque difficile,PQ,PLC,Femme,Francophones,60 ans et plus,Né Canada,Universitaire,Revenus moyens
Ind_1211,0.521792,-1.078673,-0.964143,Sou_NON,CONTRE,CONTRE,CONTRE,POUR,CONTRE,CONTRE,ACCORD,DÉSACCORD,OPTIMISTE,PESSIMISTE,OPTIMISTE,POUR,Responsabilité mixte,Economie: privé et public,Féministe: POUR féministe,Féministe: POUR féministe,Risque difficile,NSP,PLC,Femme,Francophones,40-59 ans,Né Canada,Collégial,Revenus moyens
Ind_1212,0.802458,-1.510083,-0.763899,Sou_NON,CONTRE,CONTRE,POUR,POUR,NEUTRE,NEUTRE,ACCORD,NEUTRE,NEUTRE,PESSIMISTE,NEUTRE,POUR,Responsabilité mixte,Economie: privé et public,Féministe: POUR féministe,Féministe: POUR féministe,Risque facile,PQ,PLC,Femme,Francophones,18-39 ans,Né Canada,Universitaire,Revenus élevés
Ind_1213,0.941565,0.215575,0.044428,Sou_NON,CONTRE,CONTRE,POUR,POUR,CONTRE,CONTRE,ACCORD,DÉSACCORD,OPTIMISTE,PESSIMISTE,OPTIMISTE,CONTRE,Responsabilité mixte,Economie: privé et public,Feministre: NEUTRE féministe,Feministre: NEUTRE féministe,Risque difficile,NSP,PLC,Femme,Francophones,40-59 ans,Né Canada,Collégial,Revenus élevés
Ind_1214,2.197461,0.140245,-1.024776,Sou_NON,CONTRE,CONTRE,POUR,CONTRE,CONTRE,CONTRE,NEUTRE,ACCORD,NEUTRE,PESSIMISTE,PESSIMISTE,NEUTRE,Responsabilité mixte,Economie: privé et public,Feministre: NEUTRE féministe,Féministe: POUR féministe,NSP,PLQ,PLC,Homme,Non francophones,60 ans et plus,Né Ailleurs,Collégial,Revenus moyens
Ind_1215,-0.335131,-1.165468,-0.594924,Sou_NON,CONTRE,POUR,POUR,POUR,CONTRE,POUR,NEUTRE,NEUTRE,OPTIMISTE,OPTIMISTE,OPTIMISTE,POUR,Responsabilité mixte,Economie: neutre,Féministe: POUR féministe,Féministe: POUR féministe,Risque facile,QS,NPD,Femme,Francophones,18-39 ans,Né Ailleurs,Universitaire,Revenus élevés
Ind_1216,1.567055,0.718974,0.456602,Sou_NON,CONTRE,CONTRE,POUR,NSP,NEUTRE,NEUTRE,ACCORD,NEUTRE,PESSIMISTE,PESSIMISTE,PESSIMISTE,CONTRE,Responsabilité individuelle,Economie: neutre,Feministre: NEUTRE féministe,Feministe: CONTRE féministe,Risque difficile,PLQ,PLC,Homme,Non francophones,60 ans et plus,Né Canada,Secondaire,Revenus bas
Ind_1217,0.422721,-1.050805,-0.97039,Sou_NON,CONTRE,NSP,CONTRE,POUR,POUR,NSP,ACCORD,DÉSACCORD,NEUTRE,PESSIMISTE,PESSIMISTE,POUR,Responsabilité mixte,Economie: privé et public,Féministe: POUR féministe,Féministe: POUR féministe,Risque facile,PLQ,Vote fed: NSP,Femme,Non francophones,60 ans et plus,Né Canada,Universitaire,Revenus bas
Ind_1218,-2.787667,1.069392,-0.516307,Sou_OUI,POUR,POUR,CONTRE,POUR,POUR,POUR,NEUTRE,DÉSACCORD,OPTIMISTE,OPTIMISTE,OPTIMISTE,CONTRE,Responsabilité individuelle,Economie: neutre,Feministe: CONTRE féministe,Féministe: POUR féministe,Risque facile,PQ,BQ,Homme,Francophones,60 ans et plus,Né Canada,Universitaire,Revenus bas
Ind_1219,-0.370256,0.294989,0.787254,Sou_NON,CONTRE,POUR,POUR,POUR,POUR,POUR,NEUTRE,ACCORD,PESSIMISTE,NEUTRE,NEUTRE,NEUTRE,Responsabilité individuelle,Economie: privé seulement,Feministre: NEUTRE féministe,Feministre: NEUTRE féministe,Risque difficile,PCQ,BQ,Femme,Francophones,40-59 ans,Né Canada,Secondaire,Revenus moyens
Ind_1220,-2.365586,0.344753,-0.764259,Sou_OUI,POUR,CONTRE,CONTRE,POUR,POUR,POUR,DÉSACCORD,DÉSACCORD,OPTIMISTE,OPTIMISTE,OPTIMISTE,CONTRE,Responsabilité collective,Economie: privé et public,Feministre: NEUTRE féministe,Féministe: POUR féministe,Risque facile,PQ,BQ,Femme,Francophones,60 ans et plus,Né Canada,Collégial,Revenus moyens
Ind_1221,-0.613044,-1.41717,0.780274,Sou_OUI,CONTRE,POUR,POUR,CONTRE,POUR,NEUTRE,ACCORD,NEUTRE,OPTIMISTE,NEUTRE,OPTIMISTE,CONTRE,Responsabilité mixte,Economie: neutre,Féministe: POUR féministe,Féministe: POUR féministe,Risque difficile,NSP,Vote fed: NSP,Femme,Francophones,18-39 ans,Né Canada,Secondaire,Revenus moyens
Ind_1222,1.039352,0.04936,-0.387297,Sou_NON,CONTRE,CONTRE,POUR,NEUTRE,CONTRE,CONTRE,ACCORD,NEUTRE,OPTIMISTE,PESSIMISTE,OPTIMISTE,NEUTRE,Responsabilité individuelle,Economie: privé et public,Feministre: NEUTRE féministe,Féministe: POUR féministe,Risque facile,NSP,Vote fed: NSP,Homme,Francophones,18-39 ans,Né Canada,Collégial,Revenus moyens
Ind_1223,-0.365768,1.362596,-0.222376,Sou_NON,CONTRE,POUR,CONTRE,POUR,CONTRE,CONTRE,DÉSACCORD,DÉSACCORD,OPTIMISTE,PESSIMISTE,OPTIMISTE,CONTRE,Responsabilité individuelle,Economie: neutre,Feministe: CONTRE féministe,Féministe: POUR féministe,Risque facile,PQ,Vote fed: NSP,Homme,Francophones,40-59 ans,Né Canada,Collégial,Revenus élevés
Ind_1224,-1.848218,-0.036894,-1.044539,Sou_OUI,POUR,POUR,POUR,POUR,POUR,POUR,ACCORD,ACCORD,PESSIMISTE,OPTIMISTE,OPTIMISTE,CONTRE,Responsabilité individuelle,Economie: privé seulement,Féministe: POUR féministe,Féministe: POUR féministe,Risque facile,PQ,NPD,Homme,Francophones,18-39 ans,Né Canada,Universitaire,Revenus moyens
Ind_1225,1.684007,1.471685,-0.625955,Sou_NON,CONTRE,CONTRE,POUR,CONTRE,CONTRE,CONTRE,DÉSACCORD,DÉSACCORD,NEUTRE,NEUTRE,PESSIMISTE,CONTRE,Responsabilité individuelle,Economie: privé et public,Feministe: CONTRE féministe,Feministe: CONTRE féministe,Risque difficile,PCQ,PCC,Homme,Non francophones,40-59 ans,Né Ailleurs,Universitaire,Revenus moyens
Ind_1226,-0.279402,1.268714,0.395738,Sou_NON,CONTRE,POUR,POUR,POUR,NEUTRE,CONTRE,NEUTRE,DÉSACCORD,NEUTRE,NEUTRE,OPTIMISTE,CONTRE,Responsabilité mixte,Economie: privé et public,Feministre: NEUTRE féministe,Feministre: NEUTRE féministe,Risque facile,CAQ,BQ,Homme,Francophones,60 ans et plus,Né Canada,Collégial,Revenus moyens
Ind_1227,1.548266,-0.270413,-0.182876,Sou_NON,CONTRE,CONTRE,POUR,NEUTRE,NEUTRE,POUR,ACCORD,DÉSACCORD,NEUTRE,PESSIMISTE,PESSIMISTE,NEUTRE,Responsabilité mixte,Economie: privé et public,Feministre: NEUTRE féministe,Feministre: NEUTRE féministe,Risque difficile,PLQ,PLC,Femme,Non francophones,40-59 ans,Né Ailleurs,Universitaire,Revenus bas
Ind_1228,0.731489,0.978495,0.324141,Sou_NON,CONTRE,NSP,POUR,POUR,CONTRE,CONTRE,NEUTRE,DÉSACCORD,NEUTRE,NEUTRE,NEUTRE,CONTRE,Responsabilité mixte,Economie: privé et public,Feministre: NEUTRE féministe,Feministre: NEUTRE féministe,Risque facile,CAQ,PLC,Homme,Francophones,18-39 ans,Né Canada,Collégial,Revenus élevés
Ind_1229,1.51115,-0.065029,0.275557,Sou_NON,POUR,CONTRE,POUR,CONTRE,CONTRE,CONTRE,NEUTRE,NEUTRE,PESSIMISTE,PESSIMISTE,PESSIMISTE,NEUTRE,Responsabilité individuelle,Economie: privé et public,Feministre: NEUTRE féministe,Feministre: NEUTRE féministe,Risque difficile,NSP,Vote fed: NSP,Femme,Francophones,40-59 ans,Né Ailleurs,Universitaire,NSP
Ind_1230,1.8336,-0.700784,-0.042872,Sou_NON,CONTRE,CONTRE,POUR,CONTRE,NEUTRE,CONTRE,NEUTRE,NSP,NEUTRE,PESSIMISTE,PESSIMISTE,NEUTRE,Responsabilité mixte,Economie: privé et public,NSP,Féministe: POUR féministe,Risque facile,Vote prov: NSP,Vote fed: NSP,Femme,Non francophones,40-59 ans,Né Canada,Universitaire,Revenus bas
Ind_1231,0.909592,-0.977538,0.365933,Sou_NON,CONTRE,POUR,POUR,NSP,POUR,NSP,ACCORD,ACCORD,NEUTRE,PESSIMISTE,PESSIMISTE,CONTRE,Responsabilité mixte,Economie: privé et public,Féministe: POUR féministe,Feministe: CONTRE féministe,Risque difficile,NSP,Vote fed: NSP,Femme,Non francophones,60 ans et plus,Né Ailleurs,Secondaire,Revenus bas
Ind_1232,-2.551656,1.248282,0.050157,Sou_OUI,POUR,POUR,CONTRE,POUR,POUR,POUR,DÉSACCORD,DÉSACCORD,OPTIMISTE,NEUTRE,OPTIMISTE,CONTRE,Responsabilité mixte,Economie: privé seulement,Feministe: CONTRE féministe,Feministe: CONTRE féministe,Risque difficile,PQ,BQ,Homme,Non francophones,60 ans et plus,Né Canada,Secondaire,Revenus bas
Ind_1233,1.376155,0.281612,-0.328064,Sou_NON,CONTRE,POUR,POUR,CONTRE,CONTRE,CONTRE,ACCORD,DÉSACCORD,PESSIMISTE,PESSIMISTE,PESSIMISTE,POUR,Responsabilité collective,Economie: privé et public,Feministre: NEUTRE féministe,Feministre: NEUTRE féministe,Risque difficile,QS,PVQ,Homme,Francophones,18-39 ans,Né Canada,Collégial,NSP
Ind_1234,-2.097562,0.767855,-0.015593,Sou_OUI,POUR,POUR,POUR,POUR,POUR,POUR,DÉSACCORD,DÉSACCORD,NEUTRE,NEUTRE,OPTIMISTE,NEUTRE,Responsabilité mixte,Economie: neutre,Féministe: POUR féministe,Feministre: NEUTRE féministe,Risque facile,PQ,BQ,Homme,Francophones,40-59 ans,Né Canada,Secondaire,Revenus moyens
Ind_1235,-1.59892,-0.288459,0.718897,Sou_NSP,POUR,POUR,POUR,POUR,NEUTRE,POUR,DÉSACCORD,DÉSACCORD,NEUTRE,NEUTRE,OPTIMISTE,CONTRE,Responsabilité mixte,Economie: privé et public,Feministre: NEUTRE féministe,Féministe: POUR féministe,Risque difficile,PQ,BQ,Femme,Francophones,60 ans et plus,Né Canada,Collégial,NSP
Ind_1236,1.155135,-1.603132,1.775509,Sou_NSP,CONTRE,NSP,POUR,CONTRE,NSP,NSP,NSP,NSP,NSP,PESSIMISTE,NSP,NEUTRE,NSP,NSP,NSP,NSP,Risque difficile,NSP,Vote fed: NSP,Femme,Non francophones,18-39 ans,Né Ailleurs,Universitaire,NSP
Ind_1237,1.792851,-0.26067,-0.532853,Sou_NON,CONTRE,CONTRE,POUR,CONTRE,CONTRE,CONTRE,ACCORD,ACCORD,PESSIMISTE,PESSIMISTE,PESSIMISTE,NEUTRE,Responsabilité collective,Economie: privé et public,Feministre: NEUTRE féministe,Feministre: NEUTRE féministe,Risque difficile,PQ,PLC,Femme,Francophones,60 ans et plus,Né Canada,Collégial,Revenus moyens
Ind_1238,-1.15695,-0.376221,-0.558753,Sou_OUI,POUR,CONTRE,CONTRE,CONTRE,NEUTRE,NEUTRE,ACCORD,ACCORD,NEUTRE,OPTIMISTE,OPTIMISTE,CONTRE,Responsabilité collective,Economie: privé seulement,Féministe: POUR féministe,Féministe: POUR féministe,Risque facile,PQ,BQ,Homme,Francophones,18-39 ans,Né Canada,Collégial,Revenus moyens
Ind_1239,-2.025626,-0.499276,1.014338,Sou_OUI,POUR,POUR,CONTRE,POUR,NSP,POUR,NSP,NSP,NEUTRE,NSP,OPTIMISTE,CONTRE,Responsabilité mixte,NSP,Feministre: NEUTRE féministe,Féministe: POUR féministe,NSP,PQ,BQ,Femme,Francophones,60 ans et plus,Né Canada,Secondaire,Revenus bas
Ind_1240,2.135862,-0.401434,-0.820348,Sou_NON,CONTRE,CONTRE,POUR,CONTRE,CONTRE,CONTRE,ACCORD,DÉSACCORD,NEUTRE,PESSIMISTE,PESSIMISTE,CONTRE,Responsabilité collective,Economie: privé seulement,Féministe: POUR féministe,Féministe: POUR féministe,Risque difficile,PLQ,PLC,Femme,Non francophones,60 ans et plus,Né Canada,Secondaire,Revenus bas
Ind_1241,1.932101,1.566023,-0.289358,Sou_NON,CONTRE,CONTRE,POUR,CONTRE,CONTRE,CONTRE,DÉSACCORD,DÉSACCORD,PESSIMISTE,PESSIMISTE,PESSIMISTE,CONTRE,Responsabilité individuelle,Economie: privé et public,Feministe: CONTRE féministe,NSP,Risque difficile,PCQ,PCC,Homme,Non francophones,40-59 ans,Né Canada,Collégial,Revenus moyens
Ind_1242,1.601379,-0.457426,-0.326216,Sou_NON,CONTRE,CONTRE,POUR,CONTRE,CONTRE,CONTRE,ACCORD,NEUTRE,NEUTRE,NEUTRE,NEUTRE,CONTRE,Responsabilité mixte,Economie: privé et public,Féministe: POUR féministe,Feministre: NEUTRE féministe,Risque facile,PLQ,PLC,Femme,Francophones,18-39 ans,Né Canada,Collégial,Revenus élevés
Ind_1243,-2.40467,1.199225,-0.145643,Sou_OUI,POUR,POUR,CONTRE,POUR,POUR,POUR,NEUTRE,NEUTRE,NEUTRE,OPTIMISTE,OPTIMISTE,CONTRE,Responsabilité individuelle,Economie: privé et public,Feministre: NEUTRE féministe,Feministre: NEUTRE féministe,Risque facile,PQ,BQ,Homme,Francophones,40-59 ans,Né Canada,Secondaire,Revenus moyens
Ind_1244,1.110057,-1.039009,0.628294,Sou_NON,CONTRE,NSP,POUR,NEUTRE,NEUTRE,CONTRE,NSP,DÉSACCORD,NEUTRE,PESSIMISTE,NEUTRE,CONTRE,Responsabilité collective,Economie: privé et public,Féministe: POUR féministe,Féministe: POUR féministe,Risque difficile,NSP,PLC,Femme,Francophones,60 ans et plus,Né Canada,Collégial,Revenus bas
Ind_1245,-2.61203,-0.497652,-0.053761,Sou_OUI,POUR,POUR,CONTRE,POUR,POUR,POUR,NEUTRE,NEUTRE,OPTIMISTE,OPTIMISTE,OPTIMISTE,CONTRE,Responsabilité individuelle,Economie: privé seulement,Féministe: POUR féministe,Féministe: POUR féministe,Risque difficile,PQ,BQ,Femme,Francophones,60 ans et plus,Né Canada,Collégial,NSP
Ind_1246,-2.579618,-1.072176,-0.104557,Sou_OUI,POUR,POUR,CONTRE,POUR,POUR,POUR,NEUTRE,ACCORD,OPTIMISTE,NEUTRE,OPTIMISTE,NEUTRE,Responsabilité mixte,Economie: privé seulement,Féministe: POUR féministe,Féministe: POUR féministe,Risque difficile,PQ,BQ,Femme,Francophones,60 ans et plus,Né Canada,Collégial,Revenus bas
Ind_1247,1.328611,-1.29833,0.16421,Sou_NON,CONTRE,POUR,POUR,CONTRE,CONTRE,CONTRE,ACCORD,NEUTRE,NEUTRE,NSP,PESSIMISTE,CONTRE,NSP,NSP,Féministe: POUR féministe,Féministe: POUR féministe,Risque difficile,QS,PLC,Femme,Francophones,18-39 ans,Né Canada,Collégial,Revenus bas
Ind_1248,-0.812832,-0.478194,-0.14684,Sou_NON,POUR,POUR,CONTRE,NEUTRE,NEUTRE,NEUTRE,NEUTRE,ACCORD,OPTIMISTE,NEUTRE,OPTIMISTE,POUR,Responsabilité collective,Economie: privé et public,Féministe: POUR féministe,Feministre: NEUTRE féministe,Risque facile,Vote prov: NSP,Vote fed: NSP,Homme,Non francophones,18-39 ans,Né Ailleurs,Collégial,Revenus moyens
Ind_1249,1.438435,0.802869,1.115493,Sou_NON,CONTRE,NSP,POUR,CONTRE,CONTRE,NSP,DÉSACCORD,NSP,PESSIMISTE,PESSIMISTE,PESSIMISTE,CONTRE,Responsabilité mixte,Economie: privé seulement,Feministe: CONTRE féministe,Feministre: NEUTRE féministe,Risque facile,PCQ,PCC,Femme,Francophones,18-39 ans,Né Canada,Secondaire,Revenus bas
Ind_1250,-0.795995,-0.480495,0.792777,Sou_OUI,POUR,CONTRE,POUR,NEUTRE,POUR,NEUTRE,NEUTRE,ACCORD,OPTIMISTE,NEUTRE,NEUTRE,POUR,Responsabilité individuelle,Economie: neutre,Féministe: POUR féministe,Feministre: NEUTRE féministe,Risque difficile,PQ,PCC,Femme,Francophones,40-59 ans,Né Canada,Collégial,Revenus bas
Ind_1251,-2.159688,-0.322944,-1.637266,Sou_OUI,POUR,CONTRE,CONTRE,POUR,POUR,POUR,DÉSACCORD,DÉSACCORD,OPTIMISTE,OPTIMISTE,OPTIMISTE,POUR,Responsabilité collective,Economie: privé et public,Féministe: POUR féministe,Féministe: POUR féministe,Risque difficile,PQ,PLC,Homme,Francophones,60 ans et plus,Né Canada,Universitaire,NSP
Ind_1252,-1.555848,1.183368,-0.091374,Sou_NSP,CONTRE,POUR,CONTRE,POUR,POUR,NEUTRE,DÉSACCORD,DÉSACCORD,OPTIMISTE,NSP,OPTIMISTE,CONTRE,Responsabilité individuelle,Economie: privé et public,Feministre: NEUTRE féministe,Feministe: CONTRE féministe,Risque facile,PQ,PLC,Homme,Francophones,60 ans et plus,Né Canada,Universitaire,Revenus bas
Ind_1253,-2.766165,0.61808,-0.677452,Sou_OUI,POUR,POUR,CONTRE,POUR,POUR,POUR,DÉSACCORD,DÉSACCORD,OPTIMISTE,NEUTRE,OPTIMISTE,NEUTRE,Responsabilité individuelle,Economie: privé seulement,Féministe: POUR féministe,Féministe: POUR féministe,Risque facile,PQ,BQ,Homme,Francophones,40-59 ans,Né Canada,Collégial,Revenus bas
Ind_1254,-1.688109,0.979534,-0.060371,Sou_OUI,POUR,CONTRE,CONTRE,POUR,POUR,POUR,DÉSACCORD,DÉSACCORD,OPTIMISTE,OPTIMISTE,OPTIMISTE,CONTRE,Responsabilité collective,Economie: privé seulement,Feministre: NEUTRE féministe,Feministre: NEUTRE féministe,Risque facile,Vote prov: NSP,NSP,Femme,Non francophones,40-59 ans,Né Canada,Collégial,NSP
Ind_1255,-0.890787,0.942612,0.491702,Sou_NON,POUR,POUR,POUR,POUR,POUR,POUR,DÉSACCORD,NEUTRE,NEUTRE,PESSIMISTE,NEUTRE,POUR,Responsabilité individuelle,Economie: neutre,Feministre: NEUTRE féministe,Feministre: NEUTRE féministe,Risque difficile,PQ,BQ,Homme,Francophones,40-59 ans,Né Canada,Collégial,Revenus bas
Ind_1256,1.252476,-0.938608,0.513816,Sou_NON,CONTRE,CONTRE,POUR,CONTRE,NEUTRE,CONTRE,NSP,ACCORD,OPTIMISTE,PESSIMISTE,NSP,CONTRE,Responsabilité mixte,Economie: neutre,Féministe: POUR féministe,Féministe: POUR féministe,Risque difficile,CAQ,PLC,Femme,Francophones,60 ans et plus,Né Canada,Secondaire,NSP
Ind_1257,-1.128024,0.707867,1.87152,Sou_OUI,POUR,POUR,NSP,POUR,NEUTRE,NEUTRE,NEUTRE,DÉSACCORD,NEUTRE,NSP,NEUTRE,CONTRE,Responsabilité mixte,Economie: neutre,Feministre: NEUTRE féministe,Feministre: NEUTRE féministe,Risque facile,Vote prov: NSP,Vote fed: NSP,Homme,Francophones,18-39 ans,Né Canada,Secondaire,Revenus bas
Ind_1258,-2.307247,1.314719,0.173067,Sou_OUI,POUR,POUR,POUR,POUR,POUR,POUR,ACCORD,DÉSACCORD,OPTIMISTE,OPTIMISTE,OPTIMISTE,CONTRE,Responsabilité individuelle,Economie: privé seulement,Feministre: NEUTRE féministe,Feministre: NEUTRE féministe,Risque difficile,PQ,BQ,Homme,Francophones,60 ans et plus,Né Canada,Collégial,Revenus bas
Ind_1259,1.230929,0.811739,-0.65386,Sou_NON,CONTRE,CONTRE,POUR,CONTRE,CONTRE,CONTRE,DÉSACCORD,NEUTRE,OPTIMISTE,PESSIMISTE,NEUTRE,POUR,Responsabilité collective,Economie: privé et public,Feministre: NEUTRE féministe,Feministe: CONTRE féministe,Risque facile,PLQ,BQ,Homme,Francophones,40-59 ans,Né Canada,Collégial,Revenus bas
Ind_1260,1.873536,0.525177,-0.245638,Sou_NON,CONTRE,CONTRE,POUR,CONTRE,CONTRE,CONTRE,ACCORD,ACCORD,OPTIMISTE,PESSIMISTE,PESSIMISTE,CONTRE,Responsabilité individuelle,Economie: neutre,Feministe: CONTRE féministe,Feministre: NEUTRE féministe,Risque facile,PLQ,PLC,Femme,Francophones,18-39 ans,Né Canada,Collégial,Revenus bas
Ind_1261,1.49436,0.58129,0.465592,Sou_NON,CONTRE,CONTRE,POUR,CONTRE,CONTRE,CONTRE,DÉSACCORD,DÉSACCORD,NEUTRE,PESSIMISTE,NEUTRE,NEUTRE,Responsabilité individuelle,Economie: neutre,Feministe: CONTRE féministe,Feministre: NEUTRE féministe,Risque difficile,PQ,PVQ,Femme,Francophones,18-39 ans,Né Canada,Collégial,Revenus moyens
Ind_1262,1.545499,0.233627,0.34968,Sou_NON,CONTRE,NSP,POUR,NEUTRE,CONTRE,CONTRE,NEUTRE,DÉSACCORD,NEUTRE,PESSIMISTE,PESSIMISTE,CONTRE,Responsabilité collective,Economie: neutre,Féministe: POUR féministe,Feministre: NEUTRE féministe,Risque facile,PLQ,PLC,Femme,Francophones,60 ans et plus,Né Canada,Collégial,Revenus bas
Ind_1263,-1.405646,1.610126,-0.006365,Sou_OUI,POUR,POUR,POUR,POUR,POUR,POUR,DÉSACCORD,DÉSACCORD,NEUTRE,NEUTRE,NEUTRE,CONTRE,Responsabilité individuelle,Economie: privé seulement,Feministe: CONTRE féministe,Feministe: CONTRE féministe,Risque facile,CAQ,PCC,Homme,Francophones,18-39 ans,Né Canada,Universitaire,Revenus moyens
Ind_1264,-0.176121,-0.540929,1.804274,Sou_NSP,NSP,NSP,NSP,NEUTRE,CONTRE,NEUTRE,ACCORD,ACCORD,PESSIMISTE,PESSIMISTE,OPTIMISTE,CONTRE,Responsabilité mixte,Economie: neutre,Feministre: NEUTRE féministe,Feministre: NEUTRE féministe,Risque difficile,PQ,BQ,Femme,Francophones,60 ans et plus,Né Canada,Collégial,NSP
Ind_1265,-2.479738,-0.201366,-0.546618,Sou_OUI,POUR,POUR,CONTRE,POUR,POUR,POUR,ACCORD,DÉSACCORD,OPTIMISTE,NEUTRE,OPTIMISTE,CONTRE,Responsabilité collective,Economie: privé et public,Féministe: POUR féministe,Feministre: NEUTRE féministe,Risque facile,PQ,PVQ,Femme,Francophones,60 ans et plus,Né Canada,Collégial,NSP
Ind_1266,-0.957554,-1.228354,-0.156643,Sou_NSP,POUR,POUR,CONTRE,POUR,CONTRE,NEUTRE,ACCORD,DÉSACCORD,NSP,NSP,NEUTRE,CONTRE,Responsabilité collective,Economie: privé et public,Féministe: POUR féministe,Féministe: POUR féministe,Risque facile,PQ,PLC,Femme,Francophones,18-39 ans,Né Canada,Collégial,Revenus élevés
Ind_1267,0.09258,-0.809471,0.658107,Sou_NSP,CONTRE,NSP,POUR,POUR,NEUTRE,NEUTRE,NSP,DÉSACCORD,NSP,NSP,NEUTRE,NSP,NSP,Economie: privé et public,Féministe: POUR féministe,Féministe: POUR féministe,NSP,PLQ,PLC,Homme,Francophones,40-59 ans,Né Canada,Collégial,Revenus bas
Ind_1268,-2.632816,0.069453,-0.890497,Sou_OUI,POUR,POUR,CONTRE,POUR,POUR,POUR,DÉSACCORD,DÉSACCORD,OPTIMISTE,OPTIMISTE,OPTIMISTE,CONTRE,Responsabilité collective,Economie: privé et public,Féministe: POUR féministe,Féministe: POUR féministe,Risque difficile,PQ,PLC,Homme,Francophones,60 ans et plus,Né Canada,Secondaire,Revenus bas
Ind_1269,0.461153,0.653957,2.118235,Sou_NON,NSP,NSP,POUR,NSP,NSP,NSP,NSP,DÉSACCORD,NSP,NSP,NSP,CONTRE,Responsabilité individuelle,Economie: neutre,Feministre: NEUTRE féministe,Feministre: NEUTRE féministe,NSP,NSP,Vote fed: NSP,Homme,Non francophones,60 ans et plus,Né Ailleurs,Collégial,Revenus bas
Ind_1270,1.687539,-0.363718,-0.781494,Sou_NON,CONTRE,CONTRE,POUR,CONTRE,NEUTRE,CONTRE,ACCORD,DÉSACCORD,PESSIMISTE,PESSIMISTE,PESSIMISTE,POUR,Responsabilité individuelle,Economie: neutre,Féministe: POUR féministe,Féministe: POUR féministe,Risque facile,NSP,PLC,Femme,Francophones,60 ans et plus,Né Canada,Universitaire,Revenus moyens
Ind_1271,-1.669074,0.922173,0.338748,Sou_OUI,POUR,POUR,CONTRE,POUR,POUR,POUR,ACCORD,DÉSACCORD,PESSIMISTE,OPTIMISTE,NEUTRE,CONTRE,Responsabilité individuelle,Economie: privé seulement,Feministe: CONTRE féministe,Feministe: CONTRE féministe,Risque facile,NSP,PCC,Femme,Francophones,60 ans et plus,Né Canada,Secondaire,Revenus moyens
Ind_1272,-0.010398,-0.455829,0.022994,Sou_NON,CONTRE,POUR,POUR,POUR,POUR,CONTRE,ACCORD,ACCORD,OPTIMISTE,PESSIMISTE,OPTIMISTE,CONTRE,Responsabilité individuelle,Economie: privé et public,Feministe: CONTRE féministe,Féministe: POUR féministe,Risque difficile,NSP,Vote fed: NSP,Femme,Francophones,60 ans et plus,Né Canada,Secondaire,Revenus bas
Ind_1273,-0.674336,-0.560671,1.261678,Sou_NSP,NSP,NSP,NSP,POUR,NSP,POUR,NSP,NSP,NSP,NEUTRE,NSP,NSP,Responsabilité individuelle,Economie: privé et public,NSP,NSP,Risque facile,NSP,Vote fed: NSP,Homme,Francophones,18-39 ans,Né Canada,Universitaire,Revenus élevés
Ind_1274,0.805747,0.23414,0.171051,Sou_OUI,CONTRE,CONTRE,POUR,NEUTRE,NSP,CONTRE,NEUTRE,NEUTRE,PESSIMISTE,OPTIMISTE,NEUTRE,NEUTRE,Responsabilité collective,Economie: neutre,Feministre: NEUTRE féministe,Feministre: NEUTRE féministe,Risque difficile,PLQ,NPD,Homme,Non francophones,40-59 ans,Né Ailleurs,Universitaire,Revenus moyens
Ind_1275,1.55145,1.696732,0.267916,Sou_NON,CONTRE,CONTRE,POUR,CONTRE,NEUTRE,CONTRE,NSP,DÉSACCORD,PESSIMISTE,PESSIMISTE,PESSIMISTE,CONTRE,Responsabilité individuelle,Economie: neutre,Feministre: NEUTRE féministe,Feministe: CONTRE féministe,Risque facile,CAQ,PLC,Homme,Francophones,60 ans et plus,Né Canada,Collégial,Revenus moyens
Ind_1276,2.105283,-0.301729,-1.625768,Sou_NON,CONTRE,CONTRE,POUR,CONTRE,CONTRE,CONTRE,ACCORD,ACCORD,PESSIMISTE,PESSIMISTE,PESSIMISTE,CONTRE,Responsabilité collective,Economie: privé et public,Féministe: POUR féministe,Féministe: POUR féministe,Risque facile,PLQ,PLC,Homme,Non francophones,18-39 ans,Né Canada,Collégial,Revenus bas
Ind_1277,0.23686,1.831566,0.142966,Sou_NON,CONTRE,CONTRE,POUR,POUR,CONTRE,CONTRE,DÉSACCORD,DÉSACCORD,OPTIMISTE,PESSIMISTE,OPTIMISTE,CONTRE,Responsabilité individuelle,Economie: privé seulement,Feministre: NEUTRE féministe,Feministre: NEUTRE féministe,Risque difficile,PQ,BQ,Homme,Francophones,40-59 ans,Né Canada,Collégial,Revenus bas
Ind_1278,0.612364,0.850697,-0.353378,Sou_NON,CONTRE,POUR,POUR,NEUTRE,CONTRE,POUR,ACCORD,DÉSACCORD,PESSIMISTE,NEUTRE,PESSIMISTE,POUR,Responsabilité mixte,Economie: privé et public,Feministre: NEUTRE féministe,Feministre: NEUTRE féministe,Risque facile,PLQ,PLC,Homme,Francophones,60 ans et plus,Né Canada,Secondaire,Revenus élevés
Ind_1279,-2.215299,-0.132055,0.489603,Sou_NSP,POUR,POUR,CONTRE,POUR,POUR,POUR,DÉSACCORD,DÉSACCORD,OPTIMISTE,OPTIMISTE,OPTIMISTE,CONTRE,Responsabilité collective,Economie: privé et public,NSP,NSP,NSP,NSP,BQ,Femme,Francophones,40-59 ans,Né Canada,Collégial,NSP
Ind_1280,0.561208,0.751515,1.468263,Sou_NON,CONTRE,POUR,POUR,NEUTRE,CONTRE,NEUTRE,NEUTRE,DÉSACCORD,OPTIMISTE,PESSIMISTE,NEUTRE,CONTRE,Responsabilité collective,Economie: neutre,Feministe: CONTRE féministe,Feministre: NEUTRE féministe,Risque difficile,NSP,Vote fed: NSP,Homme,Francophones,40-59 ans,Né Canada,Secondaire,Revenus bas
Ind_1281,1.23505,-0.557128,0.18506,Sou_NON,CONTRE,CONTRE,POUR,CONTRE,NEUTRE,CONTRE,DÉSACCORD,NEUTRE,NEUTRE,NEUTRE,PESSIMISTE,NEUTRE,Responsabilité collective,Economie: privé seulement,Féministe: POUR féministe,Féministe: POUR féministe,Risque difficile,PCQ,PCC,Femme,Francophones,60 ans et plus,Né Canada,Secondaire,Revenus bas
Ind_1282,0.879871,1.157838,0.560564,Sou_NON,CONTRE,POUR,POUR,POUR,CONTRE,CONTRE,NEUTRE,NEUTRE,PESSIMISTE,PESSIMISTE,NEUTRE,CONTRE,Responsabilité mixte,Economie: privé seulement,Feministre: NEUTRE féministe,Feministre: NEUTRE féministe,Risque facile,CAQ,PLC,Homme,Francophones,18-39 ans,Né Canada,Collégial,Revenus bas
Ind_1283,-0.516576,-1.020255,1.079213,Sou_NSP,CONTRE,POUR,CONTRE,POUR,NEUTRE,NEUTRE,NEUTRE,NEUTRE,NSP,NSP,NSP,NEUTRE,Responsabilité individuelle,Economie: privé et public,Feministre: NEUTRE féministe,Féministe: POUR féministe,Risque facile,NSP,Vote fed: NSP,Femme,Francophones,60 ans et plus,Né Canada,Universitaire,NSP
Ind_1284,0.238027,0.418203,0.605394,Sou_NON,POUR,CONTRE,POUR,NEUTRE,POUR,POUR,NSP,NSP,PESSIMISTE,PESSIMISTE,NSP,CONTRE,Responsabilité individuelle,Economie: privé seulement,NSP,NSP,Risque difficile,CAQ,PLC,Homme,Francophones,18-39 ans,Né Canada,Universitaire,Revenus moyens
Ind_1285,0.673456,0.711202,-0.263866,Sou_NON,CONTRE,CONTRE,POUR,POUR,CONTRE,CONTRE,DÉSACCORD,ACCORD,OPTIMISTE,PESSIMISTE,OPTIMISTE,POUR,Responsabilité mixte,Economie: privé et public,Feministre: NEUTRE féministe,Feministre: NEUTRE féministe,Risque facile,Vote prov: NSP,Vote fed: NSP,Homme,Francophones,18-39 ans,Né Canada,Collégial,Revenus bas
Ind_1286,0.470239,-1.293724,1.960187,Sou_NON,CONTRE,POUR,POUR,NEUTRE,NEUTRE,NEUTRE,NSP,NSP,NSP,NSP,NSP,NEUTRE,Responsabilité mixte,Economie: neutre,Feministre: NEUTRE féministe,Féministe: POUR féministe,Risque facile,NSP,Vote fed: NSP,Femme,Francophones,18-39 ans,Né Canada,Universitaire,NSP
Ind_1287,-2.779637,1.449167,0.065941,Sou_OUI,POUR,POUR,CONTRE,POUR,POUR,POUR,DÉSACCORD,DÉSACCORD,OPTIMISTE,NEUTRE,OPTIMISTE,CONTRE,Responsabilité collective,Economie: neutre,Feministre: NEUTRE féministe,Feministre: NEUTRE féministe,Risque facile,PQ,BQ,Homme,Francophones,60 ans et plus,Né Canada,Collégial,NSP
Ind_1288,1.838486,-0.605403,0.063194,Sou_NON,CONTRE,CONTRE,POUR,CONTRE,CONTRE,CONTRE,ACCORD,NEUTRE,NEUTRE,PESSIMISTE,NEUTRE,NEUTRE,Responsabilité mixte,Economie: neutre,Féministe: POUR féministe,Feministre: NEUTRE féministe,Risque facile,QS,PLC,Femme,Francophones,18-39 ans,Né Canada,Collégial,Revenus bas
Ind_1289,-2.033564,1.045686,-0.831026,Sou_OUI,POUR,POUR,POUR,POUR,POUR,POUR,ACCORD,DÉSACCORD,OPTIMISTE,OPTIMISTE,OPTIMISTE,POUR,Responsabilité individuelle,Economie: privé et public,Feministe: CONTRE féministe,Feministre: NEUTRE féministe,Risque facile,PQ,PLC,Homme,Francophones,60 ans et plus,Né Canada,Secondaire,Revenus bas
Ind_1290,-1.019491,0.173342,0.523578,Sou_NON,POUR,POUR,NSP,POUR,NSP,NEUTRE,NEUTRE,NEUTRE,NEUTRE,OPTIMISTE,OPTIMISTE,CONTRE,Responsabilité mixte,Economie: privé et public,Feministre: NEUTRE féministe,Feministre: NEUTRE féministe,NSP,PQ,PLC,Homme,Francophones,18-39 ans,Né Canada,Universitaire,NSP
Ind_1291,-0.469664,0.049559,-1.357236,Sou_NSP,NSP,CONTRE,POUR,POUR,POUR,CONTRE,NEUTRE,DÉSACCORD,OPTIMISTE,PESSIMISTE,OPTIMISTE,POUR,Responsabilité individuelle,Economie: privé et public,Féministe: POUR féministe,Féministe: POUR féministe,Risque facile,PQ,PLC,Homme,Francophones,40-59 ans,Né Canada,Universitaire,Revenus élevés
Ind_1292,-2.139177,-1.23457,-1.07081,Sou_OUI,POUR,POUR,CONTRE,POUR,POUR,POUR,DÉSACCORD,NEUTRE,NEUTRE,OPTIMISTE,OPTIMISTE,NEUTRE,Responsabilité collective,Economie: privé et public,Féministe: POUR féministe,Féministe: POUR féministe,Risque difficile,PQ,PLC,Femme,Francophones,60 ans et plus,Né Canada,Universitaire,Revenus moyens
Ind_1293,-2.761212,-0.055809,-0.638995,Sou_OUI,POUR,POUR,CONTRE,POUR,POUR,POUR,NEUTRE,DÉSACCORD,OPTIMISTE,NEUTRE,OPTIMISTE,CONTRE,Responsabilité mixte,Economie: privé et public,Féministe: POUR féministe,Féministe: POUR féministe,Risque facile,PQ,BQ,Homme,Francophones,18-39 ans,Né Canada,Collégial,NSP
Ind_1294,1.42862,-1.159203,0.568321,Sou_NON,CONTRE,NSP,POUR,NEUTRE,NEUTRE,CONTRE,NEUTRE,DÉSACCORD,NEUTRE,PESSIMISTE,NSP,POUR,Responsabilité individuelle,Economie: privé et public,Féministe: POUR féministe,NSP,Risque difficile,NSP,Vote fed: NSP,Femme,Non francophones,18-39 ans,Né Ailleurs,Universitaire,NSP
Ind_1295,-2.272502,-0.518334,-0.999209,Sou_OUI,POUR,POUR,CONTRE,POUR,POUR,NEUTRE,NSP,NEUTRE,OPTIMISTE,OPTIMISTE,OPTIMISTE,NSP,Responsabilité collective,Economie: privé et public,Féministe: POUR féministe,Féministe: POUR féministe,Risque facile,PQ,BQ,Homme,Non francophones,40-59 ans,Né Canada,Collégial,Revenus élevés
Ind_1296,-2.534923,-0.095523,-0.416208,Sou_NSP,POUR,POUR,CONTRE,POUR,POUR,POUR,DÉSACCORD,DÉSACCORD,OPTIMISTE,OPTIMISTE,OPTIMISTE,CONTRE,Responsabilité mixte,Economie: privé seulement,Féministe: POUR féministe,Féministe: POUR féministe,Risque facile,PQ,BQ,Femme,Francophones,40-59 ans,Né Canada,Universitaire,Revenus moyens
Ind_1297,-2.686991,-0.521252,-0.711722,Sou_OUI,POUR,POUR,CONTRE,POUR,POUR,POUR,DÉSACCORD,ACCORD,OPTIMISTE,OPTIMISTE,OPTIMISTE,CONTRE,Responsabilité mixte,Economie: privé et public,Féministe: POUR féministe,Féministe: POUR féministe,Risque facile,PQ,BQ,Femme,Francophones,40-59 ans,Né Canada,Secondaire,Revenus moyens
Ind_1298,1.497943,1.283965,0.699554,Sou_NON,CONTRE,CONTRE,POUR,CONTRE,CONTRE,CONTRE,ACCORD,NSP,NSP,NSP,PESSIMISTE,CONTRE,Responsabilité individuelle,Economie: privé seulement,Feministre: NEUTRE féministe,Feministre: NEUTRE féministe,Risque difficile,PCQ,PCC,Homme,Francophones,60 ans et plus,Né Canada,Secondaire,Revenus bas
Ind_1299,-1.175485,-0.461127,0.003352,Sou_OUI,CONTRE,POUR,POUR,POUR,POUR,POUR,NEUTRE,NEUTRE,NEUTRE,OPTIMISTE,NEUTRE,NEUTRE,Responsabilité mixte,Economie: privé seulement,Féministe: POUR féministe,Feministre: NEUTRE féministe,Risque facile,PQ,BQ,Femme,Francophones,18-39 ans,Né Canada,Universitaire,Revenus moyens
Ind_1300,-0.692764,0.083499,-1.510569,Sou_OUI,POUR,CONTRE,CONTRE,POUR,CONTRE,CONTRE,DÉSACCORD,DÉSACCORD,OPTIMISTE,OPTIMISTE,OPTIMISTE,POUR,Responsabilité collective,Economie: neutre,Féministe: POUR féministe,Féministe: POUR féministe,Risque facile,PLQ,PLC,Homme,Non francophones,18-39 ans,Né Ailleurs,Collégial,Revenus bas
Ind_1301,1.769688,0.549696,-0.14048,Sou_NON,CONTRE,POUR,POUR,CONTRE,CONTRE,CONTRE,ACCORD,NEUTRE,NEUTRE,PESSIMISTE,PESSIMISTE,CONTRE,Responsabilité individuelle,Economie: privé et public,Feministre: NEUTRE féministe,Feministre: NEUTRE féministe,Risque facile,NSP,PLC,Femme,Non francophones,60 ans et plus,Né Canada,Secondaire,Revenus bas
Ind_1302,-2.262629,-0.518726,-0.274781,Sou_OUI,POUR,POUR,POUR,POUR,POUR,POUR,ACCORD,NEUTRE,OPTIMISTE,OPTIMISTE,OPTIMISTE,CONTRE,Responsabilité mixte,Economie: privé seulement,Féministe: POUR féministe,Féministe: POUR féministe,Risque facile,PQ,BQ,Femme,Francophones,60 ans et plus,Né Canada,Secondaire,Revenus bas
Ind_1303,-2.839471,1.32762,-0.449473,Sou_OUI,POUR,POUR,CONTRE,POUR,POUR,POUR,DÉSACCORD,DÉSACCORD,OPTIMISTE,OPTIMISTE,OPTIMISTE,CONTRE,Responsabilité mixte,Economie: privé et public,Feministre: NEUTRE féministe,Feministre: NEUTRE féministe,Risque facile,PQ,BQ,Homme,Francophones,60 ans et plus,Né Canada,Universitaire,NSP
Ind_1304,-2.534725,-0.040992,-0.418703,Sou_OUI,POUR,POUR,CONTRE,POUR,POUR,POUR,DÉSACCORD,DÉSACCORD,OPTIMISTE,OPTIMISTE,OPTIMISTE,CONTRE,Responsabilité collective,Economie: privé et public,Féministe: POUR féministe,Feministre: NEUTRE féministe,Risque difficile,PQ,PCC,Femme,Francophones,40-59 ans,Né Canada,Universitaire,Revenus bas
Ind_1305,0.912971,0.721325,1.565559,Sou_NON,CONTRE,POUR,POUR,NEUTRE,NEUTRE,CONTRE,NEUTRE,NEUTRE,PESSIMISTE,PESSIMISTE,NEUTRE,CONTRE,Responsabilité mixte,Economie: neutre,Feministre: NEUTRE féministe,Feministre: NEUTRE féministe,Risque difficile,NSP,PLC,Homme,Francophones,60 ans et plus,Né Canada,Secondaire,Revenus bas
Ind_1306,0.339669,-0.889662,2.30706,Sou_NSP,CONTRE,POUR,POUR,NEUTRE,NEUTRE,NEUTRE,ACCORD,NEUTRE,NEUTRE,NEUTRE,PESSIMISTE,CONTRE,Responsabilité mixte,Economie: neutre,NSP,NSP,Risque difficile,NSP,Vote fed: NSP,Femme,Francophones,60 ans et plus,Né Canada,Secondaire,Revenus bas
Ind_1307,-1.710979,-0.490979,-0.641641,Sou_OUI,POUR,POUR,POUR,POUR,POUR,POUR,DÉSACCORD,NEUTRE,OPTIMISTE,NEUTRE,OPTIMISTE,NEUTRE,Responsabilité individuelle,Economie: neutre,Féministe: POUR féministe,Féministe: POUR féministe,Risque facile,CAQ,PLC,Femme,Francophones,40-59 ans,Né Canada,Universitaire,Revenus élevés
Ind_1308,-2.716857,1.37503,0.349004,Sou_OUI,POUR,POUR,CONTRE,POUR,POUR,POUR,DÉSACCORD,DÉSACCORD,OPTIMISTE,NEUTRE,OPTIMISTE,CONTRE,Responsabilité mixte,Economie: privé seulement,Feministre: NEUTRE féministe,Feministre: NEUTRE féministe,Risque difficile,PQ,BQ,Homme,Francophones,40-59 ans,Né Canada,Secondaire,Revenus moyens
Ind_1309,1.472016,0.630782,1.057686,Sou_NON,CONTRE,CONTRE,POUR,CONTRE,CONTRE,CONTRE,NEUTRE,DÉSACCORD,OPTIMISTE,PESSIMISTE,NEUTRE,CONTRE,Responsabilité individuelle,Economie: privé seulement,Feministre: NEUTRE féministe,Feministre: NEUTRE féministe,Risque difficile,NSP,Vote fed: NSP,Femme,Francophones,18-39 ans,Né Canada,Collégial,NSP
Ind_1310,1.312653,1.235095,-0.100895,Sou_NON,CONTRE,CONTRE,POUR,CONTRE,POUR,CONTRE,DÉSACCORD,DÉSACCORD,NSP,PESSIMISTE,PESSIMISTE,CONTRE,Responsabilité individuelle,Economie: privé et public,Feministe: CONTRE féministe,Feministre: NEUTRE féministe,Risque facile,CAQ,PLC,Femme,Francophones,60 ans et plus,Né Canada,Collégial,NSP
Ind_1311,0.698308,1.083128,0.123583,Sou_NON,CONTRE,CONTRE,POUR,NEUTRE,POUR,CONTRE,DÉSACCORD,DÉSACCORD,OPTIMISTE,PESSIMISTE,NEUTRE,CONTRE,Responsabilité collective,Economie: privé seulement,Feministe: CONTRE féministe,Féministe: POUR féministe,Risque difficile,PCQ,PCC,Homme,Francophones,40-59 ans,Né Canada,Collégial,Revenus moyens
Ind_1312,1.0503,0.793109,0.379777,Sou_NON,CONTRE,CONTRE,CONTRE,POUR,CONTRE,CONTRE,DÉSACCORD,DÉSACCORD,NEUTRE,PESSIMISTE,PESSIMISTE,CONTRE,Responsabilité collective,Economie: privé seulement,Feministe: CONTRE féministe,Feministe: CONTRE féministe,Risque difficile,NSP,PCC,Femme,Francophones,40-59 ans,Né Canada,Collégial,Revenus bas
Ind_1313,2.061711,1.148814,-0.880024,Sou_NON,CONTRE,CONTRE,POUR,NEUTRE,CONTRE,CONTRE,ACCORD,ACCORD,NEUTRE,PESSIMISTE,PESSIMISTE,POUR,Responsabilité individuelle,Economie: privé seulement,Feministre: NEUTRE féministe,Feministre: NEUTRE féministe,Risque facile,PLQ,PCC,Homme,Non francophones,40-59 ans,Né Canada,Universitaire,Revenus élevés
Ind_1314,-1.855853,-1.1109,0.350701,Sou_OUI,POUR,NSP,NSP,POUR,POUR,POUR,ACCORD,DÉSACCORD,NEUTRE,NSP,OPTIMISTE,CONTRE,Responsabilité collective,Economie: neutre,Féministe: POUR féministe,Féministe: POUR féministe,Risque difficile,PQ,BQ,Femme,Francophones,40-59 ans,Né Canada,Collégial,Revenus bas
Ind_1315,-1.048305,0.661328,1.27667,Sou_OUI,NSP,POUR,POUR,POUR,POUR,POUR,NEUTRE,DÉSACCORD,NEUTRE,NEUTRE,NSP,CONTRE,Responsabilité individuelle,Economie: neutre,Feministe: CONTRE féministe,Feministre: NEUTRE féministe,Risque facile,NSP,PVQ,Femme,Francophones,40-59 ans,Né Canada,Collégial,Revenus bas
Ind_1316,1.575347,0.942841,-1.252554,Sou_NON,CONTRE,CONTRE,POUR,POUR,CONTRE,CONTRE,DÉSACCORD,ACCORD,NEUTRE,PESSIMISTE,PESSIMISTE,CONTRE,Responsabilité individuelle,Economie: privé et public,Feministre: NEUTRE féministe,Féministe: POUR féministe,Risque facile,CAQ,PLC,Homme,Non francophones,40-59 ans,Né Canada,Universitaire,Revenus bas
Ind_1317,1.959913,0.394304,0.058384,Sou_NON,CONTRE,POUR,POUR,CONTRE,CONTRE,CONTRE,ACCORD,ACCORD,PESSIMISTE,PESSIMISTE,PESSIMISTE,CONTRE,Responsabilité individuelle,Economie: neutre,Feministre: NEUTRE féministe,Feministre: NEUTRE féministe,Risque difficile,PLQ,PLC,Femme,Non francophones,60 ans et plus,Né Ailleurs,Collégial,Revenus bas
Ind_1318,1.654255,1.412209,-0.38569,Sou_NON,CONTRE,CONTRE,POUR,CONTRE,CONTRE,CONTRE,DÉSACCORD,DÉSACCORD,NEUTRE,PESSIMISTE,PESSIMISTE,CONTRE,Responsabilité collective,Economie: privé et public,Feministe: CONTRE féministe,Feministe: CONTRE féministe,Risque facile,CAQ,PCC,Homme,Francophones,18-39 ans,Né Canada,Collégial,Revenus bas
Ind_1319,0.023967,-0.370418,1.722027,Sou_NSP,POUR,POUR,POUR,NEUTRE,NEUTRE,NEUTRE,NEUTRE,NEUTRE,PESSIMISTE,PESSIMISTE,PESSIMISTE,CONTRE,Responsabilité mixte,Economie: privé et public,NSP,NSP,Risque difficile,Vote prov: NSP,Vote fed: NSP,Homme,Francophones,18-39 ans,Né Canada,Secondaire,NSP
Ind_1320,1.530678,-0.753538,-0.103612,Sou_NON,CONTRE,CONTRE,POUR,CONTRE,CONTRE,CONTRE,NSP,DÉSACCORD,NSP,PESSIMISTE,PESSIMISTE,NSP,Responsabilité individuelle,NSP,Féministe: POUR féministe,Féministe: POUR féministe,Risque difficile,PQ,Vote fed: NSP,Femme,Francophones,18-39 ans,Né Canada,Universitaire,Revenus bas
Ind_1321,-1.149742,-0.0025,1.754731,Sou_NSP,NSP,POUR,CONTRE,NEUTRE,NEUTRE,CONTRE,DÉSACCORD,NSP,OPTIMISTE,NSP,OPTIMISTE,CONTRE,Responsabilité mixte,Economie: neutre,Feministre: NEUTRE féministe,NSP,Risque facile,PQ,BQ,Femme,Francophones,40-59 ans,Né Canada,Secondaire,NSP
Ind_1322,-1.510839,0.651669,0.454932,Sou_NSP,POUR,POUR,POUR,POUR,POUR,POUR,NEUTRE,NEUTRE,OPTIMISTE,PESSIMISTE,OPTIMISTE,CONTRE,Responsabilité mixte,Economie: privé et public,Feministre: NEUTRE féministe,Feministre: NEUTRE féministe,Risque difficile,PQ,PCC,Homme,Francophones,40-59 ans,Né Canada,Collégial,Revenus moyens
Ind_1323,1.385981,0.696147,0.055887,Sou_NON,CONTRE,CONTRE,CONTRE,NSP,CONTRE,CONTRE,DÉSACCORD,DÉSACCORD,NEUTRE,PESSIMISTE,PESSIMISTE,CONTRE,Responsabilité collective,Economie: privé seulement,Feministe: CONTRE féministe,Feministe: CONTRE féministe,Risque difficile,PLQ,PLC,Femme,Francophones,60 ans et plus,Né Canada,Secondaire,NSP
Ind_1324,0.811291,0.461319,-0.619057,Sou_NON,CONTRE,CONTRE,POUR,CONTRE,CONTRE,POUR,ACCORD,ACCORD,NEUTRE,PESSIMISTE,OPTIMISTE,CONTRE,Responsabilité collective,Economie: privé et public,NSP,NSP,Risque facile,PQ,PCC,Homme,Francophones,40-59 ans,Né Canada,Collégial,Revenus moyens
Ind_1325,1.511977,0.975335,-0.592726,Sou_NON,CONTRE,POUR,POUR,CONTRE,CONTRE,CONTRE,ACCORD,DÉSACCORD,NEUTRE,PESSIMISTE,PESSIMISTE,NEUTRE,Responsabilité mixte,Economie: privé et public,Feministre: NEUTRE féministe,Feministre: NEUTRE féministe,Risque facile,PLQ,PLC,Homme,Francophones,60 ans et plus,Né Canada,Collégial,Revenus moyens
Ind_1326,1.339458,-0.377356,-1.052879,Sou_NON,CONTRE,CONTRE,CONTRE,CONTRE,CONTRE,CONTRE,ACCORD,DÉSACCORD,NEUTRE,PESSIMISTE,NEUTRE,NEUTRE,Responsabilité mixte,Economie: privé et public,Féministe: POUR féministe,Féministe: POUR féministe,Risque difficile,PLQ,PLC,Homme,Francophones,60 ans et plus,Né Canada,Collégial,Revenus moyens
Ind_1327,1.313359,-0.550354,0.374114,Sou_NON,CONTRE,CONTRE,POUR,CONTRE,NEUTRE,POUR,ACCORD,ACCORD,PESSIMISTE,PESSIMISTE,PESSIMISTE,NEUTRE,Responsabilité collective,Economie: neutre,Feministre: NEUTRE féministe,Feministre: NEUTRE féministe,Risque difficile,QS,PVQ,Femme,Francophones,18-39 ans,Né Canada,Collégial,Revenus moyens
Ind_1328,-2.511979,1.776854,-0.368676,Sou_OUI,POUR,POUR,CONTRE,POUR,POUR,POUR,DÉSACCORD,DÉSACCORD,OPTIMISTE,NEUTRE,OPTIMISTE,POUR,Responsabilité individuelle,Economie: privé seulement,Feministe: CONTRE féministe,Feministre: NEUTRE féministe,Risque facile,PQ,PCC,Homme,Francophones,60 ans et plus,Né Canada,Collégial,Revenus moyens
Ind_1329,-0.084844,-0.322548,2.421433,Sou_NSP,NSP,NSP,NSP,NEUTRE,NSP,NSP,NEUTRE,DÉSACCORD,PESSIMISTE,NSP,NEUTRE,CONTRE,Responsabilité mixte,Economie: neutre,Feministre: NEUTRE féministe,Feministre: NEUTRE féministe,Risque facile,NSP,Vote fed: NSP,Femme,Francophones,18-39 ans,Né Canada,Universitaire,Revenus moyens
Ind_1330,1.955021,-0.289546,0.179701,Sou_NON,CONTRE,CONTRE,POUR,CONTRE,CONTRE,NEUTRE,NEUTRE,NEUTRE,NEUTRE,PESSIMISTE,NEUTRE,CONTRE,Responsabilité mixte,Economie: privé et public,Feministre: NEUTRE féministe,Feministre: NEUTRE féministe,Risque difficile,PLQ,PLC,Femme,Non francophones,18-39 ans,Né Ailleurs,Universitaire,Revenus bas
Ind_1331,1.432544,0.823201,0.288442,Sou_NON,CONTRE,POUR,POUR,CONTRE,CONTRE,CONTRE,ACCORD,DÉSACCORD,NEUTRE,PESSIMISTE,NSP,CONTRE,Responsabilité individuelle,Economie: privé seulement,Feministe: CONTRE féministe,Feministe: CONTRE féministe,Risque facile,NSP,PLC,Femme,Francophones,60 ans et plus,Né Canada,Collégial,Revenus élevés
Ind_1332,-1.958156,-1.582299,-0.594315,Sou_OUI,POUR,POUR,CONTRE,POUR,POUR,POUR,ACCORD,ACCORD,NEUTRE,NSP,OPTIMISTE,POUR,Responsabilité collective,NSP,Féministe: POUR féministe,Féministe: POUR féministe,Risque facile,QS,BQ,Femme,Francophones,18-39 ans,Né Canada,Collégial,Revenus bas
Ind_1333,-1.94301,-0.98961,-1.724052,Sou_OUI,POUR,POUR,CONTRE,POUR,POUR,POUR,ACCORD,NEUTRE,OPTIMISTE,OPTIMISTE,NEUTRE,POUR,Responsabilité collective,Economie: privé et public,Féministe: POUR féministe,Féministe: POUR féministe,Risque facile,QS,PLC,Homme,Francophones,18-39 ans,Né Canada,Universitaire,Revenus moyens
Ind_1334,-0.307817,-2.341377,0.79023,Sou_NSP,NSP,NSP,NSP,POUR,CONTRE,NEUTRE,ACCORD,ACCORD,NEUTRE,NSP,OPTIMISTE,NSP,Responsabilité collective,NSP,Féministe: POUR féministe,Féministe: POUR féministe,Risque difficile,QS,NPD,Femme,Francophones,18-39 ans,Né Canada,Collégial,Revenus bas
Ind_1335,1.168359,-0.543209,-0.542967,Sou_NON,CONTRE,POUR,POUR,NEUTRE,CONTRE,CONTRE,DÉSACCORD,DÉSACCORD,NEUTRE,PESSIMISTE,NEUTRE,NEUTRE,Responsabilité collective,Economie: privé et public,Féministe: POUR féministe,Féministe: POUR féministe,Risque difficile,QS,NPD,Homme,Non francophones,18-39 ans,Né Ailleurs,Collégial,Revenus bas
Ind_1336,0.595071,-1.440314,-1.302199,Sou_NON,CONTRE,CONTRE,POUR,POUR,CONTRE,CONTRE,ACCORD,NEUTRE,OPTIMISTE,PESSIMISTE,OPTIMISTE,POUR,Responsabilité collective,Economie: privé et public,Féministe: POUR féministe,Féministe: POUR féministe,Risque difficile,PQ,PVQ,Femme,Francophones,40-59 ans,Né Canada,Universitaire,Revenus bas
Ind_1337,1.8849,-0.466217,-1.107166,Sou_NON,CONTRE,POUR,POUR,CONTRE,CONTRE,CONTRE,ACCORD,ACCORD,PESSIMISTE,PESSIMISTE,PESSIMISTE,POUR,Responsabilité mixte,Economie: privé et public,Feministre: NEUTRE féministe,Féministe: POUR féministe,Risque facile,PLQ,PLC,Femme,Non francophones,60 ans et plus,Né Canada,Collégial,Revenus élevés
Ind_1338,1.979195,-0.738182,-1.758329,Sou_NON,CONTRE,CONTRE,POUR,CONTRE,CONTRE,CONTRE,ACCORD,DÉSACCORD,OPTIMISTE,PESSIMISTE,PESSIMISTE,POUR,Responsabilité individuelle,Economie: privé et public,Féministe: POUR féministe,Féministe: POUR féministe,Risque difficile,PLQ,PLC,Femme,Non francophones,60 ans et plus,Né Ailleurs,Universitaire,Revenus bas
Ind_1339,1.828656,-0.211481,-1.310854,Sou_NON,CONTRE,CONTRE,POUR,CONTRE,POUR,CONTRE,ACCORD,NEUTRE,PESSIMISTE,PESSIMISTE,PESSIMISTE,POUR,Responsabilité mixte,Economie: privé et public,Feministre: NEUTRE féministe,Féministe: POUR féministe,Risque difficile,PLQ,PLC,Homme,Non francophones,40-59 ans,Né Ailleurs,Universitaire,Revenus bas
Ind_1340,-2.104939,-0.072869,-0.513467,Sou_OUI,POUR,POUR,CONTRE,POUR,POUR,POUR,ACCORD,DÉSACCORD,NEUTRE,NEUTRE,OPTIMISTE,CONTRE,Responsabilité individuelle,Economie: privé seulement,Féministe: POUR féministe,Féministe: POUR féministe,Risque facile,PQ,PLC,Femme,Francophones,60 ans et plus,Né Canada,Collégial,Revenus bas
Ind_1341,1.847057,1.593542,-0.091279,Sou_NON,CONTRE,CONTRE,POUR,CONTRE,CONTRE,CONTRE,DÉSACCORD,DÉSACCORD,PESSIMISTE,PESSIMISTE,PESSIMISTE,CONTRE,Responsabilité mixte,Economie: neutre,Feministe: CONTRE féministe,NSP,Risque facile,PLQ,PLC,Homme,Francophones,40-59 ans,Né Canada,Secondaire,Revenus moyens
Ind_1342,0.582408,-0.989473,-0.350751,Sou_NSP,CONTRE,CONTRE,CONTRE,NEUTRE,CONTRE,CONTRE,ACCORD,ACCORD,PESSIMISTE,PESSIMISTE,OPTIMISTE,CONTRE,Responsabilité mixte,Economie: privé et public,Féministe: POUR féministe,Féministe: POUR féministe,Risque difficile,NSP,Vote fed: NSP,Homme,Francophones,18-39 ans,Né Canada,Universitaire,Revenus élevés
Ind_1343,2.272951,0.583791,-0.518102,Sou_NON,CONTRE,CONTRE,POUR,CONTRE,CONTRE,CONTRE,ACCORD,ACCORD,PESSIMISTE,PESSIMISTE,PESSIMISTE,CONTRE,Responsabilité individuelle,NSP,Feministe: CONTRE féministe,Feministe: CONTRE féministe,Risque facile,PLQ,PLC,Femme,Non francophones,60 ans et plus,Né Canada,Secondaire,Revenus bas
Ind_1344,-1.999869,-0.113741,0.049345,Sou_OUI,POUR,POUR,CONTRE,POUR,POUR,POUR,ACCORD,DÉSACCORD,OPTIMISTE,OPTIMISTE,NEUTRE,CONTRE,Responsabilité collective,Economie: privé seulement,Féministe: POUR féministe,Feministe: CONTRE féministe,Risque facile,NSP,Vote fed: NSP,Femme,Francophones,60 ans et plus,Né Canada,Collégial,Revenus moyens
Ind_1345,0.544513,-0.414106,1.282238,Sou_NSP,CONTRE,CONTRE,NSP,POUR,CONTRE,CONTRE,DÉSACCORD,DÉSACCORD,NSP,NSP,PESSIMISTE,CONTRE,Responsabilité mixte,NSP,Féministe: POUR féministe,Feministre: NEUTRE féministe,Risque difficile,Vote prov: NSP,Vote fed: NSP,Femme,Francophones,18-39 ans,Né Canada,Secondaire,NSP
Ind_1346,1.436781,-0.050016,-0.548838,Sou_NON,CONTRE,CONTRE,POUR,CONTRE,NEUTRE,CONTRE,NEUTRE,NEUTRE,NEUTRE,PESSIMISTE,NSP,POUR,Responsabilité collective,Economie: privé et public,Feministre: NEUTRE féministe,Féministe: POUR féministe,Risque facile,NSP,PLC,Homme,Francophones,60 ans et plus,Né Canada,Universitaire,Revenus bas
Ind_1347,1.503778,1.154544,1.081898,Sou_NON,CONTRE,NSP,POUR,NEUTRE,CONTRE,CONTRE,NSP,NSP,NEUTRE,PESSIMISTE,PESSIMISTE,CONTRE,Responsabilité individuelle,Economie: privé seulement,Feministre: NEUTRE féministe,Feministre: NEUTRE féministe,Risque difficile,PCQ,PCC,Homme,Francophones,18-39 ans,Né Canada,Secondaire,Revenus moyens
Ind_1348,-0.095347,-1.48553,-0.791094,Sou_NON,CONTRE,POUR,CONTRE,POUR,CONTRE,CONTRE,NEUTRE,NEUTRE,NEUTRE,NSP,OPTIMISTE,NEUTRE,Responsabilité collective,Economie: privé et public,Féministe: POUR féministe,Féministe: POUR féministe,Risque difficile,PQ,PLC,Femme,Francophones,40-59 ans,Né Canada,Universitaire,Revenus moyens
Ind_1349,1.472433,-0.957192,0.261592,Sou_NON,CONTRE,CONTRE,POUR,CONTRE,CONTRE,CONTRE,ACCORD,ACCORD,NEUTRE,PESSIMISTE,OPTIMISTE,CONTRE,Responsabilité mixte,Economie: neutre,Féministe: POUR féministe,Féministe: POUR féministe,Risque difficile,Vote prov: NSP,Vote fed: NSP,Femme,Francophones,40-59 ans,Né Canada,Secondaire,Revenus bas
Ind_1350,1.637708,-0.819476,-0.454245,Sou_NON,CONTRE,CONTRE,POUR,NEUTRE,CONTRE,CONTRE,ACCORD,NEUTRE,NEUTRE,PESSIMISTE,NEUTRE,POUR,Responsabilité individuelle,Economie: privé et public,Feministre: NEUTRE féministe,Féministe: POUR féministe,Risque difficile,QS,NPD,Femme,Francophones,40-59 ans,Né Canada,Universitaire,Revenus moyens
Ind_1351,2.121675,-0.411872,-1.303533,Sou_NON,CONTRE,CONTRE,POUR,CONTRE,CONTRE,CONTRE,ACCORD,DÉSACCORD,PESSIMISTE,PESSIMISTE,PESSIMISTE,CONTRE,Responsabilité individuelle,Economie: privé et public,Féministe: POUR féministe,Féministe: POUR féministe,Risque difficile,PLQ,PLC,Femme,Non francophones,60 ans et plus,Né Canada,Universitaire,Revenus bas
Ind_1352,0.03063,-0.045827,-0.343637,Sou_NON,CONTRE,CONTRE,CONTRE,POUR,POUR,NEUTRE,DÉSACCORD,NEUTRE,OPTIMISTE,PESSIMISTE,NEUTRE,NEUTRE,Responsabilité mixte,Economie: privé et public,Feministe: CONTRE féministe,Féministe: POUR féministe,Risque difficile,PLQ,PLC,Homme,Francophones,60 ans et plus,Né Canada,Secondaire,NSP
Ind_1353,1.921526,-0.9566,-1.249355,Sou_NON,CONTRE,CONTRE,POUR,CONTRE,CONTRE,CONTRE,NEUTRE,DÉSACCORD,NSP,PESSIMISTE,PESSIMISTE,POUR,Responsabilité collective,Economie: privé et public,Féministe: POUR féministe,Féministe: POUR féministe,Risque difficile,PLQ,PLC,Femme,Francophones,40-59 ans,Né Canada,Universitaire,Revenus élevés
Ind_1354,-2.760209,1.123674,-0.593246,Sou_OUI,POUR,POUR,CONTRE,POUR,POUR,POUR,NEUTRE,DÉSACCORD,OPTIMISTE,OPTIMISTE,OPTIMISTE,POUR,Responsabilité collective,Economie: privé seulement,Feministre: NEUTRE féministe,Feministre: NEUTRE féministe,Risque facile,PQ,BQ,Homme,Francophones,60 ans et plus,Né Canada,Universitaire,Revenus bas
Ind_1355,-0.328116,1.782475,-0.11358,Sou_NON,CONTRE,CONTRE,POUR,POUR,NEUTRE,CONTRE,NEUTRE,DÉSACCORD,OPTIMISTE,NEUTRE,OPTIMISTE,CONTRE,Responsabilité individuelle,Economie: privé seulement,Feministre: NEUTRE féministe,Feministre: NEUTRE féministe,Risque facile,PQ,BQ,Homme,Francophones,60 ans et plus,Né Canada,Universitaire,Revenus moyens
Ind_1356,-2.529109,0.623133,-0.941419,Sou_OUI,POUR,POUR,CONTRE,POUR,POUR,POUR,DÉSACCORD,DÉSACCORD,OPTIMISTE,PESSIMISTE,OPTIMISTE,CONTRE,NSP,Economie: neutre,Féministe: POUR féministe,Féministe: POUR féministe,Risque facile,PQ,BQ,Homme,Francophones,60 ans et plus,Né Canada,Universitaire,Revenus moyens
Ind_1357,-0.571123,-0.917036,2.59256,Sou_NSP,POUR,POUR,NSP,NSP,NSP,NSP,NSP,NSP,NSP,NSP,NSP,NEUTRE,Responsabilité mixte,NSP,NSP,NSP,Risque difficile,NSP,Vote fed: NSP,Homme,Francophones,40-59 ans,Né Canada,Collégial,Revenus bas
Ind_1358,-2.763345,-0.248331,-1.126537,Sou_OUI,POUR,POUR,CONTRE,POUR,POUR,POUR,NSP,DÉSACCORD,OPTIMISTE,NEUTRE,OPTIMISTE,POUR,Responsabilité collective,Economie: privé et public,Féministe: POUR féministe,Féministe: POUR féministe,Risque facile,PQ,BQ,Homme,Francophones,60 ans et plus,Né Canada,Collégial,NSP
Ind_1359,-2.473019,0.71113,0.257836,Sou_OUI,POUR,POUR,CONTRE,POUR,NEUTRE,POUR,NEUTRE,DÉSACCORD,OPTIMISTE,NEUTRE,OPTIMISTE,CONTRE,Responsabilité collective,Economie: privé et public,Feministre: NEUTRE féministe,Feministre: NEUTRE féministe,Risque difficile,PQ,BQ,Homme,Francophones,40-59 ans,Né Canada,Collégial,Revenus bas
Ind_1360,-0.739204,-1.163112,-0.362035,Sou_NSP,CONTRE,POUR,NSP,POUR,POUR,CONTRE,NEUTRE,NEUTRE,OPTIMISTE,NSP,OPTIMISTE,CONTRE,Responsabilité collective,Economie: privé et public,Féministe: POUR féministe,Féministe: POUR féministe,Risque facile,NSP,PLC,Femme,Francophones,40-59 ans,Né Canada,Universitaire,Revenus moyens
Ind_1361,1.936138,-0.861455,-0.658113,Sou_NON,CONTRE,CONTRE,POUR,CONTRE,CONTRE,NSP,ACCORD,ACCORD,NEUTRE,PESSIMISTE,PESSIMISTE,CONTRE,Responsabilité individuelle,Economie: privé et public,Féministe: POUR féministe,Féministe: POUR féministe,Risque difficile,PCQ,PCC,Femme,Non francophones,18-39 ans,Né Canada,Collégial,Revenus moyens
Ind_1362,-1.173289,0.062969,1.439447,Sou_NSP,POUR,POUR,POUR,POUR,POUR,POUR,NEUTRE,DÉSACCORD,OPTIMISTE,OPTIMISTE,PESSIMISTE,CONTRE,Responsabilité mixte,Economie: neutre,Feministre: NEUTRE féministe,Feministre: NEUTRE féministe,Risque difficile,NSP,Vote fed: NSP,Femme,Francophones,18-39 ans,Né Canada,Collégial,Revenus élevés
Ind_1363,-1.330771,-0.628267,-0.743522,Sou_OUI,POUR,POUR,POUR,POUR,POUR,POUR,ACCORD,ACCORD,OPTIMISTE,OPTIMISTE,NEUTRE,CONTRE,Responsabilité collective,Economie: privé seulement,Feministre: NEUTRE féministe,Féministe: POUR féministe,Risque facile,QS,NPD,Femme,Non francophones,18-39 ans,Né Canada,Universitaire,Revenus moyens
Ind_1364,0.926587,-1.580853,-1.421791,Sou_NON,CONTRE,CONTRE,POUR,POUR,CONTRE,POUR,ACCORD,ACCORD,NEUTRE,PESSIMISTE,NEUTRE,POUR,Responsabilité collective,Economie: privé et public,Féministe: POUR féministe,Féministe: POUR féministe,Risque facile,QS,NPD,Femme,Francophones,18-39 ans,Né Ailleurs,Universitaire,Revenus bas
Ind_1365,2.259599,-0.929291,-1.540324,Sou_NON,CONTRE,CONTRE,POUR,CONTRE,CONTRE,CONTRE,NEUTRE,ACCORD,NEUTRE,PESSIMISTE,PESSIMISTE,POUR,Responsabilité collective,Economie: privé et public,Féministe: POUR féministe,Féministe: POUR féministe,Risque facile,PLQ,PLC,Femme,Non francophones,60 ans et plus,Né Ailleurs,Collégial,NSP
Ind_1366,1.850771,0.926397,-0.758954,Sou_NON,CONTRE,CONTRE,POUR,CONTRE,CONTRE,CONTRE,NEUTRE,DÉSACCORD,NEUTRE,PESSIMISTE,PESSIMISTE,NEUTRE,Responsabilité individuelle,Economie: neutre,Feministe: CONTRE féministe,Féministe: POUR féministe,Risque facile,PLQ,PCC,Homme,Francophones,18-39 ans,Né Canada,Universitaire,Revenus moyens
Ind_1367,-0.959138,0.880833,0.986401,Sou_NSP,POUR,POUR,CONTRE,CONTRE,CONTRE,NEUTRE,NEUTRE,DÉSACCORD,OPTIMISTE,PESSIMISTE,OPTIMISTE,CONTRE,Responsabilité mixte,Economie: privé seulement,Feministe: CONTRE féministe,Feministe: CONTRE féministe,Risque difficile,PQ,Vote fed: NSP,Homme,Francophones,60 ans et plus,Né Canada,Secondaire,Revenus bas
Ind_1368,-1.747701,0.681764,0.264994,Sou_OUI,POUR,POUR,POUR,POUR,POUR,POUR,NEUTRE,NEUTRE,PESSIMISTE,OPTIMISTE,NEUTRE,NEUTRE,Responsabilité mixte,Economie: neutre,Feministe: CONTRE féministe,Feministre: NEUTRE féministe,Risque facile,PQ,BQ,Homme,Francophones,40-59 ans,Né Canada,Universitaire,Revenus bas
Ind_1369,1.283301,-0.367159,-0.819224,Sou_NON,CONTRE,CONTRE,POUR,POUR,CONTRE,CONTRE,NEUTRE,ACCORD,PESSIMISTE,PESSIMISTE,NEUTRE,CONTRE,Responsabilité collective,Economie: privé et public,Féministe: POUR féministe,Féministe: POUR féministe,Risque difficile,PLQ,PLC,Homme,Francophones,60 ans et plus,Né Canada,Secondaire,NSP
Ind_1370,2.28118,-0.92039,-0.056322,Sou_NON,CONTRE,CONTRE,POUR,CONTRE,CONTRE,CONTRE,NSP,NSP,NEUTRE,PESSIMISTE,PESSIMISTE,NEUTRE,NSP,Economie: privé et public,NSP,NSP,Risque difficile,NSP,PLC,Femme,Non francophones,18-39 ans,Né Canada,Universitaire,NSP
Ind_1371,-2.748324,1.315029,-0.472095,Sou_OUI,POUR,POUR,CONTRE,POUR,POUR,POUR,DÉSACCORD,DÉSACCORD,OPTIMISTE,NEUTRE,OPTIMISTE,CONTRE,Responsabilité mixte,Economie: privé et public,Feministre: NEUTRE féministe,Feministre: NEUTRE féministe,Risque facile,PQ,BQ,Homme,Francophones,40-59 ans,Né Canada,Universitaire,Revenus élevés
Ind_1372,2.200983,-0.811446,-0.460996,Sou_NON,CONTRE,CONTRE,POUR,CONTRE,CONTRE,CONTRE,NEUTRE,NSP,NEUTRE,PESSIMISTE,PESSIMISTE,CONTRE,Responsabilité mixte,Economie: privé et public,Féministe: POUR féministe,Féministe: POUR féministe,Risque difficile,PLQ,PLC,Femme,Non francophones,40-59 ans,Né Canada,Collégial,Revenus bas
Ind_1373,2.049359,1.337273,-0.156764,Sou_NON,CONTRE,CONTRE,POUR,CONTRE,CONTRE,CONTRE,ACCORD,NSP,PESSIMISTE,PESSIMISTE,PESSIMISTE,CONTRE,Responsabilité individuelle,Economie: privé seulement,Feministe: CONTRE féministe,Feministe: CONTRE féministe,Risque facile,Vote prov: NSP,Vote fed: NSP,Homme,Non francophones,40-59 ans,Né Canada,Collégial,Revenus moyens
Ind_1374,1.966682,0.275483,-1.509722,Sou_NON,CONTRE,CONTRE,POUR,CONTRE,CONTRE,CONTRE,ACCORD,ACCORD,OPTIMISTE,PESSIMISTE,PESSIMISTE,CONTRE,Responsabilité individuelle,Economie: privé et public,Feministre: NEUTRE féministe,Féministe: POUR féministe,Risque difficile,PLQ,PLC,Homme,Non francophones,40-59 ans,Né Canada,Universitaire,Revenus élevés
Ind_1375,0.744251,0.596907,0.619752,Sou_NON,CONTRE,POUR,POUR,CONTRE,NEUTRE,NEUTRE,NSP,DÉSACCORD,PESSIMISTE,NEUTRE,NEUTRE,CONTRE,Responsabilité individuelle,Economie: privé et public,Feministre: NEUTRE féministe,Feministre: NEUTRE féministe,Risque facile,PCQ,PCC,Femme,Non francophones,18-39 ans,Né Canada,Universitaire,Revenus élevés
Ind_1376,-0.006758,-1.474618,-0.13175,Sou_NSP,NSP,NSP,NSP,NEUTRE,NEUTRE,NEUTRE,ACCORD,ACCORD,OPTIMISTE,PESSIMISTE,PESSIMISTE,POUR,Responsabilité collective,Economie: privé et public,Féministe: POUR féministe,Féministe: POUR féministe,Risque facile,QS,NPD,Homme,Francophones,18-39 ans,Né Canada,Collégial,Revenus élevés
Ind_1377,1.333378,-0.906324,-0.335299,Sou_NON,CONTRE,CONTRE,POUR,POUR,CONTRE,CONTRE,NEUTRE,NEUTRE,NSP,PESSIMISTE,NEUTRE,CONTRE,Responsabilité collective,Economie: privé et public,Féministe: POUR féministe,Féministe: POUR féministe,Risque difficile,QS,PCC,Femme,Non francophones,60 ans et plus,Né Canada,Collégial,Revenus bas
Ind_1378,-2.291758,1.276051,-0.652662,Sou_OUI,POUR,POUR,CONTRE,POUR,CONTRE,POUR,DÉSACCORD,DÉSACCORD,OPTIMISTE,NEUTRE,OPTIMISTE,NEUTRE,Responsabilité individuelle,Economie: privé et public,Feministre: NEUTRE féministe,Feministre: NEUTRE féministe,Risque facile,PQ,BQ,Homme,Francophones,40-59 ans,Né Canada,Universitaire,Revenus bas
Ind_1379,-2.309278,-0.255295,-0.903019,Sou_OUI,POUR,POUR,CONTRE,POUR,CONTRE,POUR,DÉSACCORD,DÉSACCORD,OPTIMISTE,OPTIMISTE,OPTIMISTE,CONTRE,Responsabilité collective,Economie: privé et public,Féministe: POUR féministe,Féministe: POUR féministe,Risque facile,PQ,BQ,Femme,Francophones,40-59 ans,Né Canada,Collégial,Revenus moyens
Ind_1380,-1.826219,1.098812,0.289658,Sou_OUI,POUR,POUR,CONTRE,POUR,NSP,NSP,DÉSACCORD,DÉSACCORD,OPTIMISTE,NEUTRE,NEUTRE,CONTRE,Responsabilité individuelle,Economie: neutre,Feministe: CONTRE féministe,Feministe: CONTRE féministe,Risque facile,QS,BQ,Homme,Francophones,18-39 ans,Né Canada,Universitaire,Revenus bas
Ind_1381,0.326143,0.743006,1.200491,Sou_NON,CONTRE,POUR,POUR,POUR,NEUTRE,NEUTRE,DÉSACCORD,DÉSACCORD,NEUTRE,PESSIMISTE,OPTIMISTE,CONTRE,Responsabilité individuelle,Economie: privé seulement,Feministe: CONTRE féministe,Feministre: NEUTRE féministe,Risque difficile,NSP,PCC,Femme,Francophones,18-39 ans,Né Ailleurs,Collégial,Revenus élevés
Ind_1382,2.04341,-0.451297,-0.148556,Sou_NON,CONTRE,CONTRE,POUR,CONTRE,CONTRE,NEUTRE,ACCORD,NSP,PESSIMISTE,PESSIMISTE,PESSIMISTE,CONTRE,Responsabilité mixte,Economie: privé et public,Feministre: NEUTRE féministe,Féministe: POUR féministe,NSP,PLQ,PLC,Femme,Non francophones,40-59 ans,Né Canada,Collégial,Revenus bas
Ind_1383,0.710475,-0.221727,0.385976,Sou_NON,CONTRE,CONTRE,POUR,CONTRE,POUR,POUR,ACCORD,NEUTRE,NEUTRE,NEUTRE,NEUTRE,NEUTRE,Responsabilité mixte,Economie: neutre,Feministre: NEUTRE féministe,Feministre: NEUTRE féministe,Risque facile,QS,PLC,Femme,Francophones,18-39 ans,Né Canada,Collégial,Revenus moyens
Ind_1384,0.568064,1.320107,1.131477,Sou_NON,CONTRE,POUR,POUR,NEUTRE,CONTRE,NEUTRE,DÉSACCORD,DÉSACCORD,NEUTRE,PESSIMISTE,NEUTRE,CONTRE,Responsabilité individuelle,Economie: neutre,Feministe: CONTRE féministe,Feministe: CONTRE féministe,Risque difficile,CAQ,BQ,Homme,Francophones,60 ans et plus,Né Canada,Collégial,Revenus bas
Ind_1385,-0.407487,-0.081717,1.728908,Sou_NON,POUR,POUR,POUR,POUR,NSP,NEUTRE,NSP,NSP,NEUTRE,NEUTRE,NSP,NEUTRE,Responsabilité mixte,Economie: neutre,NSP,NSP,Risque facile,Vote prov: NSP,Vote fed: NSP,Homme,Francophones,40-59 ans,Né Canada,Secondaire,Revenus bas
Ind_1386,1.77532,0.786473,0.795109,Sou_NON,CONTRE,CONTRE,POUR,CONTRE,CONTRE,CONTRE,NEUTRE,DÉSACCORD,PESSIMISTE,PESSIMISTE,PESSIMISTE,CONTRE,Responsabilité mixte,Economie: neutre,Feministe: CONTRE féministe,Feministe: CONTRE féministe,Risque difficile,CAQ,PCC,Femme,Francophones,60 ans et plus,Né Canada,Secondaire,Revenus bas
Ind_1387,-2.426969,1.126101,0.24776,Sou_OUI,POUR,POUR,CONTRE,POUR,POUR,NEUTRE,DÉSACCORD,DÉSACCORD,OPTIMISTE,OPTIMISTE,OPTIMISTE,CONTRE,Responsabilité individuelle,Economie: privé seulement,Feministe: CONTRE féministe,Feministe: CONTRE féministe,Risque facile,PQ,BQ,Femme,Francophones,40-59 ans,Né Canada,Secondaire,Revenus moyens
Ind_1388,1.732044,1.229056,0.613926,Sou_NON,CONTRE,CONTRE,POUR,CONTRE,CONTRE,CONTRE,NEUTRE,DÉSACCORD,PESSIMISTE,PESSIMISTE,NEUTRE,CONTRE,Responsabilité individuelle,Economie: neutre,Feministre: NEUTRE féministe,Feministre: NEUTRE féministe,Risque facile,CAQ,PLC,Femme,Francophones,40-59 ans,Né Canada,Collégial,Revenus bas
Ind_1389,-1.9176,0.427869,-0.310365,Sou_OUI,CONTRE,POUR,POUR,POUR,POUR,POUR,DÉSACCORD,NEUTRE,OPTIMISTE,OPTIMISTE,OPTIMISTE,CONTRE,Responsabilité mixte,Economie: privé seulement,Féministe: POUR féministe,Féministe: POUR féministe,Risque facile,PQ,BQ,Homme,Francophones,40-59 ans,Né Canada,Secondaire,Revenus bas
Ind_1390,1.992516,-0.533799,-1.122741,Sou_NON,CONTRE,CONTRE,POUR,CONTRE,CONTRE,CONTRE,ACCORD,ACCORD,OPTIMISTE,PESSIMISTE,PESSIMISTE,CONTRE,Responsabilité collective,Economie: privé et public,Feministre: NEUTRE féministe,Féministe: POUR féministe,Risque difficile,PLQ,PLC,Femme,Non francophones,60 ans et plus,Né Canada,Collégial,Revenus moyens
Ind_1391,1.187837,-0.137192,0.49402,Sou_NON,CONTRE,POUR,POUR,CONTRE,POUR,CONTRE,NEUTRE,ACCORD,NEUTRE,PESSIMISTE,PESSIMISTE,NEUTRE,Responsabilité individuelle,Economie: neutre,Feministre: NEUTRE féministe,Feministe: CONTRE féministe,Risque difficile,QS,PLC,Femme,Francophones,18-39 ans,Né Canada,Secondaire,Revenus bas
Ind_1392,0.991048,-0.50613,-0.897913,Sou_NON,CONTRE,POUR,POUR,NEUTRE,CONTRE,POUR,ACCORD,NEUTRE,NEUTRE,PESSIMISTE,PESSIMISTE,NEUTRE,Responsabilité mixte,Economie: privé et public,Féministe: POUR féministe,Féministe: POUR féministe,Risque facile,PLQ,PLC,Homme,Francophones,40-59 ans,Né Canada,Collégial,Revenus moyens
Ind_1393,0.270307,-0.304247,0.774117,Sou_NON,CONTRE,POUR,POUR,NEUTRE,POUR,NEUTRE,ACCORD,DÉSACCORD,PESSIMISTE,PESSIMISTE,OPTIMISTE,CONTRE,Responsabilité individuelle,Economie: privé et public,Feministre: NEUTRE féministe,Féministe: POUR féministe,Risque difficile,NSP,Vote fed: NSP,Femme,Francophones,40-59 ans,Né Canada,Collégial,Revenus moyens
Ind_1394,-0.678795,0.436535,-1.063439,Sou_NON,POUR,POUR,POUR,POUR,POUR,POUR,ACCORD,ACCORD,NEUTRE,NEUTRE,OPTIMISTE,CONTRE,Responsabilité individuelle,Economie: privé seulement,Féministe: POUR féministe,Feministre: NEUTRE féministe,Risque facile,PLQ,PLC,Homme,Non francophones,18-39 ans,Né Canada,Universitaire,Revenus moyens
Ind_1395,1.020654,-0.985772,1.709035,Sou_NON,CONTRE,NSP,POUR,NEUTRE,CONTRE,NEUTRE,ACCORD,NEUTRE,NSP,NSP,PESSIMISTE,CONTRE,Responsabilité mixte,Economie: neutre,Feministre: NEUTRE féministe,Féministe: POUR féministe,Risque difficile,QS,Vote fed: NSP,Femme,Francophones,40-59 ans,Né Canada,Secondaire,Revenus bas
Ind_1396,-1.486612,0.07133,0.005771,Sou_NSP,POUR,CONTRE,POUR,POUR,POUR,POUR,DÉSACCORD,NEUTRE,OPTIMISTE,OPTIMISTE,OPTIMISTE,CONTRE,Responsabilité collective,Economie: privé et public,Feministre: NEUTRE féministe,Feministre: NEUTRE féministe,Risque facile,PQ,Vote fed: NSP,Femme,Francophones,18-39 ans,Né Canada,Universitaire,Revenus bas
Ind_1397,1.889849,1.265105,-0.041137,Sou_NON,CONTRE,CONTRE,POUR,CONTRE,CONTRE,CONTRE,NEUTRE,NEUTRE,NEUTRE,PESSIMISTE,PESSIMISTE,CONTRE,Responsabilité collective,Economie: neutre,Feministre: NEUTRE féministe,Feministre: NEUTRE féministe,Risque facile,PLQ,PLC,Homme,Francophones,60 ans et plus,Né Canada,Collégial,Revenus bas
Ind_1398,-2.488982,-0.433355,-0.201917,Sou_OUI,POUR,POUR,CONTRE,POUR,POUR,POUR,NEUTRE,NEUTRE,OPTIMISTE,NSP,OPTIMISTE,CONTRE,Responsabilité individuelle,Economie: privé seulement,Féministe: POUR féministe,Féministe: POUR féministe,Risque facile,PQ,BQ,Femme,Francophones,18-39 ans,Né Canada,Collégial,Revenus moyens
Ind_1399,0.288612,0.102651,1.336449,Sou_NON,CONTRE,POUR,POUR,NSP,CONTRE,NEUTRE,NSP,NSP,NEUTRE,NSP,OPTIMISTE,NEUTRE,Responsabilité mixte,NSP,Feministre: NEUTRE féministe,Feministre: NEUTRE féministe,Risque difficile,PLQ,BQ,Homme,Francophones,60 ans et plus,Né Canada,Collégial,NSP
Ind_1400,1.872163,0.732238,-1.336881,Sou_NON,CONTRE,CONTRE,POUR,CONTRE,CONTRE,CONTRE,DÉSACCORD,DÉSACCORD,NEUTRE,PESSIMISTE,PESSIMISTE,POUR,Responsabilité individuelle,Economie: privé et public,Feministe: CONTRE féministe,Féministe: POUR féministe,Risque difficile,PLQ,PLC,Homme,Francophones,60 ans et plus,Né Canada,Universitaire,Revenus élevés
Ind_1401,2.034526,0.657335,-0.313876,Sou_NON,CONTRE,CONTRE,POUR,CONTRE,CONTRE,CONTRE,ACCORD,DÉSACCORD,PESSIMISTE,PESSIMISTE,PESSIMISTE,POUR,Responsabilité collective,Economie: privé seulement,Feministe: CONTRE féministe,Feministe: CONTRE féministe,Risque difficile,Vote prov: NSP,Vote fed: NSP,Homme,Non francophones,40-59 ans,Né Canada,Secondaire,NSP
Ind_1402,1.965814,-0.150303,-0.12967,Sou_NON,CONTRE,CONTRE,POUR,CONTRE,CONTRE,CONTRE,ACCORD,NEUTRE,OPTIMISTE,PESSIMISTE,PESSIMISTE,CONTRE,Responsabilité mixte,Economie: neutre,Feministre: NEUTRE féministe,Féministe: POUR féministe,Risque difficile,PLQ,PCC,Femme,Non francophones,40-59 ans,Né Canada,Secondaire,Revenus moyens
Ind_1403,-1.536888,1.236826,0.157052,Sou_OUI,POUR,CONTRE,CONTRE,POUR,POUR,NEUTRE,NEUTRE,DÉSACCORD,OPTIMISTE,OPTIMISTE,NEUTRE,CONTRE,Responsabilité collective,Economie: privé et public,Feministre: NEUTRE féministe,Feministre: NEUTRE féministe,Risque facile,CAQ,PCC,Homme,Francophones,40-59 ans,Né Canada,Secondaire,Revenus bas
Ind_1404,1.928351,-0.632779,-0.650939,Sou_NON,CONTRE,CONTRE,POUR,CONTRE,CONTRE,CONTRE,ACCORD,DÉSACCORD,NEUTRE,PESSIMISTE,PESSIMISTE,CONTRE,Responsabilité mixte,Economie: privé et public,Féministe: POUR féministe,Féministe: POUR féministe,Risque difficile,PLQ,PLC,Femme,Francophones,60 ans et plus,Né Canada,Collégial,Revenus bas
Ind_1405,1.528207,0.155651,1.264426,Sou_NON,CONTRE,CONTRE,POUR,NEUTRE,CONTRE,NEUTRE,NEUTRE,NEUTRE,PESSIMISTE,PESSIMISTE,NEUTRE,CONTRE,Responsabilité mixte,Economie: neutre,Feministre: NEUTRE féministe,Feministre: NEUTRE féministe,Risque difficile,PLQ,PLC,Femme,Francophones,60 ans et plus,Né Canada,Collégial,Revenus élevés
Ind_1406,-1.593882,0.330263,-0.050759,Sou_OUI,POUR,CONTRE,CONTRE,POUR,POUR,POUR,NEUTRE,DÉSACCORD,NEUTRE,NEUTRE,OPTIMISTE,CONTRE,Responsabilité mixte,Economie: privé et public,Feministre: NEUTRE féministe,Féministe: POUR féministe,Risque difficile,NSP,PLC,Homme,Francophones,60 ans et plus,Né Canada,Collégial,Revenus bas
Ind_1407,0.588872,0.691975,0.904565,Sou_NON,CONTRE,CONTRE,CONTRE,NEUTRE,NEUTRE,NEUTRE,ACCORD,DÉSACCORD,NEUTRE,PESSIMISTE,NEUTRE,CONTRE,Responsabilité individuelle,Economie: neutre,Feministre: NEUTRE féministe,Féministe: POUR féministe,Risque difficile,CAQ,PCC,Homme,Francophones,60 ans et plus,Né Canada,Secondaire,Revenus bas
Ind_1408,1.998626,0.186056,0.412567,Sou_NON,CONTRE,CONTRE,POUR,CONTRE,CONTRE,CONTRE,ACCORD,NEUTRE,NEUTRE,PESSIMISTE,PESSIMISTE,POUR,Responsabilité individuelle,Economie: neutre,Feministre: NEUTRE féministe,Feministre: NEUTRE féministe,Risque facile,NSP,Vote fed: NSP,Femme,Francophones,18-39 ans,Né Canada,Collégial,Revenus bas
Ind_1409,0.792392,-0.676402,0.881185,Sou_NON,CONTRE,CONTRE,POUR,CONTRE,NSP,NSP,ACCORD,NEUTRE,OPTIMISTE,OPTIMISTE,NSP,NEUTRE,Responsabilité collective,Economie: neutre,Feministe: CONTRE féministe,Feministe: CONTRE féministe,Risque facile,NSP,Vote fed: NSP,Femme,Francophones,18-39 ans,Né Canada,Collégial,Revenus bas
Ind_1410,0.412348,-0.00599,1.0073,Sou_NON,CONTRE,CONTRE,CONTRE,CONTRE,NEUTRE,POUR,NEUTRE,NEUTRE,PESSIMISTE,OPTIMISTE,NEUTRE,CONTRE,Responsabilité collective,Economie: privé seulement,Feministre: NEUTRE féministe,NSP,Risque difficile,PCQ,NPD,Femme,Francophones,40-59 ans,Né Ailleurs,Collégial,Revenus bas
Ind_1411,1.447649,-0.479086,-0.084006,Sou_NON,CONTRE,POUR,POUR,CONTRE,CONTRE,CONTRE,NEUTRE,ACCORD,OPTIMISTE,PESSIMISTE,NEUTRE,CONTRE,Responsabilité individuelle,Economie: privé et public,Feministre: NEUTRE féministe,Féministe: POUR féministe,Risque difficile,NSP,PLC,Femme,Non francophones,18-39 ans,Né Ailleurs,Collégial,Revenus bas
Ind_1412,0.237689,-0.898986,1.932168,Sou_NON,CONTRE,POUR,POUR,POUR,NSP,NEUTRE,NEUTRE,DÉSACCORD,NEUTRE,NSP,NSP,CONTRE,Responsabilité mixte,Economie: privé et public,NSP,NSP,Risque difficile,NSP,Vote fed: NSP,Femme,Francophones,18-39 ans,Né Canada,Collégial,NSP
Ind_1413,-1.426188,0.19554,-0.4424,Sou_OUI,CONTRE,POUR,POUR,POUR,POUR,NEUTRE,DÉSACCORD,DÉSACCORD,OPTIMISTE,PESSIMISTE,OPTIMISTE,CONTRE,Responsabilité mixte,Economie: privé et public,Féministe: POUR féministe,Féministe: POUR féministe,Risque facile,PQ,BQ,Homme,Francophones,18-39 ans,Né Canada,Collégial,Revenus bas
Ind_1414,1.713893,0.008345,-0.912318,Sou_NON,CONTRE,CONTRE,POUR,NEUTRE,CONTRE,CONTRE,NSP,DÉSACCORD,NEUTRE,PESSIMISTE,PESSIMISTE,POUR,Responsabilité individuelle,Economie: privé et public,Féministe: POUR féministe,Féministe: POUR féministe,Risque difficile,PLQ,PLC,Homme,Francophones,60 ans et plus,Né Canada,Collégial,Revenus moyens
Ind_1415,-0.192754,-0.38306,0.621419,Sou_NSP,POUR,CONTRE,CONTRE,POUR,CONTRE,CONTRE,DÉSACCORD,ACCORD,NEUTRE,NSP,NEUTRE,CONTRE,Responsabilité mixte,Economie: privé et public,Féministe: POUR féministe,Feministre: NEUTRE féministe,Risque facile,NSP,Vote fed: NSP,Femme,Francophones,60 ans et plus,Né Canada,Collégial,NSP
Ind_1416,-1.868107,0.407663,1.107999,Sou_OUI,POUR,POUR,POUR,POUR,POUR,POUR,NEUTRE,DÉSACCORD,OPTIMISTE,OPTIMISTE,OPTIMISTE,CONTRE,Responsabilité mixte,Economie: neutre,Feministre: NEUTRE féministe,Feministre: NEUTRE féministe,Risque difficile,Vote prov: NSP,Vote fed: NSP,Femme,Francophones,60 ans et plus,Né Canada,Collégial,Revenus moyens
Ind_1417,-2.383013,1.438094,0.22353,Sou_OUI,POUR,POUR,POUR,POUR,POUR,POUR,DÉSACCORD,DÉSACCORD,OPTIMISTE,OPTIMISTE,OPTIMISTE,CONTRE,Responsabilité mixte,Economie: neutre,Feministe: CONTRE féministe,Feministe: CONTRE féministe,Risque facile,PQ,BQ,Homme,Francophones,40-59 ans,Né Canada,Secondaire,Revenus bas
Ind_1418,2.257679,-0.352686,-0.366918,Sou_NON,CONTRE,CONTRE,POUR,CONTRE,CONTRE,CONTRE,NEUTRE,NEUTRE,NSP,PESSIMISTE,PESSIMISTE,NEUTRE,Responsabilité collective,Economie: privé et public,Feministre: NEUTRE féministe,Feministre: NEUTRE féministe,Risque difficile,PLQ,PLC,Femme,Non francophones,18-39 ans,Né Canada,Collégial,Revenus élevés
Ind_1419,-1.651551,-1.549478,-1.117271,Sou_OUI,POUR,POUR,POUR,POUR,CONTRE,POUR,ACCORD,ACCORD,OPTIMISTE,NEUTRE,OPTIMISTE,POUR,Responsabilité individuelle,Economie: privé et public,Féministe: POUR féministe,Féministe: POUR féministe,Risque difficile,PQ,BQ,Femme,Francophones,18-39 ans,Né Canada,Universitaire,Revenus bas
Ind_1420,-1.486404,-0.465908,-0.53978,Sou_NSP,POUR,POUR,POUR,POUR,POUR,POUR,ACCORD,NSP,OPTIMISTE,OPTIMISTE,OPTIMISTE,NSP,NSP,Economie: privé seulement,Féministe: POUR féministe,Féministe: POUR féministe,Risque facile,PLQ,PLC,Homme,Francophones,18-39 ans,Né Canada,Collégial,Revenus bas
Ind_1421,-1.17608,0.377197,0.628265,Sou_NSP,POUR,POUR,NSP,POUR,POUR,NEUTRE,DÉSACCORD,DÉSACCORD,NEUTRE,NSP,NEUTRE,POUR,Responsabilité collective,Economie: privé et public,Feministre: NEUTRE féministe,Feministre: NEUTRE féministe,Risque facile,NSP,Vote fed: NSP,Homme,Francophones,60 ans et plus,Né Canada,Universitaire,NSP
Ind_1422,-0.912638,0.153261,1.008173,Sou_NON,NSP,POUR,CONTRE,POUR,NEUTRE,NEUTRE,DÉSACCORD,DÉSACCORD,NEUTRE,NEUTRE,NSP,CONTRE,Responsabilité mixte,Economie: privé et public,Feministe: CONTRE féministe,Féministe: POUR féministe,Risque difficile,NSP,BQ,Homme,Francophones,60 ans et plus,Né Canada,Collégial,Revenus bas
Ind_1423,0.947953,-1.242173,1.700214,Sou_NON,CONTRE,NSP,POUR,NSP,NSP,NSP,NEUTRE,NEUTRE,NEUTRE,NSP,NSP,CONTRE,Responsabilité collective,NSP,NSP,NSP,NSP,NSP,Vote fed: NSP,Femme,Non francophones,18-39 ans,Né Canada,Universitaire,NSP
Ind_1424,-0.089609,-0.355788,0.241627,Sou_NON,NSP,NSP,NSP,POUR,NSP,CONTRE,DÉSACCORD,DÉSACCORD,NEUTRE,PESSIMISTE,OPTIMISTE,NEUTRE,Responsabilité individuelle,NSP,Féministe: POUR féministe,Féministe: POUR féministe,Risque facile,CAQ,BQ,Femme,Francophones,40-59 ans,Né Canada,Collégial,Revenus élevés
Ind_1425,0.790498,-0.116025,-0.223757,Sou_NSP,POUR,CONTRE,POUR,CONTRE,CONTRE,CONTRE,NSP,NSP,OPTIMISTE,PESSIMISTE,OPTIMISTE,CONTRE,Responsabilité collective,Economie: privé et public,Feministre: NEUTRE féministe,Feministre: NEUTRE féministe,Risque facile,NSP,PLC,Femme,Non francophones,18-39 ans,Né Ailleurs,Universitaire,Revenus bas
Ind_1426,0.51247,0.883691,-0.321788,Sou_NON,CONTRE,CONTRE,POUR,POUR,CONTRE,CONTRE,ACCORD,DÉSACCORD,OPTIMISTE,PESSIMISTE,OPTIMISTE,CONTRE,Responsabilité mixte,Economie: privé et public,Feministe: CONTRE féministe,Feministre: NEUTRE féministe,Risque difficile,PQ,PCC,Homme,Francophones,18-39 ans,Né Canada,Secondaire,Revenus moyens
Ind_1427,2.148863,-0.894855,-1.01481,Sou_NON,CONTRE,CONTRE,POUR,CONTRE,CONTRE,CONTRE,NEUTRE,ACCORD,NEUTRE,PESSIMISTE,PESSIMISTE,CONTRE,Responsabilité mixte,Economie: privé et public,Féministe: POUR féministe,Féministe: POUR féministe,Risque difficile,PLQ,PLC,Femme,Non francophones,60 ans et plus,Né Canada,Universitaire,Revenus bas
Ind_1428,1.595457,1.375413,0.494818,Sou_NON,CONTRE,CONTRE,POUR,NEUTRE,CONTRE,NEUTRE,NEUTRE,NEUTRE,PESSIMISTE,PESSIMISTE,PESSIMISTE,CONTRE,Responsabilité individuelle,Economie: neutre,Feministre: NEUTRE féministe,Feministre: NEUTRE féministe,Risque facile,PLQ,PLC,Homme,Francophones,40-59 ans,Né Canada,Collégial,Revenus moyens
Ind_1429,0.621248,-0.486575,0.675534,Sou_NON,CONTRE,CONTRE,POUR,CONTRE,POUR,NEUTRE,NSP,DÉSACCORD,NEUTRE,NEUTRE,NSP,POUR,NSP,Economie: neutre,Féministe: POUR féministe,Féministe: POUR féministe,Risque difficile,NSP,Vote fed: NSP,Homme,Francophones,60 ans et plus,Né Ailleurs,Collégial,Revenus bas
Ind_1430,1.049362,-1.703712,1.083975,Sou_NON,NSP,NSP,POUR,NEUTRE,NEUTRE,NEUTRE,ACCORD,NSP,NEUTRE,PESSIMISTE,PESSIMISTE,NEUTRE,Responsabilité mixte,NSP,Féministe: POUR féministe,Féministe: POUR féministe,Risque difficile,Vote prov: NSP,NSP,Femme,Non francophones,40-59 ans,Né Canada,Secondaire,Revenus bas
Ind_1431,1.128277,-0.76835,-0.021146,Sou_NON,CONTRE,POUR,POUR,NEUTRE,CONTRE,CONTRE,NEUTRE,DÉSACCORD,OPTIMISTE,PESSIMISTE,PESSIMISTE,CONTRE,Responsabilité collective,NSP,Féministe: POUR féministe,Féministe: POUR féministe,Risque difficile,PLQ,PLC,Femme,Francophones,18-39 ans,Né Canada,Collégial,Revenus bas
Ind_1432,1.871042,0.094486,-0.872543,Sou_NON,CONTRE,CONTRE,POUR,CONTRE,CONTRE,CONTRE,ACCORD,DÉSACCORD,NSP,PESSIMISTE,PESSIMISTE,POUR,Responsabilité mixte,Economie: privé et public,Feministe: CONTRE féministe,Féministe: POUR féministe,Risque difficile,PLQ,PLC,Homme,Francophones,60 ans et plus,Né Canada,Secondaire,NSP
Ind_1433,2.304095,-0.571583,-1.546898,Sou_NON,CONTRE,CONTRE,POUR,CONTRE,CONTRE,CONTRE,ACCORD,DÉSACCORD,NEUTRE,PESSIMISTE,PESSIMISTE,NEUTRE,Responsabilité individuelle,Economie: privé et public,Féministe: POUR féministe,Féministe: POUR féministe,Risque facile,PLQ,PLC,Femme,Non francophones,18-39 ans,Né Ailleurs,Collégial,Revenus élevés
Ind_1434,1.167984,-1.301169,-0.590912,Sou_NON,CONTRE,CONTRE,CONTRE,CONTRE,CONTRE,CONTRE,ACCORD,NEUTRE,NEUTRE,PESSIMISTE,PESSIMISTE,NEUTRE,Responsabilité collective,Economie: neutre,Féministe: POUR féministe,Féministe: POUR féministe,Risque difficile,PQ,BQ,Femme,Francophones,18-39 ans,Né Canada,Collégial,Revenus élevés
Ind_1435,1.79503,-1.282628,-1.115244,Sou_NON,CONTRE,POUR,POUR,CONTRE,CONTRE,CONTRE,ACCORD,NEUTRE,NSP,PESSIMISTE,PESSIMISTE,CONTRE,Responsabilité collective,Economie: privé et public,Féministe: POUR féministe,Féministe: POUR féministe,Risque difficile,PLQ,PLC,Femme,Non francophones,40-59 ans,Né Canada,Universitaire,NSP
Ind_1436,-2.531174,-0.998323,-0.541335,Sou_OUI,POUR,POUR,CONTRE,POUR,POUR,POUR,ACCORD,NEUTRE,OPTIMISTE,OPTIMISTE,OPTIMISTE,CONTRE,Responsabilité individuelle,Economie: privé et public,Féministe: POUR féministe,Féministe: POUR féministe,Risque difficile,PQ,BQ,Femme,Francophones,40-59 ans,Né Canada,Collégial,NSP
Ind_1437,-0.94876,-0.032987,-1.479471,Sou_NON,CONTRE,POUR,POUR,POUR,POUR,POUR,ACCORD,ACCORD,OPTIMISTE,PESSIMISTE,OPTIMISTE,CONTRE,Responsabilité individuelle,Economie: privé et public,Féministe: POUR féministe,Féministe: POUR féministe,Risque facile,PQ,BQ,Homme,Francophones,40-59 ans,Né Canada,Universitaire,Revenus élevés
Ind_1438,2.239447,-0.082862,-0.195628,Sou_NON,CONTRE,CONTRE,POUR,CONTRE,CONTRE,CONTRE,ACCORD,NSP,NEUTRE,PESSIMISTE,PESSIMISTE,NSP,Responsabilité individuelle,Economie: neutre,Féministe: POUR féministe,Feministre: NEUTRE féministe,Risque difficile,PLQ,PCC,Femme,Non francophones,60 ans et plus,Né Canada,Collégial,Revenus élevés
Ind_1439,-1.566118,-0.833747,0.127544,Sou_OUI,POUR,POUR,POUR,POUR,NEUTRE,NEUTRE,ACCORD,NSP,OPTIMISTE,OPTIMISTE,OPTIMISTE,POUR,Responsabilité individuelle,Economie: neutre,Féministe: POUR féministe,Féministe: POUR féministe,Risque facile,CAQ,BQ,Femme,Francophones,60 ans et plus,Né Canada,Secondaire,Revenus bas
Ind_1440,-0.836255,-0.466535,1.008164,Sou_NSP,CONTRE,POUR,CONTRE,POUR,POUR,POUR,NEUTRE,ACCORD,PESSIMISTE,PESSIMISTE,NEUTRE,CONTRE,Responsabilité mixte,Economie: privé seulement,Féministe: POUR féministe,Feministre: NEUTRE féministe,Risque difficile,PQ,Vote fed: NSP,Femme,Francophones,40-59 ans,Né Canada,Secondaire,NSP
Ind_1441,-2.449724,0.543949,-0.043382,Sou_OUI,POUR,POUR,CONTRE,POUR,POUR,POUR,NEUTRE,DÉSACCORD,NEUTRE,NEUTRE,OPTIMISTE,NEUTRE,Responsabilité collective,Economie: privé et public,Feministre: NEUTRE féministe,Feministre: NEUTRE féministe,Risque difficile,PQ,BQ,Homme,Francophones,60 ans et plus,Né Canada,Collégial,Revenus bas
Ind_1442,1.596008,0.928759,-0.630997,Sou_NON,CONTRE,CONTRE,POUR,POUR,CONTRE,CONTRE,NEUTRE,NEUTRE,PESSIMISTE,PESSIMISTE,PESSIMISTE,POUR,Responsabilité individuelle,Economie: privé seulement,Feministre: NEUTRE féministe,Feministe: CONTRE féministe,Risque difficile,PLQ,PLC,Homme,Francophones,60 ans et plus,Né Canada,Universitaire,Revenus élevés
Ind_1443,-1.024459,-2.011904,-0.415762,Sou_NSP,CONTRE,POUR,CONTRE,POUR,NSP,NSP,ACCORD,ACCORD,PESSIMISTE,NSP,OPTIMISTE,NEUTRE,Responsabilité collective,Economie: privé et public,Féministe: POUR féministe,Féministe: POUR féministe,Risque difficile,PQ,BQ,Femme,Francophones,40-59 ans,Né Canada,Universitaire,Revenus moyens
Ind_1444,0.988813,0.819568,-0.429682,Sou_NON,CONTRE,CONTRE,CONTRE,NEUTRE,CONTRE,CONTRE,ACCORD,NEUTRE,PESSIMISTE,NEUTRE,OPTIMISTE,POUR,Responsabilité individuelle,Economie: neutre,Feministre: NEUTRE féministe,Feministe: CONTRE féministe,Risque facile,PLQ,PLC,Homme,Non francophones,40-59 ans,Né Canada,Secondaire,Revenus bas
Ind_1445,2.246535,-0.339627,-0.274115,Sou_NON,CONTRE,CONTRE,POUR,CONTRE,CONTRE,CONTRE,NEUTRE,NEUTRE,NEUTRE,PESSIMISTE,PESSIMISTE,CONTRE,Responsabilité mixte,Economie: privé et public,NSP,NSP,Risque difficile,PLQ,PLC,Femme,Non francophones,60 ans et plus,Né Canada,Universitaire,NSP
Ind_1446,1.998072,-0.559514,-1.156061,Sou_NON,CONTRE,CONTRE,POUR,CONTRE,CONTRE,CONTRE,ACCORD,DÉSACCORD,NEUTRE,PESSIMISTE,PESSIMISTE,POUR,Responsabilité collective,Economie: privé et public,Feministre: NEUTRE féministe,Féministe: POUR féministe,Risque difficile,PLQ,PLC,Femme,Francophones,60 ans et plus,Né Canada,Universitaire,Revenus bas
Ind_1447,0.928987,-1.284068,0.130859,Sou_NON,CONTRE,NSP,POUR,CONTRE,CONTRE,CONTRE,ACCORD,ACCORD,OPTIMISTE,NEUTRE,NEUTRE,CONTRE,Responsabilité mixte,Economie: privé et public,Féministe: POUR féministe,Féministe: POUR féministe,Risque facile,NSP,Vote fed: NSP,Femme,Francophones,18-39 ans,Né Canada,Collégial,Revenus bas
Ind_1448,0.44304,-0.564931,-0.151173,Sou_NON,POUR,CONTRE,POUR,CONTRE,POUR,CONTRE,ACCORD,ACCORD,PESSIMISTE,PESSIMISTE,OPTIMISTE,CONTRE,Responsabilité mixte,Economie: neutre,Féministe: POUR féministe,Féministe: POUR féministe,Risque difficile,QS,Vote fed: NSP,Homme,Francophones,18-39 ans,Né Canada,Collégial,Revenus moyens
Ind_1449,0.072584,-0.883094,0.485026,Sou_NON,CONTRE,POUR,POUR,CONTRE,POUR,NEUTRE,NEUTRE,NEUTRE,NEUTRE,NEUTRE,NEUTRE,CONTRE,Responsabilité individuelle,Economie: privé et public,Féministe: POUR féministe,Féministe: POUR féministe,Risque difficile,PQ,PVQ,Femme,Francophones,40-59 ans,Né Canada,Collégial,Revenus bas
Ind_1450,-2.573629,-1.183862,-0.760533,Sou_OUI,POUR,POUR,CONTRE,POUR,POUR,POUR,NEUTRE,NEUTRE,OPTIMISTE,NEUTRE,OPTIMISTE,CONTRE,Responsabilité collective,Economie: privé et public,Féministe: POUR féministe,Féministe: POUR féministe,Risque difficile,PQ,BQ,Femme,Francophones,40-59 ans,Né Canada,Universitaire,Revenus élevés
Ind_1451,-1.296383,0.233592,-1.666053,Sou_OUI,POUR,POUR,POUR,POUR,POUR,CONTRE,ACCORD,DÉSACCORD,OPTIMISTE,PESSIMISTE,OPTIMISTE,POUR,Responsabilité collective,Economie: privé et public,Feministre: NEUTRE féministe,Féministe: POUR féministe,Risque facile,PQ,PLC,Homme,Francophones,60 ans et plus,Né Canada,Universitaire,Revenus moyens
Ind_1452,1.905985,1.160874,-0.857508,Sou_NON,CONTRE,CONTRE,POUR,CONTRE,CONTRE,CONTRE,DÉSACCORD,DÉSACCORD,OPTIMISTE,PESSIMISTE,PESSIMISTE,POUR,Responsabilité individuelle,Economie: privé seulement,Feministe: CONTRE féministe,Feministre: NEUTRE féministe,Risque facile,NSP,PLC,Femme,Non francophones,60 ans et plus,Né Ailleurs,Universitaire,Revenus moyens
Ind_1453,1.041543,-1.812793,-0.321466,Sou_NON,CONTRE,CONTRE,POUR,POUR,NEUTRE,NEUTRE,ACCORD,NEUTRE,PESSIMISTE,PESSIMISTE,PESSIMISTE,NEUTRE,Responsabilité collective,Economie: privé et public,Féministe: POUR féministe,Féministe: POUR féministe,Risque difficile,QS,NPD,Femme,Francophones,18-39 ans,Né Canada,Collégial,Revenus élevés
Ind_1454,1.908478,-0.496806,-0.936508,Sou_NON,CONTRE,CONTRE,POUR,NEUTRE,CONTRE,CONTRE,ACCORD,NEUTRE,NEUTRE,PESSIMISTE,PESSIMISTE,NEUTRE,Responsabilité mixte,Economie: privé et public,Féministe: POUR féministe,Féministe: POUR féministe,Risque facile,NSP,PLC,Homme,Non francophones,60 ans et plus,Né Canada,Collégial,NSP
Ind_1455,2.024514,-0.387994,-1.746183,Sou_NON,CONTRE,CONTRE,POUR,NEUTRE,CONTRE,CONTRE,ACCORD,NEUTRE,NEUTRE,PESSIMISTE,PESSIMISTE,NEUTRE,Responsabilité individuelle,Economie: privé et public,Féministe: POUR féministe,Féministe: POUR féministe,Risque facile,PLQ,PLC,Homme,Non francophones,18-39 ans,Né Canada,Universitaire,Revenus moyens
Ind_1456,-2.329491,-0.107899,-0.517823,Sou_OUI,POUR,POUR,CONTRE,POUR,POUR,POUR,ACCORD,NEUTRE,NEUTRE,NEUTRE,OPTIMISTE,NEUTRE,Responsabilité mixte,Economie: privé et public,Feministre: NEUTRE féministe,Féministe: POUR féministe,Risque facile,PQ,BQ,Homme,Francophones,40-59 ans,Né Canada,Collégial,Revenus bas
Ind_1457,-2.789181,-0.068094,-0.310719,Sou_OUI,POUR,POUR,CONTRE,POUR,POUR,POUR,NEUTRE,DÉSACCORD,OPTIMISTE,OPTIMISTE,OPTIMISTE,NEUTRE,Responsabilité mixte,Economie: privé seulement,Féministe: POUR féministe,Féministe: POUR féministe,Risque difficile,PQ,BQ,Homme,Francophones,60 ans et plus,Né Canada,Collégial,Revenus bas
Ind_1458,0.392152,-0.598994,2.678209,Sou_NSP,CONTRE,NSP,POUR,NEUTRE,NSP,NSP,NEUTRE,NEUTRE,NSP,NSP,NSP,CONTRE,Responsabilité individuelle,NSP,Feministre: NEUTRE féministe,Feministre: NEUTRE féministe,Risque difficile,Vote prov: NSP,Vote fed: NSP,Femme,Francophones,18-39 ans,Né Canada,Collégial,Revenus bas
Ind_1459,0.840976,-0.382478,0.638897,Sou_NON,NSP,NSP,POUR,NEUTRE,NEUTRE,NEUTRE,DÉSACCORD,DÉSACCORD,NEUTRE,PESSIMISTE,PESSIMISTE,NEUTRE,Responsabilité individuelle,Economie: neutre,Féministe: POUR féministe,Féministe: POUR féministe,Risque facile,PLQ,PLC,Femme,Francophones,60 ans et plus,Né Canada,Collégial,Revenus bas
Ind_1460,-0.65387,-0.520217,1.205403,Sou_OUI,POUR,POUR,POUR,POUR,POUR,NEUTRE,NEUTRE,NEUTRE,PESSIMISTE,PESSIMISTE,NEUTRE,CONTRE,Responsabilité mixte,Economie: neutre,Feministe: CONTRE féministe,Féministe: POUR féministe,Risque difficile,PCQ,PCC,Femme,Francophones,18-39 ans,Né Canada,Collégial,NSP
Ind_1461,1.248026,-0.161077,-0.978894,Sou_NON,CONTRE,CONTRE,POUR,CONTRE,CONTRE,CONTRE,ACCORD,DÉSACCORD,NEUTRE,PESSIMISTE,OPTIMISTE,NEUTRE,Responsabilité collective,Economie: privé seulement,Féministe: POUR féministe,Féministe: POUR féministe,Risque difficile,PQ,PLC,Homme,Francophones,40-59 ans,Né Canada,Collégial,Revenus moyens
Ind_1462,0.514522,-1.503727,-0.397826,Sou_NON,CONTRE,POUR,POUR,POUR,CONTRE,CONTRE,NSP,ACCORD,PESSIMISTE,PESSIMISTE,NSP,NSP,Responsabilité mixte,Economie: privé et public,Féministe: POUR féministe,Féministe: POUR féministe,Risque difficile,PQ,BQ,Femme,Francophones,18-39 ans,Né Canada,Universitaire,Revenus élevés
Ind_1463,-0.009811,-0.833136,0.351146,Sou_NON,CONTRE,POUR,CONTRE,NEUTRE,POUR,CONTRE,DÉSACCORD,NSP,PESSIMISTE,PESSIMISTE,OPTIMISTE,NEUTRE,Responsabilité individuelle,Economie: privé et public,Féministe: POUR féministe,Féministe: POUR féministe,Risque difficile,NSP,Vote fed: NSP,Femme,Francophones,60 ans et plus,Né Canada,Collégial,Revenus bas
Ind_1464,-2.053517,1.424955,0.177469,Sou_OUI,POUR,POUR,CONTRE,CONTRE,POUR,POUR,NEUTRE,ACCORD,OPTIMISTE,NEUTRE,OPTIMISTE,CONTRE,Responsabilité individuelle,Economie: privé seulement,Feministre: NEUTRE féministe,Feministre: NEUTRE féministe,Risque facile,CAQ,BQ,Homme,Francophones,60 ans et plus,Né Canada,Secondaire,NSP
Ind_1465,-0.756585,-0.131175,0.815854,Sou_NSP,POUR,POUR,POUR,NEUTRE,NEUTRE,NEUTRE,ACCORD,ACCORD,OPTIMISTE,PESSIMISTE,NEUTRE,CONTRE,Responsabilité mixte,Economie: neutre,Feministre: NEUTRE féministe,Féministe: POUR féministe,Risque facile,PQ,BQ,Homme,Francophones,18-39 ans,Né Canada,Secondaire,Revenus moyens
Ind_1466,-1.982676,-0.239655,-0.585481,Sou_OUI,POUR,POUR,CONTRE,POUR,POUR,NEUTRE,ACCORD,NEUTRE,OPTIMISTE,NEUTRE,OPTIMISTE,CONTRE,Responsabilité mixte,Economie: privé et public,Feministre: NEUTRE féministe,Féministe: POUR féministe,Risque facile,PQ,Vote fed: NSP,Homme,Non francophones,18-39 ans,Né Ailleurs,Universitaire,Revenus bas
Ind_1467,1.526558,-1.663654,0.34579,Sou_NON,CONTRE,NSP,POUR,CONTRE,CONTRE,CONTRE,NSP,NSP,NEUTRE,PESSIMISTE,NSP,POUR,Responsabilité mixte,Economie: privé et public,Féministe: POUR féministe,Féministe: POUR féministe,Risque difficile,NSP,NPD,Femme,Francophones,18-39 ans,Né Canada,Secondaire,Revenus moyens
Ind_1468,0.450737,0.272534,-0.803969,Sou_NON,CONTRE,CONTRE,POUR,POUR,POUR,POUR,DÉSACCORD,DÉSACCORD,PESSIMISTE,PESSIMISTE,PESSIMISTE,NEUTRE,Responsabilité individuelle,Economie: neutre,Féministe: POUR féministe,Féministe: POUR féministe,Risque difficile,NSP,BQ,Homme,Non francophones,40-59 ans,Né Canada,Universitaire,Revenus élevés
Ind_1469,1.776583,0.02173,-0.835244,Sou_NON,CONTRE,POUR,POUR,CONTRE,CONTRE,CONTRE,ACCORD,DÉSACCORD,NEUTRE,PESSIMISTE,PESSIMISTE,CONTRE,Responsabilité collective,Economie: privé et public,Féministe: POUR féministe,Feministre: NEUTRE féministe,Risque facile,PLQ,PLC,Femme,Non francophones,40-59 ans,Né Canada,Collégial,Revenus bas
Ind_1470,1.705814,0.402704,0.966014,Sou_NON,CONTRE,NSP,POUR,CONTRE,CONTRE,CONTRE,DÉSACCORD,DÉSACCORD,NSP,PESSIMISTE,PESSIMISTE,CONTRE,Responsabilité mixte,Economie: privé seulement,NSP,NSP,NSP,NSP,PLC,Femme,Francophones,40-59 ans,Né Ailleurs,Collégial,Revenus bas
Ind_1471,1.709269,1.646368,0.132389,Sou_NON,CONTRE,CONTRE,POUR,CONTRE,CONTRE,CONTRE,NEUTRE,DÉSACCORD,PESSIMISTE,PESSIMISTE,PESSIMISTE,CONTRE,Responsabilité collective,Economie: neutre,Feministe: CONTRE féministe,Feministe: CONTRE féministe,Risque facile,PCQ,PCC,Homme,Francophones,40-59 ans,Né Canada,Secondaire,Revenus bas
Ind_1472,1.493083,1.521599,0.505642,Sou_NON,CONTRE,CONTRE,POUR,NEUTRE,CONTRE,CONTRE,DÉSACCORD,DÉSACCORD,PESSIMISTE,PESSIMISTE,PESSIMISTE,POUR,Responsabilité mixte,Economie: privé seulement,Feministre: NEUTRE féministe,Feministre: NEUTRE féministe,Risque difficile,CAQ,PCC,Homme,Francophones,60 ans et plus,Né Canada,Secondaire,Revenus bas
Ind_1473,-1.035513,-0.502334,0.508465,Sou_NSP,NSP,POUR,NSP,POUR,POUR,POUR,DÉSACCORD,NEUTRE,OPTIMISTE,PESSIMISTE,OPTIMISTE,NSP,Responsabilité collective,Economie: neutre,Feministe: CONTRE féministe,Feministe: CONTRE féministe,Risque difficile,NSP,PLC,Femme,Francophones,40-59 ans,Né Canada,Universitaire,Revenus élevés
Ind_1474,-0.758783,-1.057164,1.380998,Sou_OUI,POUR,NSP,POUR,POUR,NEUTRE,NEUTRE,ACCORD,DÉSACCORD,OPTIMISTE,PESSIMISTE,OPTIMISTE,CONTRE,Responsabilité mixte,Economie: neutre,NSP,Féministe: POUR féministe,Risque difficile,NSP,Vote fed: NSP,Femme,Francophones,18-39 ans,Né Canada,Secondaire,NSP
Ind_1475,1.624884,-1.047545,-0.913641,Sou_NON,CONTRE,CONTRE,POUR,NEUTRE,CONTRE,CONTRE,ACCORD,DÉSACCORD,NEUTRE,PESSIMISTE,PESSIMISTE,POUR,Responsabilité collective,Economie: privé et public,Féministe: POUR féministe,Féministe: POUR féministe,Risque facile,QS,NPD,Femme,Francophones,18-39 ans,Né Canada,Collégial,Revenus bas
Ind_1476,-0.273024,0.487369,0.084635,Sou_NON,CONTRE,POUR,POUR,POUR,POUR,NEUTRE,ACCORD,ACCORD,OPTIMISTE,OPTIMISTE,OPTIMISTE,CONTRE,Responsabilité individuelle,Economie: privé seulement,Feministre: NEUTRE féministe,Feministe: CONTRE féministe,Risque difficile,NSP,PLC,Homme,Non francophones,18-39 ans,Né Canada,Secondaire,Revenus moyens
Ind_1477,-2.435041,-0.196343,-0.687947,Sou_OUI,POUR,POUR,CONTRE,POUR,POUR,POUR,NEUTRE,DÉSACCORD,OPTIMISTE,NEUTRE,OPTIMISTE,CONTRE,Responsabilité individuelle,Economie: privé et public,Féministe: POUR féministe,Féministe: POUR féministe,Risque facile,PQ,PLC,Femme,Francophones,60 ans et plus,Né Canada,Secondaire,NSP
Ind_1478,0.927484,-0.30536,1.043315,Sou_NON,CONTRE,NSP,POUR,NSP,CONTRE,CONTRE,NSP,DÉSACCORD,NEUTRE,PESSIMISTE,NSP,CONTRE,Responsabilité mixte,Economie: privé et public,Feministe: CONTRE féministe,NSP,Risque difficile,PQ,BQ,Femme,Francophones,18-39 ans,Né Canada,Collégial,Revenus bas
Ind_1479,-0.662768,-1.779449,-0.440515,Sou_NSP,POUR,POUR,POUR,POUR,CONTRE,NEUTRE,ACCORD,ACCORD,NEUTRE,PESSIMISTE,OPTIMISTE,NEUTRE,Responsabilité mixte,Economie: privé et public,Féministe: POUR féministe,Féministe: POUR féministe,Risque difficile,PQ,BQ,Femme,Francophones,40-59 ans,Né Canada,Universitaire,Revenus moyens
Ind_1480,-2.527717,0.890244,-0.061477,Sou_OUI,POUR,POUR,CONTRE,POUR,NEUTRE,POUR,NEUTRE,ACCORD,OPTIMISTE,OPTIMISTE,OPTIMISTE,CONTRE,Responsabilité individuelle,Economie: privé seulement,Féministe: POUR féministe,Feministre: NEUTRE féministe,Risque facile,PQ,BQ,Homme,Francophones,60 ans et plus,Né Canada,Secondaire,Revenus bas
Ind_1481,1.520443,0.089034,0.103535,Sou_NON,CONTRE,CONTRE,POUR,CONTRE,CONTRE,CONTRE,NEUTRE,ACCORD,NEUTRE,PESSIMISTE,OPTIMISTE,CONTRE,Responsabilité mixte,Economie: privé et public,Feministre: NEUTRE féministe,Feministre: NEUTRE féministe,Risque difficile,PCQ,PCC,Femme,Francophones,18-39 ans,Né Canada,Universitaire,Revenus moyens
Ind_1482,0.920487,0.53474,0.723776,Sou_NON,CONTRE,CONTRE,POUR,NEUTRE,POUR,NEUTRE,NEUTRE,ACCORD,NEUTRE,PESSIMISTE,NEUTRE,CONTRE,Responsabilité individuelle,Economie: privé seulement,NSP,NSP,Risque difficile,PCQ,PCC,Homme,Francophones,18-39 ans,Né Canada,Universitaire,Revenus élevés
Ind_1483,0.30374,-0.878835,1.11853,Sou_NON,CONTRE,POUR,POUR,NEUTRE,CONTRE,NEUTRE,NEUTRE,NEUTRE,PESSIMISTE,NSP,NEUTRE,CONTRE,Responsabilité mixte,Economie: privé et public,Feministre: NEUTRE féministe,Féministe: POUR féministe,Risque difficile,PQ,BQ,Femme,Francophones,18-39 ans,Né Canada,Collégial,Revenus moyens
Ind_1484,-1.226336,1.260837,-0.102389,Sou_NON,CONTRE,POUR,POUR,POUR,POUR,POUR,DÉSACCORD,DÉSACCORD,OPTIMISTE,NEUTRE,OPTIMISTE,CONTRE,Responsabilité mixte,Economie: privé et public,Feministe: CONTRE féministe,Feministre: NEUTRE féministe,Risque facile,PQ,Vote fed: NSP,Homme,Francophones,40-59 ans,Né Canada,Universitaire,Revenus bas
Ind_1485,-0.869204,1.327769,0.167384,Sou_NON,NSP,NSP,POUR,POUR,POUR,NSP,DÉSACCORD,DÉSACCORD,OPTIMISTE,NSP,OPTIMISTE,NSP,Responsabilité individuelle,Economie: privé seulement,Feministe: CONTRE féministe,Feministre: NEUTRE féministe,Risque facile,PQ,PLC,Homme,Francophones,60 ans et plus,Né Canada,Universitaire,Revenus bas
Ind_1486,0.434702,0.865644,-0.702213,Sou_NSP,POUR,POUR,POUR,POUR,CONTRE,CONTRE,DÉSACCORD,NEUTRE,NEUTRE,PESSIMISTE,PESSIMISTE,POUR,Responsabilité individuelle,Economie: privé et public,Feministe: CONTRE féministe,Feministe: CONTRE féministe,Risque facile,PCQ,PCC,Homme,Non francophones,18-39 ans,Né Canada,Universitaire,Revenus bas
Ind_1487,1.760106,-0.062022,0.378953,Sou_NON,CONTRE,CONTRE,POUR,NEUTRE,CONTRE,CONTRE,NEUTRE,DÉSACCORD,PESSIMISTE,PESSIMISTE,NEUTRE,CONTRE,Responsabilité mixte,Economie: privé et public,Feministe: CONTRE féministe,Féministe: POUR féministe,Risque difficile,NSP,PCC,Femme,Non francophones,40-59 ans,Né Canada,Collégial,Revenus élevés
Ind_1488,2.40305,0.614559,-0.741257,Sou_NON,CONTRE,CONTRE,POUR,CONTRE,CONTRE,CONTRE,ACCORD,ACCORD,NEUTRE,PESSIMISTE,PESSIMISTE,CONTRE,Responsabilité individuelle,Economie: neutre,Feministre: NEUTRE féministe,Feministre: NEUTRE féministe,Risque facile,PLQ,PLC,Femme,Non francophones,40-59 ans,Né Ailleurs,Universitaire,Revenus moyens
Ind_1489,0.907544,0.264522,-0.649401,Sou_NON,CONTRE,CONTRE,POUR,NEUTRE,POUR,POUR,NEUTRE,NEUTRE,PESSIMISTE,PESSIMISTE,PESSIMISTE,POUR,Responsabilité collective,Economie: privé et public,Féministe: POUR féministe,Feministre: NEUTRE féministe,Risque facile,QS,PCC,Homme,Non francophones,40-59 ans,Né Canada,Collégial,Revenus bas
Ind_1490,1.870178,0.884185,-0.543504,Sou_NON,CONTRE,CONTRE,POUR,NEUTRE,CONTRE,CONTRE,NEUTRE,DÉSACCORD,NEUTRE,PESSIMISTE,PESSIMISTE,CONTRE,Responsabilité mixte,Economie: privé et public,NSP,NSP,Risque facile,PLQ,PLC,Homme,Non francophones,60 ans et plus,Né Canada,Universitaire,Revenus bas
Ind_1491,-1.864877,0.248235,0.029997,Sou_OUI,POUR,CONTRE,POUR,POUR,POUR,POUR,DÉSACCORD,DÉSACCORD,OPTIMISTE,OPTIMISTE,OPTIMISTE,CONTRE,Responsabilité collective,Economie: privé et public,Feministre: NEUTRE féministe,Feministre: NEUTRE féministe,Risque difficile,PQ,BQ,Femme,Francophones,18-39 ans,Né Canada,Collégial,NSP
Ind_1492,-2.592766,0.371586,-1.151498,Sou_OUI,POUR,POUR,CONTRE,POUR,POUR,POUR,ACCORD,NEUTRE,OPTIMISTE,NEUTRE,OPTIMISTE,CONTRE,Responsabilité individuelle,Economie: privé et public,Feministe: CONTRE féministe,Féministe: POUR féministe,Risque facile,PQ,BQ,Homme,Francophones,40-59 ans,Né Canada,Universitaire,Revenus moyens
Ind_1493,-1.51406,0.307609,1.312543,Sou_OUI,POUR,NSP,NSP,POUR,POUR,NEUTRE,DÉSACCORD,DÉSACCORD,OPTIMISTE,OPTIMISTE,PESSIMISTE,CONTRE,Responsabilité mixte,Economie: neutre,NSP,Feministre: NEUTRE féministe,Risque facile,PQ,Vote fed: NSP,Femme,Francophones,18-39 ans,Né Canada,Secondaire,Revenus bas
Ind_1494,1.698913,2.268532,-0.110776,Sou_NON,CONTRE,CONTRE,POUR,CONTRE,CONTRE,CONTRE,DÉSACCORD,DÉSACCORD,PESSIMISTE,PESSIMISTE,PESSIMISTE,CONTRE,Responsabilité individuelle,Economie: privé seulement,Feministe: CONTRE féministe,Feministre: NEUTRE féministe,Risque facile,CAQ,PLC,Homme,Francophones,60 ans et plus,Né Canada,Collégial,Revenus bas
Ind_1495,-1.919318,-0.434631,0.803836,Sou_OUI,POUR,POUR,NSP,POUR,NEUTRE,POUR,NEUTRE,DÉSACCORD,OPTIMISTE,NSP,OPTIMISTE,CONTRE,Responsabilité collective,NSP,Féministe: POUR féministe,Feministre: NEUTRE féministe,Risque facile,NSP,BQ,Femme,Francophones,18-39 ans,Né Canada,Secondaire,NSP
Ind_1496,-2.053263,-1.619103,0.246536,Sou_OUI,POUR,POUR,CONTRE,POUR,POUR,POUR,ACCORD,ACCORD,OPTIMISTE,NEUTRE,OPTIMISTE,NEUTRE,Responsabilité mixte,Economie: neutre,Féministe: POUR féministe,Féministe: POUR féministe,Risque difficile,NSP,Vote fed: NSP,Femme,Francophones,40-59 ans,Né Canada,Secondaire,NSP
Ind_1497,-1.132132,-1.694742,-0.245706,Sou_NSP,NSP,CONTRE,CONTRE,POUR,NSP,NSP,ACCORD,ACCORD,OPTIMISTE,NSP,OPTIMISTE,POUR,Responsabilité mixte,Economie: privé et public,Féministe: POUR féministe,Féministe: POUR féministe,Risque facile,PQ,BQ,Femme,Francophones,40-59 ans,Né Canada,Collégial,NSP
Ind_1498,-1.447696,-0.955679,0.437339,Sou_OUI,POUR,POUR,POUR,POUR,POUR,NSP,ACCORD,NEUTRE,OPTIMISTE,NEUTRE,OPTIMISTE,CONTRE,NSP,Economie: privé et public,Féministe: POUR féministe,Feministre: NEUTRE féministe,Risque difficile,NSP,PCC,Femme,Francophones,18-39 ans,Né Canada,Collégial,NSP
Ind_1499,1.941816,0.480606,-0.327291,Sou_NON,CONTRE,CONTRE,POUR,CONTRE,CONTRE,CONTRE,NEUTRE,ACCORD,PESSIMISTE,PESSIMISTE,PESSIMISTE,CONTRE,Responsabilité mixte,Economie: privé et public,Feministre: NEUTRE féministe,Feministre: NEUTRE féministe,Risque facile,CAQ,PLC,Femme,Francophones,40-59 ans,Né Canada,Universitaire,Revenus élevés
Ind_1500,1.746091,-0.087839,-0.562367,Sou_NON,CONTRE,CONTRE,POUR,CONTRE,CONTRE,CONTRE,NEUTRE,DÉSACCORD,PESSIMISTE,PESSIMISTE,NEUTRE,NEUTRE,Responsabilité individuelle,Economie: neutre,Féministe: POUR féministe,Féministe: POUR féministe,Risque facile,PCQ,PLC,Femme,Francophones,40-59 ans,Né Canada,Universitaire,Revenus élevés
Ind_1501,-0.463139,0.980283,1.074116,Sou_NON,POUR,POUR,POUR,POUR,POUR,POUR,NEUTRE,NEUTRE,NEUTRE,PESSIMISTE,NEUTRE,CONTRE,Responsabilité individuelle,Economie: privé seulement,Feministe: CONTRE féministe,Feministre: NEUTRE féministe,Risque difficile,NSP,Vote fed: NSP,Homme,Francophones,40-59 ans,Né Canada,Collégial,Revenus bas
Ind_1502,-2.750848,1.340929,-0.659934,Sou_OUI,POUR,POUR,CONTRE,POUR,POUR,POUR,DÉSACCORD,DÉSACCORD,OPTIMISTE,NEUTRE,OPTIMISTE,CONTRE,Responsabilité individuelle,Economie: privé seulement,Feministre: NEUTRE féministe,Féministe: POUR féministe,Risque facile,PQ,BQ,Homme,Francophones,40-59 ans,Né Canada,Universitaire,Revenus moyens
Ind_1503,1.152031,0.625919,0.22754,Sou_NON,CONTRE,CONTRE,POUR,NEUTRE,CONTRE,CONTRE,NEUTRE,DÉSACCORD,PESSIMISTE,PESSIMISTE,NEUTRE,CONTRE,Responsabilité individuelle,Economie: privé seulement,Féministe: POUR féministe,Féministe: POUR féministe,Risque difficile,CAQ,BQ,Homme,Francophones,40-59 ans,Né Canada,Secondaire,Revenus bas
Ind_1504,-2.574387,-1.297216,-1.438693,Sou_OUI,POUR,POUR,CONTRE,POUR,POUR,POUR,ACCORD,NEUTRE,OPTIMISTE,OPTIMISTE,OPTIMISTE,POUR,Responsabilité collective,Economie: privé et public,Féministe: POUR féministe,Féministe: POUR féministe,Risque facile,PQ,BQ,Femme,Francophones,40-59 ans,Né Canada,Universitaire,Revenus bas
Ind_1505,1.774705,-0.513688,-0.886653,Sou_NON,CONTRE,CONTRE,POUR,CONTRE,CONTRE,CONTRE,ACCORD,ACCORD,OPTIMISTE,PESSIMISTE,NEUTRE,POUR,Responsabilité individuelle,Economie: privé et public,Feministe: CONTRE féministe,Feministe: CONTRE féministe,Risque difficile,PLQ,PLC,Femme,Francophones,18-39 ans,Né Canada,Universitaire,Revenus bas
Ind_1506,0.831371,1.11309,-0.896346,Sou_NON,CONTRE,CONTRE,POUR,POUR,CONTRE,CONTRE,DÉSACCORD,DÉSACCORD,PESSIMISTE,PESSIMISTE,OPTIMISTE,CONTRE,Responsabilité individuelle,Economie: privé seulement,Féministe: POUR féministe,Féministe: POUR féministe,Risque facile,PQ,PCC,Homme,Non francophones,18-39 ans,Né Canada,Collégial,Revenus élevés
Ind_1507,-2.351139,0.987698,0.302287,Sou_OUI,POUR,POUR,POUR,POUR,POUR,POUR,NEUTRE,DÉSACCORD,OPTIMISTE,OPTIMISTE,OPTIMISTE,CONTRE,Responsabilité mixte,Economie: neutre,NSP,NSP,Risque facile,PQ,BQ,Homme,Francophones,60 ans et plus,Né Canada,Collégial,Revenus élevés
Ind_1508,-1.752066,-0.759456,0.652219,Sou_NSP,CONTRE,POUR,CONTRE,NEUTRE,POUR,POUR,DÉSACCORD,NEUTRE,OPTIMISTE,OPTIMISTE,OPTIMISTE,CONTRE,Responsabilité mixte,Economie: neutre,Féministe: POUR féministe,Féministe: POUR féministe,Risque difficile,PQ,BQ,Femme,Francophones,60 ans et plus,Né Canada,Collégial,Revenus bas
Ind_1509,0.807078,0.164565,0.065597,Sou_NON,CONTRE,CONTRE,POUR,POUR,CONTRE,CONTRE,DÉSACCORD,DÉSACCORD,PESSIMISTE,NEUTRE,NEUTRE,NEUTRE,Responsabilité collective,Economie: privé et public,NSP,NSP,NSP,NSP,Vote fed: NSP,Homme,Francophones,18-39 ans,Né Canada,Universitaire,Revenus bas
Ind_1510,0.095022,-0.166988,0.681087,Sou_NON,CONTRE,NSP,POUR,POUR,POUR,POUR,NEUTRE,NEUTRE,NEUTRE,NSP,NEUTRE,CONTRE,Responsabilité mixte,Economie: privé et public,NSP,NSP,Risque difficile,QS,PLC,Homme,Francophones,40-59 ans,Né Ailleurs,Collégial,Revenus moyens
Ind_1511,-2.161294,0.404126,-0.123064,Sou_OUI,POUR,POUR,CONTRE,POUR,POUR,NEUTRE,NEUTRE,DÉSACCORD,OPTIMISTE,OPTIMISTE,NEUTRE,CONTRE,Responsabilité collective,Economie: privé seulement,Féministe: POUR féministe,Féministe: POUR féministe,Risque facile,PQ,PCC,Homme,Francophones,40-59 ans,Né Canada,Collégial,Revenus bas
Ind_1512,0.92106,-1.337415,-1.477136,Sou_NON,CONTRE,CONTRE,POUR,POUR,CONTRE,CONTRE,ACCORD,DÉSACCORD,OPTIMISTE,PESSIMISTE,NEUTRE,POUR,Responsabilité collective,Economie: privé et public,Féministe: POUR féministe,Féministe: POUR féministe,Risque difficile,PQ,PLC,Femme,Francophones,18-39 ans,Né Canada,Universitaire,Revenus élevés
Ind_1513,-0.876179,-0.373084,-0.246134,Sou_NON,POUR,CONTRE,POUR,POUR,POUR,POUR,ACCORD,ACCORD,NEUTRE,NEUTRE,OPTIMISTE,CONTRE,Responsabilité mixte,Economie: neutre,Féministe: POUR féministe,Féministe: POUR féministe,Risque facile,NSP,BQ,Homme,Francophones,18-39 ans,Né Canada,Collégial,Revenus bas
Ind_1514,2.181524,-0.972585,-1.460144,Sou_NON,CONTRE,CONTRE,POUR,CONTRE,CONTRE,CONTRE,NEUTRE,NEUTRE,NSP,PESSIMISTE,PESSIMISTE,NEUTRE,Responsabilité collective,Economie: privé et public,Féministe: POUR féministe,Féministe: POUR féministe,Risque facile,PLQ,PLC,Femme,Non francophones,40-59 ans,Né Ailleurs,Universitaire,Revenus bas
Ind_1515,0.118375,0.270704,-0.070591,Sou_NON,CONTRE,POUR,POUR,POUR,NEUTRE,POUR,NSP,DÉSACCORD,OPTIMISTE,PESSIMISTE,NEUTRE,CONTRE,Responsabilité individuelle,Economie: privé et public,NSP,NSP,Risque facile,PLQ,PLC,Femme,Francophones,60 ans et plus,Né Canada,Universitaire,Revenus élevés
Ind_1516,2.092062,0.580704,-0.178678,Sou_NON,CONTRE,CONTRE,POUR,CONTRE,CONTRE,CONTRE,ACCORD,NEUTRE,NEUTRE,PESSIMISTE,PESSIMISTE,CONTRE,Responsabilité mixte,Economie: privé et public,Feministe: CONTRE féministe,Feministre: NEUTRE féministe,Risque facile,PCQ,PCC,Femme,Non francophones,60 ans et plus,Né Canada,Collégial,Revenus bas
Ind_1517,0.563552,-0.292455,0.967407,Sou_NSP,CONTRE,POUR,POUR,CONTRE,CONTRE,NEUTRE,ACCORD,NEUTRE,PESSIMISTE,PESSIMISTE,OPTIMISTE,CONTRE,Responsabilité individuelle,Economie: neutre,Féministe: POUR féministe,Feministe: CONTRE féministe,Risque facile,NSP,Vote fed: NSP,Femme,Francophones,60 ans et plus,Né Canada,Collégial,Revenus bas
Ind_1518,1.07305,0.17683,0.107224,Sou_NON,CONTRE,POUR,POUR,CONTRE,CONTRE,POUR,ACCORD,NEUTRE,PESSIMISTE,PESSIMISTE,NEUTRE,POUR,Responsabilité collective,Economie: privé seulement,Feministre: NEUTRE féministe,Feministre: NEUTRE féministe,Risque facile,PCQ,PCC,Femme,Francophones,18-39 ans,Né Ailleurs,Collégial,Revenus moyens
Ind_1519,1.543891,-1.922336,-0.475661,Sou_NON,CONTRE,CONTRE,POUR,NEUTRE,NSP,NSP,ACCORD,ACCORD,NSP,PESSIMISTE,PESSIMISTE,NEUTRE,Responsabilité collective,Economie: privé et public,Féministe: POUR féministe,Féministe: POUR féministe,Risque difficile,PLQ,NPD,Femme,Non francophones,18-39 ans,Né Canada,Collégial,Revenus bas
Ind_1520,1.916171,-1.303384,-0.945856,Sou_NON,CONTRE,CONTRE,POUR,CONTRE,CONTRE,NSP,ACCORD,DÉSACCORD,NEUTRE,PESSIMISTE,NSP,POUR,Responsabilité collective,Economie: privé et public,Féministe: POUR féministe,Féministe: POUR féministe,Risque difficile,PLQ,PLC,Femme,Non francophones,40-59 ans,Né Ailleurs,Secondaire,Revenus bas
Ind_1521,-0.185347,0.242137,0.003682,Sou_OUI,CONTRE,POUR,POUR,POUR,POUR,NEUTRE,NEUTRE,NEUTRE,NEUTRE,PESSIMISTE,NEUTRE,CONTRE,Responsabilité individuelle,Economie: privé seulement,Féministe: POUR féministe,Féministe: POUR féministe,Risque facile,PCQ,PVQ,Homme,Non francophones,18-39 ans,Né Canada,Secondaire,Revenus bas
Ind_1522,-0.183372,1.398746,0.150021,Sou_NON,CONTRE,POUR,CONTRE,CONTRE,POUR,CONTRE,DÉSACCORD,DÉSACCORD,NSP,PESSIMISTE,OPTIMISTE,POUR,Responsabilité individuelle,Economie: privé seulement,Feministre: NEUTRE féministe,Feministe: CONTRE féministe,Risque difficile,CAQ,BQ,Homme,Francophones,60 ans et plus,Né Canada,Collégial,Revenus bas
Ind_1523,2.248074,-1.262466,-1.958618,Sou_NON,CONTRE,CONTRE,POUR,CONTRE,CONTRE,CONTRE,ACCORD,ACCORD,PESSIMISTE,PESSIMISTE,PESSIMISTE,NEUTRE,Responsabilité collective,Economie: privé et public,Féministe: POUR féministe,Féministe: POUR féministe,Risque facile,PLQ,PLC,Femme,Non francophones,18-39 ans,Né Canada,Universitaire,Revenus moyens
Ind_1524,1.108581,-0.610408,0.543993,Sou_NON,CONTRE,CONTRE,POUR,POUR,CONTRE,NSP,DÉSACCORD,NEUTRE,PESSIMISTE,PESSIMISTE,OPTIMISTE,NEUTRE,Responsabilité mixte,Economie: privé et public,NSP,NSP,Risque difficile,NSP,Vote fed: NSP,Femme,Non francophones,40-59 ans,Né Canada,Collégial,Revenus moyens
Ind_1525,0.718061,0.982558,-0.556116,Sou_NON,POUR,POUR,POUR,CONTRE,CONTRE,NEUTRE,ACCORD,ACCORD,PESSIMISTE,PESSIMISTE,OPTIMISTE,CONTRE,Responsabilité individuelle,Economie: privé seulement,Feministre: NEUTRE féministe,Feministre: NEUTRE féministe,Risque facile,PLQ,PLC,Homme,Non francophones,18-39 ans,Né Canada,Universitaire,Revenus moyens
Ind_1526,0.02105,1.386649,0.011489,Sou_NON,CONTRE,POUR,CONTRE,POUR,NEUTRE,CONTRE,DÉSACCORD,DÉSACCORD,OPTIMISTE,PESSIMISTE,NEUTRE,CONTRE,Responsabilité individuelle,Economie: privé et public,Feministre: NEUTRE féministe,Feministre: NEUTRE féministe,Risque difficile,PLQ,PLC,Homme,Francophones,60 ans et plus,Né Canada,Collégial,Revenus élevés
Ind_1527,0.024809,0.738661,0.023163,Sou_NON,CONTRE,POUR,POUR,NEUTRE,NEUTRE,CONTRE,DÉSACCORD,DÉSACCORD,OPTIMISTE,NEUTRE,OPTIMISTE,CONTRE,Responsabilité individuelle,Economie: neutre,Féministe: POUR féministe,Féministe: POUR féministe,Risque facile,PLQ,PLC,Homme,Francophones,40-59 ans,Né Canada,Secondaire,Revenus bas
Ind_1528,2.165965,-0.663027,-1.609379,Sou_NON,CONTRE,CONTRE,POUR,CONTRE,CONTRE,CONTRE,ACCORD,DÉSACCORD,NEUTRE,PESSIMISTE,PESSIMISTE,NEUTRE,Responsabilité collective,Economie: privé et public,Féministe: POUR féministe,Féministe: POUR féministe,Risque facile,PLQ,PLC,Femme,Non francophones,60 ans et plus,Né Canada,Collégial,Revenus élevés
Ind_1529,1.923015,0.928929,0.374739,Sou_NON,CONTRE,CONTRE,POUR,CONTRE,CONTRE,CONTRE,NEUTRE,ACCORD,NEUTRE,PESSIMISTE,PESSIMISTE,CONTRE,Responsabilité mixte,Economie: privé seulement,Feministre: NEUTRE féministe,Feministre: NEUTRE féministe,Risque facile,PLQ,PCC,Femme,Francophones,60 ans et plus,Né Canada,Collégial,Revenus bas
Ind_1530,-0.517204,-0.53979,1.113697,Sou_NSP,NSP,POUR,POUR,NEUTRE,NSP,NSP,DÉSACCORD,ACCORD,OPTIMISTE,PESSIMISTE,NEUTRE,CONTRE,Responsabilité collective,Economie: privé seulement,Feministe: CONTRE féministe,Féministe: POUR féministe,Risque difficile,PQ,BQ,Femme,Francophones,60 ans et plus,Né Canada,Collégial,Revenus bas
Ind_1531,2.23182,-0.647283,-1.247424,Sou_NON,CONTRE,CONTRE,POUR,CONTRE,CONTRE,CONTRE,ACCORD,ACCORD,NSP,PESSIMISTE,PESSIMISTE,NEUTRE,Responsabilité collective,NSP,Feministe: CONTRE féministe,Féministe: POUR féministe,Risque facile,PLQ,PLC,Femme,Non francophones,60 ans et plus,Né Canada,Universitaire,NSP
Ind_1532,0.964295,-0.590994,0.008526,Sou_NON,CONTRE,POUR,POUR,CONTRE,CONTRE,NSP,NEUTRE,DÉSACCORD,PESSIMISTE,PESSIMISTE,PESSIMISTE,CONTRE,Responsabilité mixte,Economie: privé et public,Féministe: POUR féministe,Féministe: POUR féministe,Risque difficile,PQ,PLC,Femme,Francophones,60 ans et plus,Né Canada,Collégial,Revenus bas
Ind_1533,-0.964315,0.354211,1.74145,Sou_NSP,NSP,POUR,NSP,NEUTRE,NSP,CONTRE,DÉSACCORD,DÉSACCORD,OPTIMISTE,NSP,OPTIMISTE,CONTRE,Responsabilité individuelle,Economie: neutre,Feministe: CONTRE féministe,Feministre: NEUTRE féministe,Risque difficile,PQ,BQ,Femme,Francophones,40-59 ans,Né Canada,Collégial,NSP
Ind_1534,0.797995,-0.674222,-0.058226,Sou_NON,CONTRE,NSP,POUR,NEUTRE,CONTRE,NEUTRE,NEUTRE,DÉSACCORD,PESSIMISTE,NSP,NSP,NEUTRE,Responsabilité collective,Economie: privé et public,Féministe: POUR féministe,Féministe: POUR féministe,Risque facile,NSP,PLC,Homme,Francophones,40-59 ans,Né Canada,Universitaire,Revenus élevés
Ind_1535,-2.695604,0.218724,-0.413173,Sou_OUI,POUR,POUR,CONTRE,POUR,POUR,POUR,NEUTRE,NEUTRE,OPTIMISTE,OPTIMISTE,OPTIMISTE,CONTRE,Responsabilité mixte,Economie: privé et public,Feministe: CONTRE féministe,Féministe: POUR féministe,Risque facile,PQ,BQ,Homme,Francophones,18-39 ans,Né Canada,Collégial,Revenus bas
Ind_1536,1.81058,0.488469,0.69253,Sou_NON,CONTRE,CONTRE,POUR,NEUTRE,CONTRE,CONTRE,DÉSACCORD,NSP,NEUTRE,PESSIMISTE,PESSIMISTE,CONTRE,Responsabilité collective,Economie: neutre,Feministre: NEUTRE féministe,Feministre: NEUTRE féministe,Risque difficile,PLQ,PLC,Femme,Francophones,60 ans et plus,Né Canada,Secondaire,Revenus bas
Ind_1537,-0.051628,-1.538662,2.739941,Sou_NSP,NSP,NSP,NSP,NSP,NSP,NSP,NSP,NSP,NSP,NSP,NSP,NSP,NSP,NSP,NSP,NSP,NSP,Vote prov: NSP,Vote fed: NSP,Femme,Francophones,18-39 ans,Né Canada,Collégial,Revenus moyens
Ind_1538,-0.379686,-0.159003,-0.803987,Sou_NON,POUR,POUR,CONTRE,CONTRE,NEUTRE,POUR,ACCORD,ACCORD,PESSIMISTE,OPTIMISTE,NEUTRE,NEUTRE,Responsabilité collective,Economie: privé seulement,Feministe: CONTRE féministe,Féministe: POUR féministe,Risque facile,QS,PCC,Homme,Non francophones,18-39 ans,Né Canada,Universitaire,Revenus moyens
Ind_1539,-2.548866,0.51606,0.779646,Sou_OUI,POUR,POUR,CONTRE,POUR,POUR,NEUTRE,NEUTRE,DÉSACCORD,OPTIMISTE,OPTIMISTE,OPTIMISTE,CONTRE,Responsabilité mixte,NSP,NSP,NSP,Risque difficile,PQ,BQ,Homme,Francophones,60 ans et plus,Né Canada,Secondaire,Revenus bas
Ind_1540,1.772433,-1.337283,-0.837344,Sou_NON,CONTRE,CONTRE,POUR,NEUTRE,CONTRE,CONTRE,ACCORD,NEUTRE,OPTIMISTE,PESSIMISTE,PESSIMISTE,CONTRE,Responsabilité mixte,Economie: privé et public,Féministe: POUR féministe,Féministe: POUR féministe,Risque difficile,NSP,PLC,Femme,Non francophones,18-39 ans,Né Canada,Universitaire,Revenus moyens
Ind_1541,-1.972232,0.297344,0.858764,Sou_OUI,POUR,POUR,POUR,POUR,POUR,NEUTRE,NEUTRE,DÉSACCORD,OPTIMISTE,OPTIMISTE,OPTIMISTE,CONTRE,Responsabilité mixte,Economie: privé seulement,Feministe: CONTRE féministe,Feministre: NEUTRE féministe,Risque difficile,PQ,BQ,Femme,Francophones,18-39 ans,Né Canada,Collégial,Revenus moyens
Ind_1542,-0.374448,-1.684852,2.436336,Sou_OUI,NSP,NSP,NSP,NEUTRE,NEUTRE,NEUTRE,NSP,DÉSACCORD,NSP,NSP,NSP,CONTRE,Responsabilité mixte,Economie: neutre,Féministe: POUR féministe,Féministe: POUR féministe,Risque difficile,NSP,Vote fed: NSP,Femme,Francophones,18-39 ans,Né Canada,Collégial,Revenus moyens
Ind_1543,-0.739853,-0.527004,0.419976,Sou_NON,CONTRE,POUR,POUR,POUR,NEUTRE,NEUTRE,NEUTRE,NEUTRE,OPTIMISTE,NSP,OPTIMISTE,POUR,Responsabilité individuelle,Economie: neutre,Féministe: POUR féministe,Féministe: POUR féministe,Risque difficile,PQ,BQ,Homme,Francophones,40-59 ans,Né Canada,Collégial,Revenus bas
Ind_1544,2.140255,0.2504,-1.420803,Sou_NON,CONTRE,CONTRE,POUR,CONTRE,CONTRE,CONTRE,NEUTRE,NEUTRE,PESSIMISTE,PESSIMISTE,PESSIMISTE,NSP,Responsabilité individuelle,Economie: privé seulement,Féministe: POUR féministe,Féministe: POUR féministe,Risque facile,PLQ,PLC,Homme,Non francophones,18-39 ans,Né Canada,Universitaire,Revenus élevés
Ind_1545,1.691187,-0.875842,0.08605,Sou_NON,CONTRE,NSP,POUR,NEUTRE,CONTRE,CONTRE,ACCORD,ACCORD,NEUTRE,PESSIMISTE,NEUTRE,NEUTRE,Responsabilité collective,Economie: privé et public,Feministe: CONTRE féministe,Feministe: CONTRE féministe,Risque difficile,PLQ,PLC,Femme,Francophones,40-59 ans,Né Canada,Secondaire,NSP
Ind_1546,1.111602,-0.442477,1.773336,Sou_NON,CONTRE,CONTRE,POUR,CONTRE,NEUTRE,NEUTRE,NSP,NSP,NSP,NSP,NSP,NSP,Responsabilité mixte,NSP,NSP,NSP,NSP,Vote prov: NSP,Vote fed: NSP,Homme,Non francophones,18-39 ans,Né Canada,Secondaire,Revenus bas
Ind_1547,-0.421721,-0.948979,-0.949594,Sou_OUI,CONTRE,POUR,POUR,POUR,NEUTRE,POUR,ACCORD,ACCORD,PESSIMISTE,OPTIMISTE,OPTIMISTE,CONTRE,Responsabilité collective,Economie: privé seulement,Féministe: POUR féministe,Féministe: POUR féministe,Risque facile,PLQ,PLC,Femme,Non francophones,40-59 ans,Né Canada,Universitaire,NSP
Ind_1548,-1.856806,-0.25466,-0.165001,Sou_OUI,NSP,POUR,NSP,POUR,POUR,POUR,ACCORD,DÉSACCORD,OPTIMISTE,NEUTRE,OPTIMISTE,CONTRE,Responsabilité individuelle,Economie: neutre,Féministe: POUR féministe,Féministe: POUR féministe,Risque facile,CAQ,PCC,Femme,Francophones,60 ans et plus,Né Canada,Universitaire,Revenus bas
Ind_1549,0.973116,-0.881465,-0.40798,Sou_NON,CONTRE,CONTRE,POUR,POUR,POUR,NSP,NSP,NSP,PESSIMISTE,PESSIMISTE,NEUTRE,CONTRE,Responsabilité mixte,Economie: privé et public,Féministe: POUR féministe,Féministe: POUR féministe,Risque facile,PLQ,PLC,Femme,Non francophones,18-39 ans,Né Canada,Secondaire,Revenus moyens
Ind_1550,-2.615438,-0.615137,-0.539584,Sou_OUI,POUR,POUR,CONTRE,POUR,POUR,POUR,DÉSACCORD,DÉSACCORD,OPTIMISTE,NSP,OPTIMISTE,POUR,Responsabilité individuelle,Economie: privé et public,Féministe: POUR féministe,Féministe: POUR féministe,Risque difficile,PQ,BQ,Femme,Francophones,60 ans et plus,Né Canada,Collégial,Revenus bas
Ind_1551,1.318338,1.214313,0.866448,Sou_NON,CONTRE,POUR,POUR,NEUTRE,CONTRE,CONTRE,NEUTRE,DÉSACCORD,NEUTRE,PESSIMISTE,PESSIMISTE,CONTRE,Responsabilité individuelle,Economie: privé seulement,Feministre: NEUTRE féministe,Feministre: NEUTRE féministe,Risque facile,PCQ,PCC,Femme,Francophones,18-39 ans,Né Canada,Collégial,NSP
Ind_1552,1.299684,0.711552,0.151504,Sou_NON,CONTRE,POUR,POUR,CONTRE,CONTRE,NSP,ACCORD,DÉSACCORD,NEUTRE,PESSIMISTE,NEUTRE,CONTRE,Responsabilité collective,Economie: privé seulement,Feministe: CONTRE féministe,Feministe: CONTRE féministe,Risque difficile,PLQ,PLC,Homme,Francophones,40-59 ans,Né Ailleurs,Collégial,Revenus bas
Ind_1553,-2.788064,0.883507,-0.83206,Sou_OUI,POUR,POUR,CONTRE,POUR,POUR,POUR,DÉSACCORD,DÉSACCORD,OPTIMISTE,NEUTRE,OPTIMISTE,CONTRE,Responsabilité individuelle,Economie: privé et public,Feministre: NEUTRE féministe,Féministe: POUR féministe,Risque facile,PQ,BQ,Homme,Francophones,18-39 ans,Né Canada,Universitaire,Revenus bas
Ind_1554,1.68132,-0.1992,-0.989562,Sou_NON,CONTRE,CONTRE,POUR,NEUTRE,CONTRE,CONTRE,ACCORD,DÉSACCORD,NEUTRE,PESSIMISTE,NEUTRE,POUR,Responsabilité individuelle,Economie: privé seulement,Féministe: POUR féministe,Féministe: POUR féministe,Risque difficile,PLQ,PLC,Homme,Francophones,18-39 ans,Né Canada,Universitaire,Revenus élevés
Ind_1555,-0.170587,-0.823357,-0.460291,Sou_NON,POUR,POUR,POUR,POUR,CONTRE,NEUTRE,ACCORD,ACCORD,NEUTRE,NEUTRE,NEUTRE,NEUTRE,Responsabilité collective,Economie: privé et public,Féministe: POUR féministe,Feministre: NEUTRE féministe,Risque difficile,QS,NPD,Homme,Francophones,40-59 ans,Né Canada,Universitaire,Revenus élevés
Ind_1556,1.649122,-0.154937,0.685916,Sou_NON,CONTRE,CONTRE,POUR,CONTRE,NSP,NSP,ACCORD,NSP,NEUTRE,PESSIMISTE,NSP,CONTRE,Responsabilité individuelle,Economie: neutre,NSP,Feministe: CONTRE féministe,Risque facile,Vote prov: NSP,Vote fed: NSP,Femme,Non francophones,40-59 ans,Né Ailleurs,Universitaire,NSP
Ind_1557,-1.775619,-1.520383,-0.471414,Sou_OUI,POUR,POUR,POUR,POUR,POUR,POUR,DÉSACCORD,NEUTRE,OPTIMISTE,OPTIMISTE,NEUTRE,POUR,Responsabilité collective,Economie: privé et public,Féministe: POUR féministe,Féministe: POUR féministe,Risque difficile,QS,BQ,Femme,Francophones,18-39 ans,Né Canada,Collégial,NSP
Ind_1558,1.265427,-1.481258,0.019108,Sou_NON,CONTRE,POUR,POUR,CONTRE,CONTRE,NSP,ACCORD,DÉSACCORD,PESSIMISTE,PESSIMISTE,NSP,POUR,Responsabilité mixte,Economie: privé et public,Féministe: POUR féministe,Féministe: POUR féministe,Risque difficile,Vote prov: NSP,Vote fed: NSP,Femme,Non francophones,18-39 ans,Né Canada,Collégial,Revenus bas
Ind_1559,2.02068,1.648656,-0.530451,Sou_NON,CONTRE,CONTRE,POUR,CONTRE,CONTRE,CONTRE,ACCORD,DÉSACCORD,NEUTRE,PESSIMISTE,PESSIMISTE,CONTRE,Responsabilité individuelle,Economie: privé seulement,Feministre: NEUTRE féministe,Feministre: NEUTRE féministe,Risque facile,PLQ,Vote fed: NSP,Homme,Non francophones,60 ans et plus,Né Canada,Universitaire,NSP
Ind_1560,-2.78118,1.848946,0.160908,Sou_OUI,POUR,POUR,CONTRE,POUR,POUR,POUR,DÉSACCORD,DÉSACCORD,OPTIMISTE,OPTIMISTE,OPTIMISTE,CONTRE,Responsabilité individuelle,Economie: neutre,Feministre: NEUTRE féministe,Feministre: NEUTRE féministe,Risque facile,PQ,BQ,Homme,Francophones,40-59 ans,Né Canada,Secondaire,Revenus bas
Ind_1561,-1.171646,0.335767,0.000329,Sou_NSP,NSP,NSP,POUR,POUR,POUR,POUR,NSP,ACCORD,OPTIMISTE,OPTIMISTE,NEUTRE,CONTRE,Responsabilité individuelle,Economie: privé et public,Feministe: CONTRE féministe,Feministe: CONTRE féministe,Risque facile,PQ,PVQ,Homme,Francophones,18-39 ans,Né Canada,Universitaire,Revenus élevés
Ind_1562,0.018589,-0.375488,1.101605,Sou_NSP,CONTRE,NSP,NSP,NSP,NSP,NSP,NSP,DÉSACCORD,NEUTRE,PESSIMISTE,OPTIMISTE,CONTRE,Responsabilité mixte,Economie: privé et public,Feministe: CONTRE féministe,Feministe: CONTRE féministe,Risque difficile,PQ,BQ,Femme,Non francophones,40-59 ans,Né Canada,Collégial,Revenus moyens
Ind_1563,1.576883,0.747014,0.750015,Sou_NON,CONTRE,CONTRE,POUR,CONTRE,NEUTRE,CONTRE,NEUTRE,NEUTRE,PESSIMISTE,PESSIMISTE,NEUTRE,CONTRE,Responsabilité collective,Economie: privé seulement,Feministre: NEUTRE féministe,Feministre: NEUTRE féministe,Risque facile,PLQ,PCC,Femme,Francophones,40-59 ans,Né Canada,Collégial,Revenus bas
Ind_1564,-0.210346,-0.222918,0.150256,Sou_NSP,POUR,POUR,POUR,NEUTRE,CONTRE,CONTRE,ACCORD,NEUTRE,OPTIMISTE,OPTIMISTE,NEUTRE,POUR,Responsabilité individuelle,Economie: privé et public,Feministe: CONTRE féministe,Feministre: NEUTRE féministe,Risque facile,PLQ,BQ,Femme,Francophones,18-39 ans,Né Canada,Collégial,Revenus bas
Ind_1565,1.218259,1.34371,0.535592,Sou_NON,CONTRE,CONTRE,POUR,POUR,CONTRE,CONTRE,NEUTRE,NEUTRE,NEUTRE,PESSIMISTE,NEUTRE,CONTRE,Responsabilité individuelle,Economie: privé seulement,Feministe: CONTRE féministe,Feministre: NEUTRE féministe,Risque facile,Vote prov: NSP,Vote fed: NSP,Homme,Francophones,18-39 ans,Né Canada,Secondaire,Revenus bas
Ind_1566,-2.861362,0.881019,-0.873656,Sou_OUI,POUR,POUR,CONTRE,POUR,POUR,POUR,DÉSACCORD,DÉSACCORD,OPTIMISTE,NEUTRE,OPTIMISTE,CONTRE,Responsabilité individuelle,Economie: privé seulement,Féministe: POUR féministe,Féministe: POUR féministe,Risque facile,PQ,BQ,Homme,Francophones,60 ans et plus,Né Canada,Universitaire,Revenus bas
Ind_1567,2.108531,-0.536027,-0.644359,Sou_NON,CONTRE,CONTRE,POUR,CONTRE,CONTRE,CONTRE,ACCORD,DÉSACCORD,NEUTRE,PESSIMISTE,PESSIMISTE,NEUTRE,Responsabilité individuelle,Economie: neutre,Féministe: POUR féministe,Féministe: POUR féministe,Risque difficile,NSP,PCC,Femme,Non francophones,60 ans et plus,Né Ailleurs,Universitaire,Revenus bas
Ind_1568,1.175472,1.058321,1.029456,Sou_NON,CONTRE,POUR,POUR,CONTRE,NEUTRE,CONTRE,NEUTRE,NEUTRE,NEUTRE,PESSIMISTE,NEUTRE,CONTRE,Responsabilité individuelle,Economie: privé seulement,Feministre: NEUTRE féministe,Feministre: NEUTRE féministe,Risque facile,PCQ,PCC,Femme,Francophones,40-59 ans,Né Canada,Collégial,Revenus élevés
Ind_1569,0.629266,-0.759627,-0.447295,Sou_NON,CONTRE,POUR,CONTRE,POUR,CONTRE,CONTRE,NEUTRE,DÉSACCORD,NEUTRE,PESSIMISTE,NEUTRE,POUR,Responsabilité collective,Economie: privé seulement,Féministe: POUR féministe,Féministe: POUR féministe,Risque difficile,PLQ,PLC,Femme,Francophones,60 ans et plus,Né Canada,Collégial,NSP
Ind_1570,-1.622431,0.032861,0.646694,Sou_OUI,POUR,POUR,CONTRE,POUR,CONTRE,NEUTRE,NSP,ACCORD,NEUTRE,NEUTRE,OPTIMISTE,CONTRE,Responsabilité individuelle,Economie: privé et public,Feministre: NEUTRE féministe,Feministre: NEUTRE féministe,Risque difficile,PQ,BQ,Femme,Francophones,60 ans et plus,Né Canada,Collégial,Revenus bas
Ind_1571,-1.738972,1.371641,0.108176,Sou_OUI,POUR,CONTRE,CONTRE,POUR,POUR,POUR,DÉSACCORD,DÉSACCORD,OPTIMISTE,OPTIMISTE,OPTIMISTE,CONTRE,Responsabilité mixte,Economie: neutre,Feministe: CONTRE féministe,Feministe: CONTRE féministe,NSP,Vote prov: NSP,PCC,Homme,Non francophones,40-59 ans,Né Canada,Collégial,Revenus bas
Ind_1572,0.162678,0.17946,0.990197,Sou_NSP,CONTRE,POUR,POUR,NEUTRE,POUR,NEUTRE,NEUTRE,DÉSACCORD,NSP,OPTIMISTE,PESSIMISTE,CONTRE,Responsabilité individuelle,Economie: neutre,Feministe: CONTRE féministe,Féministe: POUR féministe,Risque facile,PCQ,PCC,Femme,Non francophones,18-39 ans,Né Canada,Collégial,NSP
Ind_1573,0.0848,-1.091833,0.812772,Sou_NON,CONTRE,POUR,POUR,NEUTRE,NEUTRE,NEUTRE,ACCORD,NEUTRE,OPTIMISTE,NEUTRE,OPTIMISTE,CONTRE,Responsabilité individuelle,Economie: neutre,Féministe: POUR féministe,Féministe: POUR féministe,Risque difficile,NSP,PLC,Femme,Francophones,40-59 ans,Né Canada,Collégial,Revenus élevés
Ind_1574,-0.128553,0.814783,0.21021,Sou_NON,POUR,CONTRE,POUR,POUR,CONTRE,NEUTRE,NEUTRE,DÉSACCORD,OPTIMISTE,NEUTRE,NEUTRE,CONTRE,Responsabilité individuelle,Economie: privé seulement,Feministre: NEUTRE féministe,Feministre: NEUTRE féministe,Risque facile,PQ,PLC,Femme,Francophones,18-39 ans,Né Canada,Universitaire,Revenus élevés
Ind_1575,-0.187156,0.967808,0.920819,Sou_NON,CONTRE,POUR,CONTRE,NEUTRE,NEUTRE,NEUTRE,DÉSACCORD,DÉSACCORD,NEUTRE,PESSIMISTE,OPTIMISTE,POUR,Responsabilité individuelle,Economie: privé seulement,Feministre: NEUTRE féministe,Feministre: NEUTRE féministe,Risque facile,CAQ,BQ,Femme,Francophones,60 ans et plus,Né Canada,Collégial,Revenus bas
Ind_1576,0.512349,1.475493,-0.133876,Sou_NON,CONTRE,CONTRE,POUR,POUR,POUR,POUR,NEUTRE,NEUTRE,PESSIMISTE,PESSIMISTE,NEUTRE,CONTRE,Responsabilité individuelle,Economie: privé seulement,Feministre: NEUTRE féministe,Feministre: NEUTRE féministe,Risque facile,PLQ,PLC,Homme,Francophones,40-59 ans,Né Canada,Universitaire,Revenus bas
Ind_1577,1.245185,-2.192308,-0.277843,Sou_NON,CONTRE,NSP,POUR,CONTRE,NSP,CONTRE,ACCORD,ACCORD,NEUTRE,NEUTRE,NSP,NEUTRE,Responsabilité collective,Economie: privé et public,Féministe: POUR féministe,Féministe: POUR féministe,Risque difficile,NSP,Vote fed: NSP,Femme,Non francophones,18-39 ans,Né Canada,Universitaire,Revenus moyens
Ind_1578,1.95182,0.203953,-0.252467,Sou_NON,CONTRE,CONTRE,POUR,CONTRE,CONTRE,CONTRE,NSP,DÉSACCORD,NSP,PESSIMISTE,PESSIMISTE,NEUTRE,Responsabilité individuelle,Economie: neutre,Féministe: POUR féministe,Feministre: NEUTRE féministe,Risque facile,NSP,PLC,Femme,Francophones,40-59 ans,Né Ailleurs,Universitaire,Revenus élevés
Ind_1579,1.944957,0.077638,-0.176038,Sou_NON,CONTRE,CONTRE,POUR,CONTRE,CONTRE,NEUTRE,DÉSACCORD,DÉSACCORD,PESSIMISTE,PESSIMISTE,PESSIMISTE,CONTRE,Responsabilité mixte,Economie: privé et public,NSP,NSP,Risque difficile,PLQ,PLC,Femme,Non francophones,40-59 ans,Né Canada,Universitaire,Revenus moyens
Ind_1580,-0.053316,1.701204,-0.185186,Sou_NON,CONTRE,POUR,POUR,CONTRE,CONTRE,POUR,DÉSACCORD,NEUTRE,OPTIMISTE,NEUTRE,OPTIMISTE,CONTRE,Responsabilité individuelle,Economie: privé seulement,Feministe: CONTRE féministe,Feministe: CONTRE féministe,Risque facile,PCQ,PCC,Homme,Francophones,60 ans et plus,Né Canada,Universitaire,Revenus élevés
Ind_1581,-0.899962,-1.499928,0.931856,Sou_OUI,POUR,NSP,POUR,NEUTRE,NEUTRE,POUR,NEUTRE,NEUTRE,OPTIMISTE,OPTIMISTE,NEUTRE,CONTRE,Responsabilité collective,Economie: privé et public,Féministe: POUR féministe,Féministe: POUR féministe,Risque difficile,NSP,Vote fed: NSP,Femme,Francophones,40-59 ans,Né Canada,Collégial,Revenus bas
Ind_1582,1.844541,0.945142,-0.320074,Sou_NON,CONTRE,CONTRE,POUR,CONTRE,CONTRE,NEUTRE,ACCORD,NEUTRE,PESSIMISTE,PESSIMISTE,NEUTRE,CONTRE,Responsabilité individuelle,Economie: neutre,Feministre: NEUTRE féministe,Feministre: NEUTRE féministe,Risque facile,PLQ,PLC,Homme,Non francophones,18-39 ans,Né Canada,Universitaire,Revenus moyens
Ind_1583,0.580892,0.288876,0.853326,Sou_NON,CONTRE,POUR,POUR,CONTRE,CONTRE,CONTRE,ACCORD,ACCORD,OPTIMISTE,NSP,NSP,CONTRE,Responsabilité mixte,Economie: neutre,Feministe: CONTRE féministe,Feministe: CONTRE féministe,Risque difficile,NSP,BQ,Homme,Francophones,60 ans et plus,Né Canada,Secondaire,Revenus bas
Ind_1584,-2.340815,0.821918,-0.018214,Sou_OUI,POUR,POUR,CONTRE,POUR,POUR,POUR,NEUTRE,DÉSACCORD,OPTIMISTE,OPTIMISTE,NEUTRE,NEUTRE,Responsabilité mixte,Economie: privé seulement,Feministre: NEUTRE féministe,Féministe: POUR féministe,Risque facile,PQ,PCC,Homme,Francophones,60 ans et plus,Né Canada,Collégial,Revenus bas
Ind_1585,1.974364,0.815506,0.100699,Sou_NON,CONTRE,CONTRE,POUR,CONTRE,CONTRE,NEUTRE,ACCORD,DÉSACCORD,NEUTRE,PESSIMISTE,PESSIMISTE,CONTRE,Responsabilité mixte,Economie: privé seulement,Feministre: NEUTRE féministe,Feministre: NEUTRE féministe,Risque facile,PLQ,PLC,Femme,Non francophones,60 ans et plus,Né Canada,Collégial,Revenus bas
Ind_1586,-2.682836,-0.690137,-0.817737,Sou_OUI,POUR,POUR,CONTRE,POUR,POUR,POUR,NSP,DÉSACCORD,OPTIMISTE,OPTIMISTE,OPTIMISTE,CONTRE,Responsabilité mixte,Economie: privé et public,Féministe: POUR féministe,Féministe: POUR féministe,Risque facile,PQ,BQ,Femme,Francophones,18-39 ans,Né Canada,Universitaire,Revenus élevés
Ind_1587,-2.303698,0.016274,-0.595664,Sou_OUI,POUR,POUR,CONTRE,POUR,POUR,POUR,NEUTRE,DÉSACCORD,OPTIMISTE,NEUTRE,OPTIMISTE,CONTRE,Responsabilité mixte,Economie: privé et public,Feministe: CONTRE féministe,Féministe: POUR féministe,Risque difficile,PQ,Vote fed: NSP,Homme,Non francophones,18-39 ans,Né Canada,Universitaire,Revenus moyens
Ind_1588,1.352579,-0.486206,1.635326,Sou_NON,CONTRE,CONTRE,POUR,NSP,NSP,NSP,NSP,NSP,NEUTRE,PESSIMISTE,NSP,NSP,Responsabilité collective,Economie: neutre,Feministre: NEUTRE féministe,Feministre: NEUTRE féministe,Risque difficile,NSP,Vote fed: NSP,Femme,Non francophones,60 ans et plus,Né Canada,Collégial,Revenus bas
Ind_1589,2.039691,-0.347612,-1.485624,Sou_NON,CONTRE,CONTRE,POUR,CONTRE,CONTRE,CONTRE,NEUTRE,ACCORD,NEUTRE,PESSIMISTE,PESSIMISTE,CONTRE,Responsabilité collective,Economie: privé et public,Féministe: POUR féministe,Féministe: POUR féministe,Risque difficile,PLQ,PLC,Homme,Non francophones,60 ans et plus,Né Canada,Universitaire,Revenus bas
Ind_1590,-2.121622,-0.512922,0.0384,Sou_OUI,POUR,POUR,POUR,POUR,POUR,POUR,ACCORD,ACCORD,OPTIMISTE,OPTIMISTE,OPTIMISTE,NEUTRE,Responsabilité mixte,Economie: privé et public,Feministre: NEUTRE féministe,Feministre: NEUTRE féministe,Risque difficile,PQ,BQ,Femme,Francophones,60 ans et plus,Né Canada,Secondaire,NSP
Ind_1591,1.185223,-0.818743,-1.029331,Sou_NON,CONTRE,CONTRE,POUR,POUR,CONTRE,CONTRE,ACCORD,NEUTRE,NEUTRE,PESSIMISTE,NEUTRE,CONTRE,Responsabilité mixte,Economie: privé et public,Féministe: POUR féministe,Féministe: POUR féministe,Risque facile,PQ,PLC,Femme,Francophones,40-59 ans,Né Canada,Universitaire,Revenus élevés
Ind_1592,2.096894,0.93533,-0.550712,Sou_NON,CONTRE,CONTRE,POUR,CONTRE,CONTRE,CONTRE,ACCORD,NSP,PESSIMISTE,PESSIMISTE,PESSIMISTE,POUR,Responsabilité individuelle,Economie: privé seulement,Feministe: CONTRE féministe,Feministe: CONTRE féministe,NSP,PLQ,PLC,Homme,Francophones,40-59 ans,Né Canada,Collégial,Revenus moyens
Ind_1593,0.948948,-0.153487,0.617619,Sou_NON,CONTRE,POUR,POUR,CONTRE,CONTRE,NEUTRE,NSP,NEUTRE,NEUTRE,PESSIMISTE,NEUTRE,CONTRE,Responsabilité individuelle,Economie: privé et public,Feministre: NEUTRE féministe,Feministre: NEUTRE féministe,Risque difficile,QS,BQ,Femme,Francophones,18-39 ans,Né Canada,Universitaire,Revenus moyens
Ind_1594,0.903476,-0.390655,-0.870319,Sou_NON,CONTRE,CONTRE,CONTRE,CONTRE,CONTRE,NEUTRE,DÉSACCORD,NEUTRE,PESSIMISTE,PESSIMISTE,PESSIMISTE,POUR,Responsabilité mixte,Economie: privé et public,Féministe: POUR féministe,Féministe: POUR féministe,Risque difficile,CAQ,BQ,Homme,Francophones,40-59 ans,Né Canada,Universitaire,Revenus moyens
Ind_1595,2.230053,1.525527,-1.071501,Sou_NON,CONTRE,CONTRE,POUR,CONTRE,CONTRE,CONTRE,ACCORD,DÉSACCORD,PESSIMISTE,PESSIMISTE,PESSIMISTE,CONTRE,Responsabilité individuelle,Economie: privé et public,Feministe: CONTRE féministe,Feministre: NEUTRE féministe,Risque facile,PLQ,PLC,Homme,Non francophones,40-59 ans,Né Ailleurs,Collégial,Revenus élevés
Ind_1596,1.09558,-1.188731,-1.135462,Sou_NON,CONTRE,CONTRE,POUR,POUR,CONTRE,CONTRE,ACCORD,NSP,OPTIMISTE,PESSIMISTE,NEUTRE,CONTRE,Responsabilité collective,Economie: privé et public,Féministe: POUR féministe,Féministe: POUR féministe,Risque facile,QS,PLC,Femme,Francophones,18-39 ans,Né Canada,Universitaire,NSP
Ind_1597,1.58139,0.640716,-0.269557,Sou_NON,CONTRE,CONTRE,POUR,CONTRE,CONTRE,CONTRE,NEUTRE,NEUTRE,PESSIMISTE,PESSIMISTE,NEUTRE,CONTRE,Responsabilité individuelle,Economie: privé seulement,Féministe: POUR féministe,Féministe: POUR féministe,Risque facile,CAQ,PCC,Homme,Francophones,18-39 ans,Né Canada,Collégial,Revenus élevés
Ind_1598,1.52834,-0.44714,0.272755,Sou_NON,CONTRE,NSP,POUR,CONTRE,CONTRE,CONTRE,NEUTRE,DÉSACCORD,NEUTRE,NSP,PESSIMISTE,NEUTRE,Responsabilité mixte,Economie: neutre,Féministe: POUR féministe,Feministre: NEUTRE féministe,Risque difficile,PLQ,PLC,Femme,Francophones,60 ans et plus,Né Canada,Universitaire,Revenus moyens
Ind_1599,-2.579509,-1.48385,-0.927258,Sou_OUI,POUR,POUR,CONTRE,POUR,POUR,POUR,ACCORD,NEUTRE,OPTIMISTE,OPTIMISTE,OPTIMISTE,NEUTRE,Responsabilité collective,Economie: privé et public,Féministe: POUR féministe,Féministe: POUR féministe,Risque difficile,PQ,BQ,Femme,Francophones,60 ans et plus,Né Canada,Collégial,Revenus moyens
Ind_1600,-2.5324,-0.068664,0.176178,Sou_OUI,POUR,POUR,CONTRE,POUR,POUR,POUR,DÉSACCORD,DÉSACCORD,NSP,OPTIMISTE,OPTIMISTE,CONTRE,Responsabilité mixte,Economie: privé et public,Feministre: NEUTRE féministe,Féministe: POUR féministe,Risque difficile,PQ,BQ,Femme,Francophones,60 ans et plus,Né Canada,Secondaire,NSP
Ind_1601,2.129322,-0.374069,0.563582,Sou_NON,CONTRE,CONTRE,POUR,CONTRE,CONTRE,CONTRE,NEUTRE,ACCORD,NEUTRE,PESSIMISTE,PESSIMISTE,NEUTRE,Responsabilité mixte,Economie: neutre,Feministre: NEUTRE féministe,Feministe: CONTRE féministe,Risque difficile,NSP,PLC,Femme,Francophones,18-39 ans,Né Ailleurs,Collégial,Revenus bas
Ind_1602,2.088562,1.48207,0.004252,Sou_NON,CONTRE,CONTRE,POUR,CONTRE,CONTRE,CONTRE,DÉSACCORD,NEUTRE,NEUTRE,PESSIMISTE,PESSIMISTE,CONTRE,Responsabilité individuelle,Economie: neutre,Feministre: NEUTRE féministe,Feministre: NEUTRE féministe,Risque difficile,PLQ,PLC,Homme,Non francophones,60 ans et plus,Né Canada,Secondaire,Revenus bas
Ind_1603,-2.842943,0.765837,-0.969683,Sou_OUI,POUR,POUR,CONTRE,POUR,POUR,POUR,DÉSACCORD,DÉSACCORD,OPTIMISTE,OPTIMISTE,OPTIMISTE,CONTRE,Responsabilité collective,Economie: privé et public,Feministre: NEUTRE féministe,Féministe: POUR féministe,Risque facile,PQ,BQ,Homme,Francophones,40-59 ans,Né Canada,Universitaire,Revenus bas
Ind_1604,0.382607,-1.075226,2.597991,Sou_NSP,CONTRE,NSP,POUR,NEUTRE,NEUTRE,NEUTRE,NSP,NEUTRE,NSP,NSP,NEUTRE,NEUTRE,Responsabilité mixte,NSP,Feministre: NEUTRE féministe,Feministre: NEUTRE féministe,Risque difficile,NSP,Vote fed: NSP,Femme,Francophones,60 ans et plus,Né Canada,Universitaire,Revenus bas
Ind_1605,-0.994188,-0.905377,0.826473,Sou_NSP,POUR,POUR,POUR,POUR,POUR,POUR,ACCORD,ACCORD,NEUTRE,NEUTRE,OPTIMISTE,CONTRE,Responsabilité mixte,Economie: neutre,NSP,NSP,Risque difficile,PLQ,PLC,Femme,Francophones,18-39 ans,Né Canada,Collégial,Revenus bas
Ind_1606,0.02903,-1.761244,0.089685,Sou_NON,CONTRE,POUR,POUR,CONTRE,POUR,POUR,ACCORD,ACCORD,NEUTRE,NEUTRE,NSP,NEUTRE,Responsabilité mixte,Economie: neutre,Féministe: POUR féministe,Féministe: POUR féministe,Risque difficile,NSP,BQ,Femme,Francophones,18-39 ans,Né Canada,Universitaire,Revenus moyens
Ind_1607,-1.240966,-1.453989,-0.624735,Sou_NSP,POUR,POUR,POUR,POUR,POUR,POUR,ACCORD,ACCORD,NSP,NSP,OPTIMISTE,POUR,Responsabilité individuelle,Economie: privé et public,Féministe: POUR féministe,Féministe: POUR féministe,Risque facile,QS,Vote fed: NSP,Femme,Francophones,40-59 ans,Né Canada,Universitaire,Revenus élevés
Ind_1608,-1.483805,0.992654,-0.880441,Sou_OUI,POUR,POUR,POUR,POUR,POUR,POUR,DÉSACCORD,DÉSACCORD,NEUTRE,PESSIMISTE,OPTIMISTE,NEUTRE,Responsabilité collective,Economie: privé et public,Feministre: NEUTRE féministe,Feministre: NEUTRE féministe,Risque facile,PQ,PLC,Homme,Francophones,40-59 ans,Né Canada,Universitaire,Revenus moyens
Ind_1609,-2.776375,0.913265,-0.360693,Sou_OUI,POUR,POUR,CONTRE,POUR,POUR,POUR,DÉSACCORD,DÉSACCORD,OPTIMISTE,NEUTRE,OPTIMISTE,CONTRE,Responsabilité mixte,Economie: privé et public,Feministre: NEUTRE féministe,Feministe: CONTRE féministe,Risque difficile,PQ,BQ,Homme,Francophones,60 ans et plus,Né Canada,Universitaire,Revenus moyens
Ind_1610,1.766762,-0.042934,1.276374,Sou_NON,CONTRE,CONTRE,POUR,CONTRE,CONTRE,NEUTRE,NSP,NSP,PESSIMISTE,PESSIMISTE,NSP,CONTRE,Responsabilité individuelle,Economie: privé seulement,NSP,NSP,Risque facile,NSP,Vote fed: NSP,Femme,Non francophones,18-39 ans,Né Canada,Collégial,NSP
Ind_1611,1.241426,1.444286,0.253226,Sou_NON,CONTRE,CONTRE,POUR,CONTRE,POUR,CONTRE,DÉSACCORD,DÉSACCORD,NEUTRE,PESSIMISTE,PESSIMISTE,CONTRE,Responsabilité individuelle,Economie: neutre,Feministre: NEUTRE féministe,Féministe: POUR féministe,Risque difficile,PCQ,PCC,Homme,Francophones,40-59 ans,Né Canada,Secondaire,Revenus bas
Ind_1612,0.194036,1.278461,0.799201,Sou_NON,POUR,POUR,POUR,NEUTRE,POUR,CONTRE,NEUTRE,DÉSACCORD,NEUTRE,PESSIMISTE,NEUTRE,CONTRE,Responsabilité individuelle,Economie: privé seulement,Feministre: NEUTRE féministe,Feministre: NEUTRE féministe,Risque facile,PCQ,PCC,Femme,Francophones,40-59 ans,Né Canada,Universitaire,Revenus bas
Ind_1613,-0.113974,-0.835827,0.50754,Sou_NON,NSP,POUR,POUR,NEUTRE,CONTRE,CONTRE,NSP,DÉSACCORD,OPTIMISTE,NSP,NSP,CONTRE,Responsabilité collective,NSP,Féministe: POUR féministe,Féministe: POUR féministe,Risque facile,PQ,BQ,Femme,Francophones,18-39 ans,Né Canada,Collégial,Revenus moyens
Ind_1614,-1.312256,-0.555033,-0.325429,Sou_NON,POUR,POUR,CONTRE,CONTRE,POUR,POUR,DÉSACCORD,DÉSACCORD,OPTIMISTE,PESSIMISTE,OPTIMISTE,CONTRE,Responsabilité collective,Economie: privé et public,Féministe: POUR féministe,Féministe: POUR féministe,Risque difficile,NSP,BQ,Femme,Francophones,60 ans et plus,Né Canada,Secondaire,NSP
Ind_1615,-2.647814,-0.975855,-0.607233,Sou_OUI,POUR,POUR,CONTRE,POUR,POUR,POUR,DÉSACCORD,DÉSACCORD,OPTIMISTE,NEUTRE,OPTIMISTE,NEUTRE,Responsabilité collective,Economie: privé et public,Féministe: POUR féministe,Féministe: POUR féministe,Risque difficile,PQ,BQ,Femme,Francophones,40-59 ans,Né Canada,Collégial,NSP
Ind_1616,-2.351302,0.492554,-0.291992,Sou_OUI,POUR,POUR,POUR,POUR,POUR,POUR,DÉSACCORD,DÉSACCORD,OPTIMISTE,OPTIMISTE,OPTIMISTE,CONTRE,Responsabilité collective,Economie: neutre,Féministe: POUR féministe,Féministe: POUR féministe,Risque facile,PQ,Vote fed: NSP,Homme,Francophones,60 ans et plus,Né Canada,Secondaire,Revenus bas
Ind_1617,1.052264,-0.807148,-1.123947,Sou_NON,CONTRE,NSP,POUR,POUR,CONTRE,CONTRE,NEUTRE,DÉSACCORD,OPTIMISTE,PESSIMISTE,NEUTRE,NEUTRE,Responsabilité collective,Economie: privé et public,Féministe: POUR féministe,Féministe: POUR féministe,Risque difficile,NSP,PLC,Homme,Non francophones,18-39 ans,Né Ailleurs,Universitaire,Revenus moyens
Ind_1618,1.852944,0.252066,-0.261981,Sou_NON,CONTRE,CONTRE,POUR,NEUTRE,CONTRE,CONTRE,DÉSACCORD,NEUTRE,NEUTRE,PESSIMISTE,PESSIMISTE,POUR,Responsabilité mixte,Economie: privé et public,Feministe: CONTRE féministe,Feministe: CONTRE féministe,Risque facile,PLQ,PLC,Femme,Francophones,60 ans et plus,Né Canada,Collégial,Revenus bas
Ind_1619,1.717087,0.405143,0.461529,Sou_NON,CONTRE,CONTRE,POUR,CONTRE,CONTRE,CONTRE,ACCORD,NEUTRE,PESSIMISTE,PESSIMISTE,NEUTRE,CONTRE,Responsabilité collective,Economie: neutre,Feministre: NEUTRE féministe,Feministre: NEUTRE féministe,Risque facile,CAQ,NPD,Femme,Francophones,40-59 ans,Né Canada,Collégial,Revenus bas
Ind_1620,1.296204,0.32513,-0.521599,Sou_NON,CONTRE,CONTRE,CONTRE,CONTRE,CONTRE,CONTRE,NSP,DÉSACCORD,NEUTRE,PESSIMISTE,PESSIMISTE,CONTRE,Responsabilité collective,Economie: privé et public,Feministe: CONTRE féministe,Féministe: POUR féministe,Risque difficile,NSP,Vote fed: NSP,Homme,Francophones,60 ans et plus,Né Canada,Universitaire,Revenus moyens
Ind_1621,1.822343,-0.176709,-0.985395,Sou_NON,CONTRE,CONTRE,POUR,CONTRE,CONTRE,CONTRE,DÉSACCORD,DÉSACCORD,PESSIMISTE,PESSIMISTE,PESSIMISTE,NEUTRE,Responsabilité collective,Economie: neutre,Féministe: POUR féministe,Féministe: POUR féministe,Risque facile,PLQ,PLC,Femme,Francophones,60 ans et plus,Né Canada,Universitaire,Revenus bas
Ind_1622,-0.175189,0.546495,1.865337,Sou_NSP,NSP,POUR,POUR,NEUTRE,NEUTRE,NEUTRE,ACCORD,DÉSACCORD,NEUTRE,NEUTRE,NEUTRE,CONTRE,Responsabilité mixte,Economie: privé seulement,Feministe: CONTRE féministe,Feministe: CONTRE féministe,Risque difficile,PCQ,PCC,Homme,Francophones,40-59 ans,Né Canada,Secondaire,Revenus bas
Ind_1623,1.048244,-0.10324,1.652616,Sou_NON,CONTRE,CONTRE,POUR,NEUTRE,NSP,NSP,NSP,DÉSACCORD,NEUTRE,NSP,PESSIMISTE,CONTRE,Responsabilité mixte,Economie: privé et public,Feministre: NEUTRE féministe,Feministre: NEUTRE féministe,Risque difficile,NSP,Vote fed: NSP,Femme,Francophones,40-59 ans,Né Canada,Collégial,Revenus moyens
Ind_1624,1.998199,0.544194,-0.886889,Sou_NON,CONTRE,CONTRE,POUR,CONTRE,CONTRE,CONTRE,ACCORD,DÉSACCORD,PESSIMISTE,PESSIMISTE,PESSIMISTE,POUR,Responsabilité individuelle,Economie: privé seulement,Feministe: CONTRE féministe,Féministe: POUR féministe,Risque facile,PCQ,PCC,Femme,Francophones,40-59 ans,Né Ailleurs,Universitaire,Revenus élevés
Ind_1625,0.279781,0.482092,-0.606712,Sou_NON,CONTRE,CONTRE,POUR,POUR,POUR,POUR,ACCORD,DÉSACCORD,NSP,NSP,NEUTRE,CONTRE,Responsabilité individuelle,Economie: privé et public,NSP,NSP,Risque facile,PLQ,PLC,Homme,Francophones,18-39 ans,Né Ailleurs,Universitaire,Revenus moyens
Ind_1626,-0.940132,-1.7752,0.969346,Sou_OUI,NSP,POUR,NSP,POUR,NSP,NSP,NSP,NEUTRE,OPTIMISTE,PESSIMISTE,OPTIMISTE,NEUTRE,Responsabilité mixte,Economie: privé seulement,Féministe: POUR féministe,Féministe: POUR féministe,Risque difficile,QS,Vote fed: NSP,Femme,Francophones,18-39 ans,Né Canada,Collégial,NSP
Ind_1627,0.663318,1.364224,-0.06181,Sou_NON,CONTRE,CONTRE,POUR,POUR,CONTRE,CONTRE,NSP,DÉSACCORD,OPTIMISTE,PESSIMISTE,OPTIMISTE,CONTRE,Responsabilité individuelle,Economie: privé et public,Feministe: CONTRE féministe,Feministe: CONTRE féministe,Risque difficile,PCQ,PCC,Homme,Francophones,60 ans et plus,Né Canada,Collégial,Revenus bas
Ind_1628,-2.327955,1.215902,-0.139433,Sou_OUI,POUR,CONTRE,CONTRE,POUR,POUR,POUR,DÉSACCORD,NSP,OPTIMISTE,OPTIMISTE,OPTIMISTE,POUR,Responsabilité mixte,Economie: privé seulement,Feministre: NEUTRE féministe,Feministre: NEUTRE féministe,Risque facile,PQ,BQ,Homme,Francophones,60 ans et plus,Né Canada,Collégial,Revenus bas
Ind_1629,2.323725,0.005543,-0.469725,Sou_NON,CONTRE,CONTRE,POUR,CONTRE,CONTRE,CONTRE,ACCORD,ACCORD,NEUTRE,PESSIMISTE,PESSIMISTE,CONTRE,Responsabilité individuelle,Economie: privé et public,NSP,Feministre: NEUTRE féministe,Risque difficile,PLQ,PLC,Femme,Non francophones,60 ans et plus,Né Canada,Collégial,NSP
Ind_1630,1.580082,0.774081,0.699846,Sou_NON,CONTRE,CONTRE,POUR,CONTRE,CONTRE,CONTRE,NEUTRE,NSP,PESSIMISTE,PESSIMISTE,NSP,CONTRE,Responsabilité collective,Economie: neutre,Feministe: CONTRE féministe,Feministe: CONTRE féministe,Risque facile,Vote prov: NSP,Vote fed: NSP,Homme,Francophones,18-39 ans,Né Canada,Secondaire,Revenus bas
Ind_1631,1.713472,0.597783,-1.099548,Sou_NON,CONTRE,CONTRE,POUR,CONTRE,CONTRE,CONTRE,ACCORD,NEUTRE,NEUTRE,PESSIMISTE,OPTIMISTE,POUR,Responsabilité collective,Economie: privé seulement,Feministre: NEUTRE féministe,Feministre: NEUTRE féministe,Risque facile,PLQ,PLC,Homme,Francophones,18-39 ans,Né Ailleurs,Universitaire,Revenus moyens
Ind_1632,-2.635763,-0.081284,-0.689701,Sou_OUI,POUR,POUR,CONTRE,POUR,POUR,POUR,ACCORD,DÉSACCORD,OPTIMISTE,OPTIMISTE,OPTIMISTE,CONTRE,Responsabilité collective,Economie: privé et public,Feministre: NEUTRE féministe,Féministe: POUR féministe,Risque facile,PQ,BQ,Femme,Francophones,60 ans et plus,Né Ailleurs,Secondaire,Revenus bas
Ind_1633,-1.317093,0.296786,-0.20133,Sou_NSP,POUR,POUR,CONTRE,POUR,POUR,POUR,NEUTRE,NEUTRE,NEUTRE,NEUTRE,NEUTRE,NEUTRE,Responsabilité individuelle,Economie: privé et public,Feministe: CONTRE féministe,Feministre: NEUTRE féministe,Risque difficile,PLQ,PLC,Homme,Francophones,60 ans et plus,Né Canada,Universitaire,Revenus moyens
Ind_1634,-0.642616,-0.777953,0.690158,Sou_NSP,NSP,POUR,CONTRE,POUR,CONTRE,NEUTRE,NEUTRE,NSP,PESSIMISTE,PESSIMISTE,OPTIMISTE,NEUTRE,Responsabilité mixte,Economie: privé et public,Feministre: NEUTRE féministe,Féministe: POUR féministe,Risque facile,NSP,BQ,Femme,Francophones,40-59 ans,Né Canada,Collégial,Revenus moyens
Ind_1635,0.782664,-0.482268,1.271184,Sou_NSP,CONTRE,POUR,POUR,NEUTRE,NEUTRE,NEUTRE,ACCORD,NEUTRE,PESSIMISTE,PESSIMISTE,PESSIMISTE,POUR,Responsabilité individuelle,Economie: privé seulement,NSP,NSP,NSP,NSP,PLC,Femme,Francophones,60 ans et plus,Né Canada,Secondaire,Revenus bas
Ind_1636,-0.032592,0.182747,1.57469,Sou_NSP,NSP,NSP,NSP,POUR,NEUTRE,NEUTRE,DÉSACCORD,ACCORD,NEUTRE,PESSIMISTE,PESSIMISTE,CONTRE,Responsabilité mixte,Economie: privé seulement,NSP,NSP,Risque facile,Vote prov: NSP,Vote fed: NSP,Homme,Francophones,18-39 ans,Né Canada,Secondaire,Revenus moyens
Ind_1637,-1.962797,-0.067153,-0.181102,Sou_NSP,POUR,POUR,CONTRE,POUR,POUR,POUR,NEUTRE,ACCORD,OPTIMISTE,OPTIMISTE,OPTIMISTE,CONTRE,Responsabilité individuelle,Economie: privé et public,Feministre: NEUTRE féministe,Féministe: POUR féministe,Risque facile,CAQ,PLC,Femme,Francophones,60 ans et plus,Né Canada,Collégial,Revenus bas
Ind_1638,-1.602331,-0.343143,-0.16061,Sou_OUI,POUR,POUR,POUR,POUR,POUR,POUR,ACCORD,ACCORD,PESSIMISTE,OPTIMISTE,OPTIMISTE,CONTRE,Responsabilité individuelle,Economie: neutre,Féministe: POUR féministe,Féministe: POUR féministe,Risque difficile,QS,PCC,Homme,Francophones,18-39 ans,Né Canada,Collégial,Revenus bas
Ind_1639,-0.49892,-0.748382,2.548772,Sou_NSP,POUR,POUR,POUR,NSP,NEUTRE,NSP,NEUTRE,NSP,OPTIMISTE,NSP,NSP,CONTRE,Responsabilité mixte,Economie: privé seulement,Feministre: NEUTRE féministe,Feministe: CONTRE féministe,Risque difficile,NSP,Vote fed: NSP,Femme,Francophones,18-39 ans,Né Canada,Secondaire,NSP
Ind_1640,1.871407,-0.602773,0.301284,Sou_NON,CONTRE,CONTRE,POUR,CONTRE,CONTRE,CONTRE,ACCORD,NEUTRE,NEUTRE,PESSIMISTE,NEUTRE,POUR,Responsabilité mixte,Economie: privé et public,NSP,NSP,Risque difficile,PCQ,PCC,Femme,Francophones,40-59 ans,Né Canada,Secondaire,NSP
Ind_1641,2.262724,-1.113234,-1.223495,Sou_NON,CONTRE,CONTRE,POUR,CONTRE,CONTRE,CONTRE,ACCORD,ACCORD,NSP,PESSIMISTE,PESSIMISTE,NEUTRE,Responsabilité individuelle,Economie: privé et public,Féministe: POUR féministe,Féministe: POUR féministe,Risque difficile,PLQ,PLC,Femme,Non francophones,60 ans et plus,Né Ailleurs,Secondaire,NSP
Ind_1642,1.535018,1.128254,-0.462981,Sou_NON,CONTRE,CONTRE,POUR,CONTRE,CONTRE,CONTRE,NEUTRE,DÉSACCORD,OPTIMISTE,PESSIMISTE,NEUTRE,CONTRE,Responsabilité collective,Economie: privé et public,Feministe: CONTRE féministe,Feministe: CONTRE féministe,Risque facile,PCQ,PCC,Homme,Non francophones,18-39 ans,Né Canada,Collégial,NSP
Ind_1643,-1.416525,-1.772144,-0.17975,Sou_OUI,CONTRE,POUR,CONTRE,POUR,POUR,NEUTRE,ACCORD,NEUTRE,OPTIMISTE,OPTIMISTE,OPTIMISTE,NEUTRE,Responsabilité collective,Economie: privé et public,Féministe: POUR féministe,Féministe: POUR féministe,Risque difficile,NSP,Vote fed: NSP,Femme,Francophones,40-59 ans,Né Canada,Collégial,Revenus moyens
Ind_1644,0.380052,-2.144336,-0.540306,Sou_NSP,CONTRE,POUR,POUR,NEUTRE,POUR,NSP,ACCORD,ACCORD,NEUTRE,NEUTRE,PESSIMISTE,NEUTRE,Responsabilité collective,Economie: privé et public,Féministe: POUR féministe,Féministe: POUR féministe,Risque difficile,PLQ,NPD,Femme,Non francophones,18-39 ans,Né Canada,Universitaire,Revenus bas
Ind_1645,1.384296,0.416196,0.918591,Sou_NON,CONTRE,CONTRE,POUR,CONTRE,CONTRE,NEUTRE,NEUTRE,ACCORD,NSP,NEUTRE,PESSIMISTE,CONTRE,Responsabilité individuelle,Economie: neutre,NSP,NSP,Risque difficile,Vote prov: NSP,Vote fed: NSP,Homme,Non francophones,60 ans et plus,Né Canada,Secondaire,NSP
Ind_1646,2.288316,0.026077,-0.567435,Sou_NON,CONTRE,CONTRE,POUR,CONTRE,CONTRE,CONTRE,NEUTRE,NEUTRE,NEUTRE,PESSIMISTE,PESSIMISTE,CONTRE,Responsabilité collective,Economie: privé et public,Feministre: NEUTRE féministe,Feministre: NEUTRE féministe,Risque difficile,PLQ,PLC,Femme,Non francophones,60 ans et plus,Né Ailleurs,Universitaire,NSP
Ind_1647,-0.879145,1.08424,-0.484421,Sou_NON,POUR,POUR,POUR,CONTRE,POUR,POUR,ACCORD,ACCORD,OPTIMISTE,OPTIMISTE,OPTIMISTE,CONTRE,Responsabilité individuelle,Economie: privé seulement,Feministe: CONTRE féministe,Feministe: CONTRE féministe,Risque facile,PCQ,PCC,Homme,Francophones,18-39 ans,Né Canada,Universitaire,Revenus moyens
Ind_1648,1.679009,0.654089,-0.084131,Sou_NON,CONTRE,CONTRE,POUR,CONTRE,NEUTRE,CONTRE,DÉSACCORD,DÉSACCORD,NEUTRE,PESSIMISTE,PESSIMISTE,POUR,Responsabilité individuelle,Economie: privé et public,Feministe: CONTRE féministe,Feministre: NEUTRE féministe,Risque difficile,CAQ,PLC,Femme,Francophones,60 ans et plus,Né Canada,Collégial,Revenus moyens
Ind_1649,-1.061997,0.145822,1.227454,Sou_OUI,POUR,POUR,CONTRE,NEUTRE,NEUTRE,NEUTRE,NEUTRE,NEUTRE,NEUTRE,PESSIMISTE,NEUTRE,NEUTRE,Responsabilité mixte,Economie: neutre,Feministre: NEUTRE féministe,Feministre: NEUTRE féministe,Risque difficile,PQ,BQ,Homme,Francophones,40-59 ans,Né Canada,Universitaire,Revenus bas
Ind_1650,-2.800131,1.576912,0.318026,Sou_OUI,POUR,POUR,CONTRE,POUR,POUR,POUR,DÉSACCORD,DÉSACCORD,OPTIMISTE,NEUTRE,OPTIMISTE,CONTRE,Responsabilité mixte,Economie: neutre,Feministre: NEUTRE féministe,Feministre: NEUTRE féministe,Risque facile,PQ,BQ,Homme,Francophones,60 ans et plus,Né Canada,Collégial,Revenus bas
Ind_1651,1.764919,-1.020575,-2.075802,Sou_NON,CONTRE,CONTRE,POUR,CONTRE,CONTRE,POUR,ACCORD,ACCORD,PESSIMISTE,PESSIMISTE,PESSIMISTE,POUR,Responsabilité collective,Economie: privé et public,Féministe: POUR féministe,Féministe: POUR féministe,Risque difficile,PLQ,PLC,Homme,Non francophones,18-39 ans,Né Canada,Universitaire,Revenus moyens
Ind_1652,-1.461929,1.365387,0.675082,Sou_OUI,POUR,POUR,POUR,POUR,POUR,NSP,DÉSACCORD,DÉSACCORD,PESSIMISTE,OPTIMISTE,OPTIMISTE,CONTRE,Responsabilité mixte,Economie: privé seulement,Feministe: CONTRE féministe,Feministre: NEUTRE féministe,Risque difficile,CAQ,PLC,Homme,Francophones,60 ans et plus,Né Canada,Secondaire,Revenus bas
Ind_1653,1.818924,-1.169071,-0.964723,Sou_NON,CONTRE,CONTRE,POUR,CONTRE,CONTRE,CONTRE,NEUTRE,ACCORD,PESSIMISTE,PESSIMISTE,OPTIMISTE,POUR,Responsabilité mixte,Economie: privé et public,Féministe: POUR féministe,Féministe: POUR féministe,Risque difficile,PLQ,PLC,Femme,Non francophones,60 ans et plus,Né Canada,Collégial,NSP
Ind_1654,-1.290697,-1.0545,-0.0218,Sou_OUI,POUR,POUR,POUR,POUR,CONTRE,NEUTRE,ACCORD,ACCORD,OPTIMISTE,OPTIMISTE,OPTIMISTE,CONTRE,Responsabilité collective,Economie: privé et public,Feministre: NEUTRE féministe,Féministe: POUR féministe,Risque difficile,CAQ,BQ,Femme,Francophones,18-39 ans,Né Canada,Collégial,Revenus bas
Ind_1655,0.912183,-1.165396,-1.22143,Sou_NON,CONTRE,CONTRE,POUR,POUR,CONTRE,CONTRE,NEUTRE,NEUTRE,NEUTRE,PESSIMISTE,OPTIMISTE,POUR,Responsabilité collective,Economie: privé et public,Féministe: POUR féministe,Féministe: POUR féministe,Risque facile,CAQ,BQ,Femme,Francophones,18-39 ans,Né Ailleurs,Universitaire,NSP
Ind_1656,-0.16208,-1.278493,-0.481207,Sou_NON,CONTRE,NSP,CONTRE,POUR,POUR,CONTRE,ACCORD,ACCORD,PESSIMISTE,PESSIMISTE,NSP,CONTRE,Responsabilité collective,Economie: privé et public,Féministe: POUR féministe,Féministe: POUR féministe,Risque difficile,PQ,BQ,Femme,Francophones,60 ans et plus,Né Canada,Collégial,Revenus moyens
Ind_1657,1.77106,-0.432306,-1.464221,Sou_NON,CONTRE,CONTRE,POUR,CONTRE,CONTRE,CONTRE,ACCORD,DÉSACCORD,OPTIMISTE,PESSIMISTE,PESSIMISTE,NEUTRE,Responsabilité collective,Economie: privé et public,Feministre: NEUTRE féministe,Féministe: POUR féministe,Risque facile,PLQ,PLC,Femme,Francophones,18-39 ans,Né Canada,Universitaire,Revenus élevés
Ind_1658,1.519977,-0.002969,-0.920358,Sou_NON,CONTRE,CONTRE,POUR,CONTRE,CONTRE,CONTRE,NSP,DÉSACCORD,OPTIMISTE,PESSIMISTE,PESSIMISTE,CONTRE,Responsabilité collective,Economie: privé et public,Féministe: POUR féministe,NSP,Risque facile,CAQ,PLC,Femme,Francophones,60 ans et plus,Né Canada,Universitaire,Revenus moyens
Ind_1659,2.214569,-0.310913,-0.099116,Sou_NON,CONTRE,CONTRE,POUR,CONTRE,CONTRE,CONTRE,ACCORD,ACCORD,NSP,PESSIMISTE,PESSIMISTE,CONTRE,Responsabilité collective,NSP,NSP,NSP,Risque facile,NSP,PLC,Femme,Non francophones,40-59 ans,Né Canada,Collégial,NSP
Ind_1660,1.450054,1.047882,-1.014784,Sou_NON,CONTRE,POUR,POUR,POUR,CONTRE,CONTRE,ACCORD,DÉSACCORD,PESSIMISTE,PESSIMISTE,PESSIMISTE,CONTRE,Responsabilité individuelle,Economie: privé et public,Feministe: CONTRE féministe,Feministre: NEUTRE féministe,Risque difficile,PLQ,PLC,Homme,Non francophones,40-59 ans,Né Ailleurs,Universitaire,Revenus élevés
Ind_1661,-2.626106,0.748272,-0.138293,Sou_OUI,POUR,POUR,CONTRE,POUR,POUR,POUR,NEUTRE,NEUTRE,OPTIMISTE,NEUTRE,OPTIMISTE,CONTRE,Responsabilité individuelle,Economie: privé et public,Feministre: NEUTRE féministe,Feministre: NEUTRE féministe,Risque difficile,PQ,BQ,Homme,Francophones,40-59 ans,Né Canada,Universitaire,Revenus bas
Ind_1662,1.835077,-0.467084,0.310357,Sou_NON,CONTRE,CONTRE,POUR,CONTRE,CONTRE,CONTRE,ACCORD,NSP,NEUTRE,PESSIMISTE,PESSIMISTE,CONTRE,Responsabilité individuelle,Economie: neutre,Féministe: POUR féministe,Féministe: POUR féministe,NSP,NSP,Vote fed: NSP,Femme,Francophones,60 ans et plus,Né Canada,Secondaire,Revenus bas
Ind_1663,-0.755811,0.757734,0.491565,Sou_OUI,POUR,POUR,POUR,POUR,POUR,CONTRE,DÉSACCORD,NEUTRE,NEUTRE,PESSIMISTE,OPTIMISTE,CONTRE,Responsabilité individuelle,Economie: privé seulement,Feministe: CONTRE féministe,Feministe: CONTRE féministe,Risque difficile,PCQ,NSP,Femme,Francophones,60 ans et plus,Né Canada,Collégial,Revenus moyens
Ind_1664,-2.699684,0.172496,-0.105837,Sou_OUI,POUR,POUR,CONTRE,POUR,POUR,POUR,DÉSACCORD,DÉSACCORD,OPTIMISTE,OPTIMISTE,OPTIMISTE,NEUTRE,Responsabilité mixte,Economie: privé et public,Feministre: NEUTRE féministe,Feministre: NEUTRE féministe,Risque difficile,PQ,BQ,Femme,Francophones,60 ans et plus,Né Canada,Universitaire,Revenus bas
Ind_1665,-2.511818,-0.382084,-0.44695,Sou_OUI,POUR,POUR,CONTRE,POUR,POUR,POUR,NEUTRE,NEUTRE,OPTIMISTE,OPTIMISTE,OPTIMISTE,CONTRE,Responsabilité individuelle,Economie: privé et public,Féministe: POUR féministe,Féministe: POUR féministe,Risque difficile,PQ,Vote fed: NSP,Homme,Francophones,18-39 ans,Né Canada,Collégial,Revenus moyens
Ind_1666,-1.780096,0.298072,-0.30309,Sou_OUI,POUR,POUR,CONTRE,POUR,POUR,POUR,ACCORD,DÉSACCORD,NEUTRE,PESSIMISTE,NSP,NEUTRE,Responsabilité mixte,Economie: privé et public,Feministre: NEUTRE féministe,Feministre: NEUTRE féministe,Risque difficile,PQ,BQ,Homme,Francophones,40-59 ans,Né Canada,Universitaire,Revenus moyens
Ind_1667,-2.115256,-0.901964,-1.461595,Sou_OUI,POUR,POUR,CONTRE,POUR,POUR,POUR,ACCORD,DÉSACCORD,OPTIMISTE,OPTIMISTE,OPTIMISTE,POUR,Responsabilité collective,Economie: privé et public,Féministe: POUR féministe,Féministe: POUR féministe,Risque difficile,QS,PVQ,Homme,Non francophones,18-39 ans,Né Canada,Collégial,Revenus moyens
Ind_1668,-0.184352,-0.580145,2.473596,Sou_NSP,NSP,NSP,POUR,POUR,NEUTRE,NEUTRE,NEUTRE,NEUTRE,NSP,NEUTRE,NEUTRE,NEUTRE,Responsabilité mixte,Economie: neutre,Feministre: NEUTRE féministe,Feministre: NEUTRE féministe,Risque facile,NSP,Vote fed: NSP,Femme,Francophones,40-59 ans,Né Canada,Collégial,Revenus bas
Ind_1669,-0.273031,-1.430685,2.94567,Sou_NSP,NSP,NSP,NSP,NEUTRE,POUR,NSP,NSP,NSP,NSP,NSP,NSP,CONTRE,Responsabilité mixte,NSP,NSP,NSP,Risque difficile,Vote prov: NSP,Vote fed: NSP,Femme,Francophones,18-39 ans,Né Canada,Collégial,Revenus moyens
Ind_1670,2.185143,0.439176,-0.369822,Sou_NON,CONTRE,CONTRE,POUR,CONTRE,CONTRE,CONTRE,ACCORD,NEUTRE,NSP,PESSIMISTE,PESSIMISTE,NEUTRE,Responsabilité mixte,Economie: neutre,NSP,Feministe: CONTRE féministe,Risque facile,PLQ,PLC,Homme,Non francophones,40-59 ans,Né Canada,Collégial,Revenus bas
Ind_1671,-0.023586,0.554945,0.430445,Sou_OUI,POUR,CONTRE,CONTRE,NEUTRE,CONTRE,CONTRE,NEUTRE,NEUTRE,PESSIMISTE,PESSIMISTE,NEUTRE,NEUTRE,Responsabilité collective,Economie: privé seulement,Feministre: NEUTRE féministe,Feministre: NEUTRE féministe,Risque difficile,PCQ,BQ,Homme,Francophones,18-39 ans,Né Canada,Secondaire,Revenus moyens
Ind_1672,-1.815254,-0.270974,-1.118577,Sou_OUI,POUR,POUR,POUR,POUR,POUR,POUR,ACCORD,NEUTRE,OPTIMISTE,OPTIMISTE,OPTIMISTE,CONTRE,Responsabilité individuelle,Economie: privé et public,Féministe: POUR féministe,Féministe: POUR féministe,Risque facile,QS,PLC,Homme,Francophones,18-39 ans,Né Canada,Collégial,Revenus moyens
Ind_1673,0.542187,-0.765466,0.962442,Sou_NON,CONTRE,CONTRE,NSP,NSP,NSP,NSP,NSP,NSP,NSP,NSP,NSP,POUR,Responsabilité collective,Economie: privé et public,NSP,NSP,Risque facile,NSP,Vote fed: NSP,Homme,Francophones,18-39 ans,Né Canada,Universitaire,Revenus bas
Ind_1674,2.197504,-1.238918,-0.864201,Sou_NON,CONTRE,CONTRE,POUR,CONTRE,CONTRE,CONTRE,ACCORD,ACCORD,NSP,PESSIMISTE,PESSIMISTE,NEUTRE,Responsabilité individuelle,Economie: privé et public,Féministe: POUR féministe,Féministe: POUR féministe,Risque difficile,NSP,PLC,Femme,Non francophones,40-59 ans,Né Canada,Collégial,NSP
Ind_1675,-2.008089,0.101027,0.139665,Sou_OUI,POUR,POUR,POUR,NEUTRE,POUR,NEUTRE,DÉSACCORD,DÉSACCORD,OPTIMISTE,OPTIMISTE,OPTIMISTE,CONTRE,Responsabilité collective,Economie: neutre,Féministe: POUR féministe,Féministe: POUR féministe,Risque difficile,PQ,BQ,Homme,Francophones,60 ans et plus,Né Canada,Collégial,Revenus moyens
Ind_1676,-2.189311,-0.679746,-1.302628,Sou_OUI,POUR,POUR,CONTRE,POUR,POUR,POUR,ACCORD,NEUTRE,NEUTRE,OPTIMISTE,OPTIMISTE,POUR,Responsabilité collective,Economie: privé et public,Féministe: POUR féministe,Féministe: POUR féministe,Risque facile,QS,BQ,Homme,Francophones,60 ans et plus,Né Ailleurs,Collégial,Revenus bas
Ind_1677,0.300605,-0.949763,0.718444,Sou_NON,CONTRE,POUR,POUR,POUR,NEUTRE,NEUTRE,NEUTRE,ACCORD,PESSIMISTE,PESSIMISTE,OPTIMISTE,NEUTRE,Responsabilité collective,Economie: neutre,Féministe: POUR féministe,Feministe: CONTRE féministe,Risque difficile,PCQ,PCC,Femme,Francophones,18-39 ans,Né Canada,Collégial,Revenus moyens
Ind_1678,-0.478792,-0.379121,0.365082,Sou_OUI,CONTRE,POUR,CONTRE,CONTRE,CONTRE,NEUTRE,NEUTRE,NEUTRE,PESSIMISTE,OPTIMISTE,OPTIMISTE,POUR,Responsabilité individuelle,Economie: neutre,Féministe: POUR féministe,Féministe: POUR féministe,Risque difficile,Vote prov: NSP,Vote fed: NSP,Homme,Francophones,40-59 ans,Né Canada,Secondaire,Revenus bas
Ind_1679,1.457742,1.459075,0.302206,Sou_NON,CONTRE,NSP,POUR,NEUTRE,CONTRE,CONTRE,DÉSACCORD,DÉSACCORD,PESSIMISTE,PESSIMISTE,PESSIMISTE,NEUTRE,Responsabilité individuelle,Economie: privé seulement,Feministe: CONTRE féministe,Feministe: CONTRE féministe,Risque facile,NSP,PLC,Homme,Francophones,60 ans et plus,Né Canada,Collégial,NSP
Ind_1680,-0.861863,-1.716685,1.465808,Sou_NSP,NSP,POUR,CONTRE,NSP,NSP,NEUTRE,NEUTRE,NSP,NEUTRE,NSP,NEUTRE,NSP,Responsabilité collective,Economie: neutre,Féministe: POUR féministe,Féministe: POUR féministe,Risque difficile,PQ,BQ,Femme,Francophones,40-59 ans,Né Canada,Collégial,Revenus bas
Ind_1681,-1.822743,0.485321,0.731688,Sou_OUI,POUR,POUR,CONTRE,NEUTRE,POUR,CONTRE,NEUTRE,DÉSACCORD,OPTIMISTE,OPTIMISTE,OPTIMISTE,CONTRE,Responsabilité mixte,Economie: privé et public,Feministre: NEUTRE féministe,Feministre: NEUTRE féministe,Risque difficile,PQ,PCC,Femme,Francophones,60 ans et plus,Né Canada,Secondaire,Revenus bas
Ind_1682,-1.927807,0.778582,-1.135297,Sou_OUI,POUR,POUR,CONTRE,POUR,POUR,POUR,DÉSACCORD,DÉSACCORD,NEUTRE,PESSIMISTE,OPTIMISTE,CONTRE,Responsabilité collective,Economie: privé et public,Féministe: POUR féministe,Feministre: NEUTRE féministe,Risque facile,PQ,PLC,Homme,Francophones,40-59 ans,Né Canada,Universitaire,Revenus élevés
Ind_1683,0.831495,0.928381,0.780057,Sou_NON,POUR,CONTRE,POUR,NEUTRE,NEUTRE,NEUTRE,DÉSACCORD,ACCORD,NEUTRE,PESSIMISTE,PESSIMISTE,CONTRE,Responsabilité individuelle,Economie: privé seulement,Feministe: CONTRE féministe,Feministe: CONTRE féministe,Risque facile,PLQ,PCC,Femme,Francophones,60 ans et plus,Né Canada,Secondaire,Revenus bas
Ind_1684,1.915202,0.961522,-0.913355,Sou_NON,CONTRE,CONTRE,POUR,CONTRE,CONTRE,CONTRE,ACCORD,DÉSACCORD,NEUTRE,PESSIMISTE,PESSIMISTE,CONTRE,Responsabilité mixte,Economie: privé seulement,Feministre: NEUTRE féministe,Féministe: POUR féministe,Risque facile,PLQ,PLC,Homme,Francophones,40-59 ans,Né Canada,Universitaire,Revenus moyens
Ind_1685,1.595186,0.97302,0.105786,Sou_NON,CONTRE,CONTRE,POUR,CONTRE,NSP,NSP,NSP,ACCORD,PESSIMISTE,PESSIMISTE,PESSIMISTE,NSP,Responsabilité individuelle,NSP,Feministre: NEUTRE féministe,Feministre: NEUTRE féministe,Risque facile,PLQ,PLC,Homme,Francophones,40-59 ans,Né Canada,Collégial,Revenus moyens
Ind_1686,1.818506,-1.311424,-0.533041,Sou_NON,NSP,CONTRE,POUR,CONTRE,CONTRE,NSP,ACCORD,ACCORD,PESSIMISTE,PESSIMISTE,PESSIMISTE,POUR,NSP,Economie: neutre,Féministe: POUR féministe,Féministe: POUR féministe,Risque difficile,PLQ,PLC,Femme,Non francophones,60 ans et plus,Né Canada,Secondaire,NSP
Ind_1687,1.481837,-0.355064,-0.112467,Sou_NON,CONTRE,CONTRE,POUR,NEUTRE,CONTRE,CONTRE,NEUTRE,DÉSACCORD,OPTIMISTE,PESSIMISTE,PESSIMISTE,NEUTRE,Responsabilité individuelle,Economie: neutre,Féministe: POUR féministe,Féministe: POUR féministe,Risque facile,NSP,PLC,Femme,Francophones,18-39 ans,Né Canada,Collégial,Revenus bas
Ind_1688,-1.114658,0.240192,0.590413,Sou_OUI,POUR,POUR,POUR,NEUTRE,POUR,POUR,ACCORD,NEUTRE,NEUTRE,NEUTRE,NEUTRE,CONTRE,Responsabilité collective,Economie: privé seulement,Feministre: NEUTRE féministe,Feministre: NEUTRE féministe,Risque facile,PQ,PLC,Femme,Francophones,60 ans et plus,Né Canada,Collégial,Revenus bas
Ind_1689,-0.14198,-1.170167,2.574391,Sou_NSP,NSP,NSP,NSP,NEUTRE,NEUTRE,NEUTRE,NSP,NSP,NSP,NSP,NSP,NEUTRE,NSP,NSP,NSP,NSP,NSP,Vote prov: NSP,Vote fed: NSP,Homme,Francophones,18-39 ans,Né Canada,Universitaire,NSP
Ind_1690,-2.779944,1.901613,-0.369374,Sou_OUI,POUR,POUR,CONTRE,POUR,POUR,POUR,DÉSACCORD,DÉSACCORD,OPTIMISTE,NEUTRE,OPTIMISTE,CONTRE,Responsabilité individuelle,Economie: privé seulement,Feministre: NEUTRE féministe,Feministre: NEUTRE féministe,Risque facile,PQ,BQ,Homme,Francophones,60 ans et plus,Né Canada,Universitaire,Revenus moyens
Ind_1691,2.089562,-1.130729,-1.458836,Sou_NON,CONTRE,CONTRE,POUR,CONTRE,CONTRE,CONTRE,ACCORD,ACCORD,NEUTRE,PESSIMISTE,PESSIMISTE,POUR,Responsabilité collective,Economie: privé et public,Féministe: POUR féministe,Féministe: POUR féministe,Risque facile,PLQ,PLC,Femme,Francophones,40-59 ans,Né Canada,Collégial,NSP
Ind_1692,-0.756986,0.32038,-0.175411,Sou_NSP,POUR,POUR,CONTRE,POUR,CONTRE,CONTRE,NSP,NEUTRE,OPTIMISTE,PESSIMISTE,OPTIMISTE,NEUTRE,Responsabilité collective,Economie: privé seulement,Feministre: NEUTRE féministe,Feministre: NEUTRE féministe,Risque difficile,QS,PLC,Homme,Francophones,60 ans et plus,Né Canada,Universitaire,Revenus moyens
Ind_1693,-2.227556,0.588534,-0.918252,Sou_OUI,POUR,POUR,CONTRE,POUR,POUR,CONTRE,DÉSACCORD,DÉSACCORD,OPTIMISTE,OPTIMISTE,OPTIMISTE,POUR,Responsabilité individuelle,Economie: neutre,Féministe: POUR féministe,Féministe: POUR féministe,Risque facile,PQ,NPD,Homme,Francophones,60 ans et plus,Né Canada,Collégial,Revenus moyens
Ind_1694,-0.966209,-1.803905,-0.983498,Sou_OUI,POUR,CONTRE,POUR,POUR,POUR,CONTRE,ACCORD,NSP,OPTIMISTE,NSP,NEUTRE,POUR,Responsabilité collective,Economie: privé et public,Féministe: POUR féministe,Féministe: POUR féministe,Risque difficile,PQ,BQ,Femme,Francophones,18-39 ans,Né Canada,Universitaire,Revenus moyens
Ind_1695,2.169175,0.436636,-0.082101,Sou_NON,CONTRE,CONTRE,POUR,CONTRE,CONTRE,CONTRE,ACCORD,DÉSACCORD,NSP,PESSIMISTE,PESSIMISTE,POUR,Responsabilité individuelle,Economie: neutre,Feministe: CONTRE féministe,Feministe: CONTRE féministe,Risque difficile,PCQ,PCC,Femme,Non francophones,60 ans et plus,Né Ailleurs,Collégial,NSP
Ind_1696,-1.827028,0.399438,0.859482,Sou_NSP,POUR,POUR,POUR,POUR,POUR,NEUTRE,NEUTRE,NSP,OPTIMISTE,OPTIMISTE,OPTIMISTE,CONTRE,Responsabilité mixte,Economie: privé seulement,NSP,NSP,Risque facile,PQ,BQ,Homme,Francophones,18-39 ans,Né Canada,Collégial,Revenus élevés
Ind_1697,1.99022,0.527477,0.108979,Sou_NON,CONTRE,CONTRE,POUR,CONTRE,CONTRE,CONTRE,ACCORD,NEUTRE,PESSIMISTE,PESSIMISTE,PESSIMISTE,CONTRE,Responsabilité mixte,Economie: privé et public,Feministre: NEUTRE féministe,Feministre: NEUTRE féministe,Risque facile,PCQ,PCC,Femme,Francophones,40-59 ans,Né Ailleurs,Collégial,NSP
Ind_1698,1.916228,-0.935324,-1.645438,Sou_NON,CONTRE,CONTRE,POUR,CONTRE,CONTRE,CONTRE,ACCORD,ACCORD,OPTIMISTE,PESSIMISTE,PESSIMISTE,NEUTRE,Responsabilité collective,Economie: privé et public,Féministe: POUR féministe,Féministe: POUR féministe,Risque difficile,PLQ,PLC,Homme,Non francophones,18-39 ans,Né Canada,Collégial,Revenus bas
Ind_1699,-2.656585,-0.673579,-0.456988,Sou_OUI,POUR,POUR,CONTRE,POUR,POUR,POUR,NEUTRE,NEUTRE,OPTIMISTE,OPTIMISTE,OPTIMISTE,CONTRE,Responsabilité individuelle,Economie: privé et public,Féministe: POUR féministe,Féministe: POUR féministe,Risque difficile,PQ,BQ,Femme,Francophones,60 ans et plus,Né Canada,Secondaire,Revenus moyens
Ind_1700,1.910813,1.411721,0.233004,Sou_NON,CONTRE,CONTRE,POUR,CONTRE,CONTRE,CONTRE,NEUTRE,DÉSACCORD,PESSIMISTE,PESSIMISTE,PESSIMISTE,CONTRE,Responsabilité mixte,Economie: privé seulement,Feministe: CONTRE féministe,Feministre: NEUTRE féministe,Risque difficile,PLQ,PLC,Homme,Francophones,40-59 ans,Né Canada,Collégial,Revenus bas
Ind_1701,1.737011,-0.278908,0.570523,Sou_NON,CONTRE,CONTRE,POUR,NSP,CONTRE,CONTRE,NEUTRE,DÉSACCORD,NEUTRE,PESSIMISTE,PESSIMISTE,NEUTRE,Responsabilité mixte,Economie: neutre,Féministe: POUR féministe,Feministre: NEUTRE féministe,Risque difficile,NSP,PLC,Femme,Francophones,60 ans et plus,Né Canada,Collégial,NSP
Ind_1702,-0.941486,1.234875,0.789961,Sou_NON,POUR,POUR,CONTRE,POUR,POUR,NEUTRE,DÉSACCORD,DÉSACCORD,PESSIMISTE,PESSIMISTE,OPTIMISTE,CONTRE,Responsabilité individuelle,Economie: privé seulement,Feministe: CONTRE féministe,Feministre: NEUTRE féministe,Risque difficile,PCQ,PCC,Femme,Francophones,60 ans et plus,Né Canada,Collégial,Revenus moyens
Ind_1703,1.520035,-1.46462,-0.735775,Sou_NON,CONTRE,CONTRE,POUR,CONTRE,CONTRE,NEUTRE,NEUTRE,NEUTRE,PESSIMISTE,PESSIMISTE,PESSIMISTE,NEUTRE,Responsabilité collective,Economie: privé et public,Féministe: POUR féministe,Féministe: POUR féministe,Risque difficile,PLQ,BQ,Femme,Francophones,18-39 ans,Né Canada,Universitaire,Revenus moyens
Ind_1704,0.172402,-1.825368,-1.300559,Sou_NON,CONTRE,POUR,POUR,POUR,CONTRE,POUR,ACCORD,ACCORD,OPTIMISTE,PESSIMISTE,OPTIMISTE,NSP,Responsabilité collective,Economie: privé et public,Féministe: POUR féministe,Féministe: POUR féministe,Risque difficile,QS,NPD,Femme,Non francophones,18-39 ans,Né Canada,Universitaire,Revenus bas
Ind_1705,-2.100571,-1.175944,-0.940524,Sou_OUI,POUR,NSP,CONTRE,POUR,POUR,POUR,ACCORD,ACCORD,OPTIMISTE,NEUTRE,OPTIMISTE,POUR,Responsabilité individuelle,Economie: privé et public,Féministe: POUR féministe,Féministe: POUR féministe,Risque facile,QS,BQ,Femme,Francophones,40-59 ans,Né Canada,Collégial,Revenus bas
Ind_1706,1.610794,-1.688982,-1.634364,Sou_NON,CONTRE,CONTRE,CONTRE,CONTRE,CONTRE,CONTRE,ACCORD,ACCORD,NEUTRE,PESSIMISTE,PESSIMISTE,POUR,Responsabilité collective,Economie: privé et public,Féministe: POUR féministe,Féministe: POUR féministe,Risque difficile,QS,PLC,Femme,Francophones,18-39 ans,Né Canada,Universitaire,Revenus moyens
Ind_1707,-1.903334,0.30237,0.477209,Sou_OUI,POUR,POUR,POUR,POUR,POUR,POUR,ACCORD,NSP,NEUTRE,NEUTRE,OPTIMISTE,NEUTRE,Responsabilité mixte,Economie: neutre,Feministre: NEUTRE féministe,Feministre: NEUTRE féministe,Risque difficile,PQ,BQ,Homme,Francophones,60 ans et plus,Né Canada,Collégial,Revenus moyens
Ind_1708,2.155066,0.181019,-1.081382,Sou_NON,CONTRE,CONTRE,POUR,CONTRE,CONTRE,CONTRE,ACCORD,DÉSACCORD,NSP,PESSIMISTE,PESSIMISTE,NEUTRE,Responsabilité collective,Economie: privé et public,Feministe: CONTRE féministe,Feministe: CONTRE féministe,Risque facile,PLQ,PLC,Femme,Non francophones,60 ans et plus,Né Canada,Secondaire,Revenus moyens
Ind_1709,1.400545,0.061235,-0.10074,Sou_NON,CONTRE,CONTRE,POUR,NEUTRE,CONTRE,CONTRE,DÉSACCORD,DÉSACCORD,OPTIMISTE,PESSIMISTE,PESSIMISTE,CONTRE,Responsabilité mixte,Economie: privé et public,Féministe: POUR féministe,Feministre: NEUTRE féministe,NSP,QS,PLC,Femme,Francophones,18-39 ans,Né Canada,Collégial,Revenus élevés
Ind_1710,1.601142,0.333131,-1.129781,Sou_NON,CONTRE,CONTRE,POUR,CONTRE,CONTRE,CONTRE,NEUTRE,DÉSACCORD,NEUTRE,PESSIMISTE,NEUTRE,CONTRE,Responsabilité mixte,Economie: privé et public,Féministe: POUR féministe,Féministe: POUR féministe,Risque facile,PLQ,PLC,Homme,Francophones,60 ans et plus,Né Canada,Universitaire,Revenus moyens
Ind_1711,1.557775,-0.367245,0.728028,Sou_NON,CONTRE,CONTRE,POUR,NEUTRE,CONTRE,CONTRE,NEUTRE,NEUTRE,PESSIMISTE,PESSIMISTE,NEUTRE,CONTRE,Responsabilité mixte,Economie: privé et public,Feministre: NEUTRE féministe,Féministe: POUR féministe,Risque difficile,PCQ,PCC,Femme,Francophones,18-39 ans,Né Canada,Collégial,Revenus bas
Ind_1712,-2.48416,0.693024,0.018528,Sou_OUI,POUR,POUR,CONTRE,POUR,NEUTRE,POUR,NSP,NEUTRE,OPTIMISTE,OPTIMISTE,OPTIMISTE,CONTRE,Responsabilité collective,Economie: privé et public,Feministre: NEUTRE féministe,Feministre: NEUTRE féministe,Risque facile,PQ,BQ,Homme,Francophones,60 ans et plus,Né Canada,Collégial,NSP
Ind_1713,0.910399,-0.528354,0.866527,Sou_NON,CONTRE,NSP,POUR,CONTRE,POUR,POUR,NEUTRE,ACCORD,NEUTRE,PESSIMISTE,NSP,CONTRE,Responsabilité mixte,Economie: neutre,NSP,NSP,Risque facile,NSP,Vote fed: NSP,Femme,Non francophones,18-39 ans,Né Canada,Universitaire,Revenus moyens
Ind_1714,1.225771,0.747379,-0.112104,Sou_NON,CONTRE,CONTRE,POUR,CONTRE,CONTRE,CONTRE,NEUTRE,DÉSACCORD,OPTIMISTE,PESSIMISTE,OPTIMISTE,NEUTRE,Responsabilité individuelle,Economie: privé et public,Feministre: NEUTRE féministe,Feministre: NEUTRE féministe,Risque facile,NSP,PLC,Femme,Francophones,60 ans et plus,Né Canada,Collégial,Revenus bas
Ind_1715,0.896752,-0.420011,1.370533,Sou_NON,NSP,NSP,NSP,CONTRE,CONTRE,CONTRE,NSP,NSP,NSP,NSP,NSP,CONTRE,Responsabilité individuelle,NSP,NSP,NSP,Risque facile,NSP,PLC,Femme,Francophones,40-59 ans,Né Canada,Universitaire,Revenus moyens
Ind_1716,-0.185581,-0.298021,0.968567,Sou_NSP,NSP,POUR,CONTRE,NEUTRE,NEUTRE,NEUTRE,DÉSACCORD,DÉSACCORD,NEUTRE,PESSIMISTE,PESSIMISTE,CONTRE,NSP,Economie: neutre,Féministe: POUR féministe,Féministe: POUR féministe,Risque facile,CAQ,PLC,Femme,Francophones,60 ans et plus,Né Canada,Secondaire,Revenus bas
Ind_1717,2.243632,0.059486,0.068742,Sou_NON,CONTRE,CONTRE,POUR,CONTRE,CONTRE,CONTRE,ACCORD,NEUTRE,NSP,PESSIMISTE,PESSIMISTE,CONTRE,Responsabilité mixte,Economie: neutre,Feministre: NEUTRE féministe,Feministe: CONTRE féministe,Risque difficile,PLQ,PLC,Femme,Non francophones,60 ans et plus,Né Canada,Collégial,Revenus moyens
Ind_1718,-2.654309,0.836605,-0.192315,Sou_OUI,POUR,POUR,CONTRE,POUR,POUR,POUR,DÉSACCORD,ACCORD,OPTIMISTE,OPTIMISTE,OPTIMISTE,CONTRE,Responsabilité collective,Economie: privé seulement,Feministe: CONTRE féministe,Feministe: CONTRE féministe,Risque difficile,PQ,BQ,Homme,Francophones,40-59 ans,Né Canada,Secondaire,Revenus moyens
Ind_1719,1.308696,1.437535,-0.056057,Sou_NON,CONTRE,CONTRE,POUR,CONTRE,CONTRE,CONTRE,NEUTRE,DÉSACCORD,NEUTRE,PESSIMISTE,OPTIMISTE,CONTRE,Responsabilité individuelle,Economie: privé et public,Feministe: CONTRE féministe,Feministe: CONTRE féministe,Risque facile,NSP,Vote fed: NSP,Homme,Francophones,60 ans et plus,Né Canada,Collégial,Revenus moyens
Ind_1720,-1.257096,-0.958129,0.03992,Sou_NSP,CONTRE,POUR,CONTRE,POUR,POUR,POUR,ACCORD,ACCORD,NEUTRE,NEUTRE,OPTIMISTE,NEUTRE,Responsabilité mixte,Economie: privé et public,Feministre: NEUTRE féministe,NSP,Risque difficile,CAQ,BQ,Femme,Francophones,40-59 ans,Né Canada,Universitaire,Revenus moyens
Ind_1721,1.734035,-0.927399,0.30785,Sou_NON,CONTRE,CONTRE,POUR,CONTRE,NSP,NEUTRE,ACCORD,NEUTRE,NEUTRE,PESSIMISTE,PESSIMISTE,POUR,Responsabilité mixte,Economie: privé et public,NSP,NSP,Risque difficile,NSP,NSP,Femme,Non francophones,60 ans et plus,Né Canada,Collégial,Revenus moyens
Ind_1722,-2.639179,1.421997,-0.770265,Sou_OUI,POUR,POUR,CONTRE,POUR,POUR,POUR,NEUTRE,DÉSACCORD,OPTIMISTE,OPTIMISTE,OPTIMISTE,POUR,Responsabilité individuelle,Economie: privé seulement,Feministe: CONTRE féministe,Feministre: NEUTRE féministe,Risque facile,PQ,BQ,Homme,Francophones,60 ans et plus,Né Ailleurs,Universitaire,Revenus moyens
Ind_1723,1.976578,2.12243,-0.399643,Sou_NON,CONTRE,CONTRE,POUR,CONTRE,CONTRE,CONTRE,DÉSACCORD,DÉSACCORD,NEUTRE,PESSIMISTE,PESSIMISTE,CONTRE,Responsabilité individuelle,Economie: privé seulement,Feministe: CONTRE féministe,Feministe: CONTRE féministe,Risque facile,PLQ,PCC,Homme,Non francophones,60 ans et plus,Né Canada,Collégial,NSP
Ind_1724,0.430529,0.822242,0.60831,Sou_OUI,CONTRE,CONTRE,POUR,CONTRE,NEUTRE,NEUTRE,NEUTRE,DÉSACCORD,PESSIMISTE,PESSIMISTE,NEUTRE,CONTRE,Responsabilité mixte,Economie: neutre,Feministre: NEUTRE féministe,Féministe: POUR féministe,Risque facile,PQ,PLC,Homme,Francophones,60 ans et plus,Né Canada,Collégial,Revenus bas
Ind_1725,0.228385,0.558225,-0.486952,Sou_NON,CONTRE,CONTRE,CONTRE,POUR,NEUTRE,POUR,DÉSACCORD,DÉSACCORD,OPTIMISTE,PESSIMISTE,NEUTRE,CONTRE,Responsabilité mixte,Economie: privé et public,NSP,NSP,Risque difficile,PLQ,PLC,Homme,Non francophones,40-59 ans,Né Canada,Universitaire,Revenus moyens
Ind_1726,-1.023766,0.483753,0.31175,Sou_NSP,CONTRE,POUR,POUR,POUR,NEUTRE,POUR,ACCORD,NEUTRE,OPTIMISTE,NEUTRE,OPTIMISTE,CONTRE,Responsabilité individuelle,Economie: privé seulement,Feministre: NEUTRE féministe,Féministe: POUR féministe,Risque facile,NSP,BQ,Homme,Francophones,40-59 ans,Né Canada,Collégial,Revenus élevés
Ind_1727,2.023011,0.287519,-0.761669,Sou_NON,CONTRE,CONTRE,POUR,CONTRE,CONTRE,CONTRE,DÉSACCORD,DÉSACCORD,NEUTRE,PESSIMISTE,PESSIMISTE,POUR,Responsabilité collective,Economie: privé et public,Feministre: NEUTRE féministe,Feministre: NEUTRE féministe,Risque difficile,PLQ,NPD,Femme,Non francophones,60 ans et plus,Né Canada,Universitaire,Revenus bas
Ind_1728,1.318612,0.799731,-0.414959,Sou_NON,CONTRE,CONTRE,POUR,CONTRE,CONTRE,CONTRE,DÉSACCORD,DÉSACCORD,NEUTRE,PESSIMISTE,PESSIMISTE,CONTRE,Responsabilité collective,Economie: privé seulement,Feministe: CONTRE féministe,Féministe: POUR féministe,Risque facile,PQ,BQ,Femme,Francophones,60 ans et plus,Né Canada,Collégial,Revenus moyens
Ind_1729,2.129417,-0.686535,-0.831059,Sou_NON,CONTRE,CONTRE,POUR,CONTRE,CONTRE,CONTRE,ACCORD,ACCORD,NSP,PESSIMISTE,PESSIMISTE,CONTRE,Responsabilité mixte,Economie: privé seulement,Féministe: POUR féministe,Féministe: POUR féministe,Risque facile,NSP,PLC,Femme,Non francophones,40-59 ans,Né Canada,Universitaire,NSP
Ind_1730,0.987084,-0.184084,-1.734,Sou_NON,CONTRE,CONTRE,CONTRE,NEUTRE,CONTRE,CONTRE,ACCORD,DÉSACCORD,NEUTRE,PESSIMISTE,PESSIMISTE,POUR,Responsabilité collective,Economie: privé et public,Féministe: POUR féministe,Féministe: POUR féministe,Risque facile,PQ,PLC,Homme,Francophones,60 ans et plus,Né Canada,Universitaire,Revenus bas
Ind_1731,1.005283,0.837579,0.865138,Sou_NON,CONTRE,CONTRE,POUR,NEUTRE,NEUTRE,CONTRE,NEUTRE,NEUTRE,NEUTRE,PESSIMISTE,NEUTRE,CONTRE,Responsabilité collective,Economie: neutre,Feministe: CONTRE féministe,Feministe: CONTRE féministe,Risque facile,PQ,Vote fed: NSP,Homme,Francophones,60 ans et plus,Né Canada,Collégial,Revenus bas
Ind_1732,1.920339,0.033656,-1.034003,Sou_NON,CONTRE,CONTRE,POUR,CONTRE,CONTRE,CONTRE,NSP,NEUTRE,NEUTRE,PESSIMISTE,PESSIMISTE,NEUTRE,Responsabilité individuelle,Economie: privé et public,Féministe: POUR féministe,Féministe: POUR féministe,Risque facile,PLQ,PLC,Homme,Francophones,40-59 ans,Né Canada,Collégial,Revenus bas
Ind_1733,0.171667,-0.290791,-0.380835,Sou_NSP,CONTRE,CONTRE,POUR,POUR,CONTRE,POUR,DÉSACCORD,DÉSACCORD,NEUTRE,NEUTRE,NEUTRE,NEUTRE,Responsabilité mixte,Economie: privé et public,Féministe: POUR féministe,Féministe: POUR féministe,Risque difficile,PLQ,PLC,Homme,Francophones,60 ans et plus,Né Canada,Secondaire,Revenus bas
Ind_1734,-2.631558,-0.118365,-0.634481,Sou_OUI,POUR,POUR,CONTRE,POUR,POUR,POUR,ACCORD,ACCORD,OPTIMISTE,OPTIMISTE,OPTIMISTE,CONTRE,Responsabilité collective,Economie: neutre,Féministe: POUR féministe,NSP,Risque facile,PQ,BQ,Homme,Francophones,18-39 ans,Né Canada,Collégial,Revenus moyens
Ind_1735,2.026077,-1.504875,-0.822339,Sou_NON,CONTRE,CONTRE,POUR,CONTRE,CONTRE,NEUTRE,ACCORD,ACCORD,NSP,PESSIMISTE,PESSIMISTE,NEUTRE,Responsabilité mixte,Economie: privé et public,Féministe: POUR féministe,Féministe: POUR féministe,Risque difficile,PLQ,PLC,Femme,Non francophones,40-59 ans,Né Canada,Collégial,Revenus moyens
Ind_1736,-2.012936,-0.172681,-0.111787,Sou_OUI,POUR,POUR,CONTRE,POUR,CONTRE,NEUTRE,NSP,ACCORD,OPTIMISTE,NEUTRE,OPTIMISTE,CONTRE,Responsabilité mixte,Economie: neutre,Féministe: POUR féministe,Féministe: POUR féministe,Risque facile,PQ,BQ,Homme,Francophones,40-59 ans,Né Canada,Collégial,Revenus moyens
Ind_1737,1.306283,-1.061971,0.401363,Sou_NON,CONTRE,CONTRE,POUR,POUR,CONTRE,NSP,NSP,NSP,NEUTRE,PESSIMISTE,NSP,CONTRE,Responsabilité individuelle,NSP,Féministe: POUR féministe,Féministe: POUR féministe,Risque difficile,PLQ,PLC,Femme,Francophones,18-39 ans,Né Canada,Collégial,NSP
Ind_1738,-0.416808,-1.492581,-0.91251,Sou_NON,POUR,POUR,POUR,POUR,CONTRE,CONTRE,ACCORD,NEUTRE,OPTIMISTE,PESSIMISTE,OPTIMISTE,POUR,Responsabilité collective,Economie: neutre,Féministe: POUR féministe,Féministe: POUR féministe,Risque difficile,PQ,BQ,Femme,Francophones,18-39 ans,Né Canada,Universitaire,Revenus moyens
Ind_1739,-2.78012,0.279324,-1.393962,Sou_OUI,POUR,POUR,CONTRE,POUR,POUR,POUR,DÉSACCORD,DÉSACCORD,OPTIMISTE,NEUTRE,OPTIMISTE,NEUTRE,Responsabilité individuelle,Economie: privé et public,Féministe: POUR féministe,Féministe: POUR féministe,Risque facile,PQ,BQ,Homme,Francophones,40-59 ans,Né Canada,Universitaire,Revenus moyens
Ind_1740,1.805087,0.209884,-0.805681,Sou_NON,CONTRE,CONTRE,POUR,CONTRE,CONTRE,CONTRE,NSP,DÉSACCORD,NEUTRE,PESSIMISTE,PESSIMISTE,NEUTRE,Responsabilité collective,Economie: neutre,Féministe: POUR féministe,Féministe: POUR féministe,Risque facile,PLQ,PLC,Homme,Francophones,60 ans et plus,Né Canada,Collégial,Revenus bas
Ind_1741,-0.776124,-1.711798,1.402197,Sou_OUI,POUR,NSP,POUR,NEUTRE,NEUTRE,NEUTRE,NEUTRE,NEUTRE,NEUTRE,NEUTRE,NSP,NEUTRE,Responsabilité mixte,NSP,Féministe: POUR féministe,Féministe: POUR féministe,Risque difficile,PQ,BQ,Femme,Francophones,60 ans et plus,Né Canada,Collégial,NSP
Ind_1742,-1.584874,-1.087049,-0.255582,Sou_OUI,CONTRE,POUR,CONTRE,NEUTRE,POUR,POUR,NEUTRE,DÉSACCORD,OPTIMISTE,NEUTRE,OPTIMISTE,NEUTRE,Responsabilité mixte,Economie: privé et public,Féministe: POUR féministe,Féministe: POUR féministe,Risque difficile,PQ,PLC,Femme,Francophones,40-59 ans,Né Canada,Collégial,Revenus moyens
Ind_1743,-0.579546,0.732232,0.093401,Sou_NON,CONTRE,POUR,CONTRE,POUR,POUR,CONTRE,NSP,DÉSACCORD,NEUTRE,NEUTRE,OPTIMISTE,CONTRE,Responsabilité individuelle,Economie: neutre,Feministre: NEUTRE féministe,Féministe: POUR féministe,Risque difficile,PCQ,PCC,Homme,Francophones,18-39 ans,Né Canada,Universitaire,Revenus moyens
Ind_1744,-0.857193,0.745384,1.231568,Sou_NON,POUR,POUR,POUR,POUR,POUR,NEUTRE,DÉSACCORD,NSP,NEUTRE,NEUTRE,OPTIMISTE,CONTRE,Responsabilité individuelle,Economie: privé seulement,Feministe: CONTRE féministe,Feministe: CONTRE féministe,Risque difficile,NSP,Vote fed: NSP,Homme,Francophones,18-39 ans,Né Canada,Collégial,Revenus bas
Ind_1745,-2.520022,-0.529382,-0.216636,Sou_OUI,POUR,POUR,CONTRE,POUR,POUR,POUR,ACCORD,ACCORD,OPTIMISTE,OPTIMISTE,OPTIMISTE,NEUTRE,Responsabilité individuelle,Economie: neutre,Féministe: POUR féministe,Feministre: NEUTRE féministe,Risque difficile,PQ,BQ,Femme,Francophones,60 ans et plus,Né Canada,Secondaire,Revenus moyens
Ind_1746,1.157023,-0.058277,-0.665301,Sou_OUI,CONTRE,CONTRE,POUR,POUR,CONTRE,CONTRE,ACCORD,NEUTRE,NEUTRE,PESSIMISTE,PESSIMISTE,POUR,NSP,Economie: privé et public,NSP,NSP,Risque difficile,Vote prov: NSP,PVQ,Homme,Non francophones,60 ans et plus,Né Canada,Collégial,Revenus moyens
Ind_1747,1.907076,0.881759,-0.033794,Sou_NON,CONTRE,CONTRE,POUR,CONTRE,CONTRE,CONTRE,ACCORD,ACCORD,PESSIMISTE,PESSIMISTE,PESSIMISTE,NEUTRE,Responsabilité mixte,Economie: privé seulement,Feministre: NEUTRE féministe,Feministre: NEUTRE féministe,Risque facile,Vote prov: NSP,Vote fed: NSP,Homme,Francophones,40-59 ans,Né Ailleurs,Collégial,Revenus moyens
Ind_1748,0.363721,-2.332422,1.495827,Sou_NON,NSP,NSP,POUR,NEUTRE,NEUTRE,NEUTRE,NEUTRE,NEUTRE,NSP,NSP,NSP,NEUTRE,Responsabilité collective,Economie: privé et public,Féministe: POUR féministe,Féministe: POUR féministe,Risque difficile,NSP,PVQ,Femme,Francophones,18-39 ans,Né Canada,Collégial,NSP
Ind_1749,1.503319,0.228247,-0.195555,Sou_NON,CONTRE,CONTRE,POUR,POUR,CONTRE,CONTRE,ACCORD,DÉSACCORD,PESSIMISTE,PESSIMISTE,PESSIMISTE,CONTRE,Responsabilité individuelle,Economie: privé seulement,Feministre: NEUTRE féministe,Féministe: POUR féministe,Risque difficile,PLQ,Vote fed: NSP,Femme,Francophones,60 ans et plus,Né Canada,Universitaire,NSP
Ind_1750,-1.790505,-1.026027,-1.123773,Sou_NON,POUR,POUR,CONTRE,POUR,POUR,POUR,NEUTRE,DÉSACCORD,OPTIMISTE,NEUTRE,OPTIMISTE,POUR,Responsabilité collective,Economie: privé et public,Féministe: POUR féministe,Féministe: POUR féministe,Risque facile,QS,NPD,Femme,Francophones,40-59 ans,Né Canada,Universitaire,NSP
Ind_1751,1.448496,0.989799,-0.292112,Sou_NON,CONTRE,CONTRE,POUR,POUR,CONTRE,CONTRE,NEUTRE,NEUTRE,NEUTRE,PESSIMISTE,PESSIMISTE,CONTRE,Responsabilité mixte,Economie: privé et public,Feministre: NEUTRE féministe,Feministre: NEUTRE féministe,Risque facile,PLQ,Vote fed: NSP,Homme,Francophones,40-59 ans,Né Canada,Universitaire,Revenus élevés
Ind_1752,-2.057976,1.843094,-0.325287,Sou_OUI,CONTRE,POUR,CONTRE,POUR,POUR,POUR,DÉSACCORD,DÉSACCORD,OPTIMISTE,OPTIMISTE,OPTIMISTE,CONTRE,Responsabilité individuelle,Economie: privé seulement,Feministre: NEUTRE féministe,Feministre: NEUTRE féministe,Risque facile,PQ,PCC,Homme,Francophones,18-39 ans,Né Canada,Universitaire,Revenus élevés
Ind_1753,0.30127,-0.652782,0.186321,Sou_NON,CONTRE,CONTRE,POUR,NEUTRE,NEUTRE,CONTRE,NEUTRE,NEUTRE,OPTIMISTE,NEUTRE,NEUTRE,CONTRE,Responsabilité collective,Economie: privé seulement,Féministe: POUR féministe,Féministe: POUR féministe,Risque facile,PQ,BQ,Femme,Francophones,18-39 ans,Né Canada,Secondaire,Revenus moyens
Ind_1754,-2.033813,-0.54272,0.147303,Sou_OUI,POUR,POUR,CONTRE,POUR,POUR,NEUTRE,NEUTRE,DÉSACCORD,NEUTRE,OPTIMISTE,OPTIMISTE,NEUTRE,Responsabilité mixte,Economie: neutre,Féministe: POUR féministe,Féministe: POUR féministe,Risque facile,CAQ,BQ,Femme,Francophones,60 ans et plus,Né Canada,Secondaire,Revenus moyens
Ind_1755,-0.916195,-0.871266,0.351209,Sou_OUI,POUR,POUR,POUR,POUR,NEUTRE,NEUTRE,ACCORD,NEUTRE,NEUTRE,OPTIMISTE,PESSIMISTE,POUR,Responsabilité collective,Economie: privé et public,Feministre: NEUTRE féministe,Feministre: NEUTRE féministe,Risque difficile,PQ,BQ,Femme,Francophones,18-39 ans,Né Ailleurs,Collégial,Revenus bas
Ind_1756,1.301569,2.072391,0.051332,Sou_NON,CONTRE,CONTRE,POUR,CONTRE,NEUTRE,CONTRE,DÉSACCORD,DÉSACCORD,OPTIMISTE,PESSIMISTE,PESSIMISTE,CONTRE,Responsabilité individuelle,Economie: privé seulement,Feministre: NEUTRE féministe,Feministre: NEUTRE féministe,Risque facile,PLQ,PCC,Homme,Francophones,18-39 ans,Né Canada,Collégial,Revenus moyens
Ind_1757,1.588805,0.88064,0.138576,Sou_NON,CONTRE,CONTRE,POUR,CONTRE,POUR,CONTRE,NSP,NSP,NEUTRE,PESSIMISTE,NSP,CONTRE,Responsabilité individuelle,NSP,NSP,NSP,Risque facile,PLQ,PLC,Homme,Non francophones,60 ans et plus,Né Ailleurs,Secondaire,Revenus bas
Ind_1758,1.835702,-0.73916,-1.953882,Sou_NON,CONTRE,CONTRE,POUR,POUR,CONTRE,CONTRE,ACCORD,NEUTRE,NEUTRE,PESSIMISTE,PESSIMISTE,POUR,Responsabilité individuelle,Economie: privé et public,Féministe: POUR féministe,Féministe: POUR féministe,Risque facile,PLQ,PLC,Femme,Non francophones,60 ans et plus,Né Canada,Universitaire,Revenus moyens
Ind_1759,-1.290128,-0.73762,-0.579285,Sou_OUI,POUR,POUR,CONTRE,CONTRE,POUR,CONTRE,ACCORD,NEUTRE,OPTIMISTE,NSP,OPTIMISTE,CONTRE,Responsabilité collective,Economie: privé et public,Féministe: POUR féministe,Féministe: POUR féministe,Risque difficile,NSP,PLC,Homme,Francophones,60 ans et plus,Né Canada,Collégial,Revenus bas
Ind_1760,-1.969974,1.160491,0.347967,Sou_OUI,POUR,POUR,CONTRE,POUR,POUR,POUR,NEUTRE,DÉSACCORD,NEUTRE,NEUTRE,OPTIMISTE,NEUTRE,Responsabilité individuelle,Economie: privé seulement,Feministre: NEUTRE féministe,Feministre: NEUTRE féministe,Risque facile,Vote prov: NSP,Vote fed: NSP,Homme,Francophones,18-39 ans,Né Canada,Collégial,Revenus élevés
Ind_1761,-2.115501,1.134693,0.771196,Sou_NSP,POUR,POUR,CONTRE,POUR,POUR,POUR,DÉSACCORD,DÉSACCORD,OPTIMISTE,NEUTRE,OPTIMISTE,CONTRE,Responsabilité collective,Economie: neutre,Feministre: NEUTRE féministe,Feministre: NEUTRE féministe,Risque facile,NSP,Vote fed: NSP,Homme,Francophones,40-59 ans,Né Canada,Collégial,NSP
Ind_1762,0.476861,0.693279,-0.160921,Sou_NON,CONTRE,CONTRE,CONTRE,POUR,CONTRE,CONTRE,NEUTRE,NEUTRE,NEUTRE,NEUTRE,NEUTRE,CONTRE,Responsabilité individuelle,Economie: privé seulement,Féministe: POUR féministe,Féministe: POUR féministe,Risque facile,PCQ,PCC,Homme,Francophones,40-59 ans,Né Canada,Collégial,Revenus bas
Ind_1763,-0.755071,-0.379164,1.839728,Sou_NSP,POUR,POUR,POUR,NEUTRE,NEUTRE,NEUTRE,NEUTRE,NEUTRE,NEUTRE,NEUTRE,NSP,NEUTRE,Responsabilité mixte,Economie: neutre,Feministe: CONTRE féministe,Feministe: CONTRE féministe,Risque difficile,PQ,BQ,Homme,Francophones,18-39 ans,Né Canada,Secondaire,NSP
Ind_1764,-0.027574,0.604152,-0.516945,Sou_NSP,CONTRE,POUR,POUR,CONTRE,POUR,POUR,ACCORD,ACCORD,NEUTRE,OPTIMISTE,OPTIMISTE,CONTRE,Responsabilité individuelle,Economie: neutre,Feministre: NEUTRE féministe,Feministe: CONTRE féministe,Risque facile,PLQ,PLC,Homme,Non francophones,18-39 ans,Né Canada,Universitaire,Revenus élevés
Ind_1765,-0.760034,0.525696,1.338414,Sou_NSP,POUR,POUR,POUR,NEUTRE,POUR,NEUTRE,DÉSACCORD,DÉSACCORD,NEUTRE,OPTIMISTE,NEUTRE,CONTRE,Responsabilité collective,Economie: neutre,Feministre: NEUTRE féministe,Feministe: CONTRE féministe,Risque difficile,NSP,BQ,Homme,Non francophones,18-39 ans,Né Canada,Secondaire,Revenus bas
Ind_1766,-0.126879,0.349664,-0.284795,Sou_OUI,POUR,POUR,POUR,NEUTRE,NEUTRE,NEUTRE,ACCORD,NEUTRE,OPTIMISTE,PESSIMISTE,PESSIMISTE,CONTRE,Responsabilité individuelle,Economie: privé seulement,Feministre: NEUTRE féministe,Féministe: POUR féministe,Risque facile,PLQ,PVQ,Homme,Non francophones,18-39 ans,Né Canada,Universitaire,Revenus moyens
Ind_1767,1.849535,0.129022,0.937345,Sou_NON,CONTRE,CONTRE,POUR,CONTRE,CONTRE,CONTRE,NEUTRE,NEUTRE,PESSIMISTE,PESSIMISTE,PESSIMISTE,CONTRE,Responsabilité mixte,Economie: neutre,Feministre: NEUTRE féministe,Feministre: NEUTRE féministe,Risque difficile,QS,NPD,Femme,Francophones,18-39 ans,Né Canada,Collégial,Revenus bas
Ind_1768,1.56876,-0.144459,-0.865521,Sou_NON,CONTRE,CONTRE,POUR,NEUTRE,CONTRE,CONTRE,ACCORD,DÉSACCORD,OPTIMISTE,PESSIMISTE,PESSIMISTE,POUR,Responsabilité collective,Economie: neutre,Feministre: NEUTRE féministe,Féministe: POUR féministe,Risque facile,PLQ,PLC,Femme,Francophones,60 ans et plus,Né Canada,Universitaire,Revenus bas
Ind_1769,2.0556,-1.30701,-1.426967,Sou_NON,CONTRE,CONTRE,POUR,CONTRE,CONTRE,CONTRE,ACCORD,ACCORD,NEUTRE,PESSIMISTE,PESSIMISTE,POUR,Responsabilité collective,Economie: privé et public,Féministe: POUR féministe,Féministe: POUR féministe,Risque facile,QS,PVQ,Femme,Non francophones,18-39 ans,Né Canada,Collégial,Revenus bas
Ind_1770,-2.599335,-1.290771,-1.725366,Sou_OUI,POUR,POUR,CONTRE,POUR,POUR,POUR,ACCORD,ACCORD,OPTIMISTE,OPTIMISTE,OPTIMISTE,POUR,Responsabilité collective,Economie: privé et public,Féministe: POUR féministe,Féministe: POUR féministe,Risque facile,PQ,BQ,Femme,Francophones,60 ans et plus,Né Canada,Universitaire,Revenus moyens
Ind_1771,-2.2506,-0.085763,-0.234552,Sou_OUI,POUR,POUR,CONTRE,POUR,POUR,POUR,NEUTRE,NEUTRE,OPTIMISTE,OPTIMISTE,OPTIMISTE,POUR,Responsabilité collective,Economie: privé et public,Feministre: NEUTRE féministe,Feministre: NEUTRE féministe,Risque difficile,Vote prov: NSP,Vote fed: NSP,Homme,Francophones,18-39 ans,Né Canada,Universitaire,Revenus bas
Ind_1772,1.835964,-0.030705,-0.555635,Sou_NON,CONTRE,CONTRE,POUR,CONTRE,CONTRE,CONTRE,NEUTRE,DÉSACCORD,OPTIMISTE,PESSIMISTE,PESSIMISTE,CONTRE,Responsabilité mixte,Economie: privé et public,Feministre: NEUTRE féministe,Féministe: POUR féministe,Risque difficile,PCQ,PCC,Femme,Non francophones,18-39 ans,Né Ailleurs,Universitaire,Revenus élevés
Ind_1773,1.495981,0.207101,-0.42445,Sou_NON,CONTRE,CONTRE,POUR,CONTRE,CONTRE,CONTRE,NEUTRE,NEUTRE,PESSIMISTE,PESSIMISTE,PESSIMISTE,NEUTRE,Responsabilité mixte,Economie: privé seulement,Féministe: POUR féministe,Féministe: POUR féministe,Risque facile,CAQ,BQ,Homme,Francophones,60 ans et plus,Né Canada,Collégial,NSP
Ind_1774,1.687276,0.497985,0.032671,Sou_NON,CONTRE,CONTRE,POUR,CONTRE,NEUTRE,CONTRE,ACCORD,DÉSACCORD,NEUTRE,PESSIMISTE,NSP,CONTRE,Responsabilité mixte,Economie: privé seulement,Feministe: CONTRE féministe,Feministe: CONTRE féministe,Risque facile,PLQ,PLC,Femme,Francophones,60 ans et plus,Né Ailleurs,Universitaire,Revenus bas
Ind_1775,-1.908325,-0.555697,-0.735919,Sou_OUI,POUR,POUR,CONTRE,POUR,POUR,POUR,NSP,DÉSACCORD,OPTIMISTE,PESSIMISTE,PESSIMISTE,NEUTRE,Responsabilité collective,Economie: privé et public,Féministe: POUR féministe,Feministre: NEUTRE féministe,Risque difficile,PQ,BQ,Femme,Francophones,60 ans et plus,Né Canada,Universitaire,Revenus élevés
Ind_1776,-2.666936,-0.235426,-1.429017,Sou_OUI,POUR,POUR,CONTRE,POUR,POUR,POUR,ACCORD,NEUTRE,OPTIMISTE,OPTIMISTE,OPTIMISTE,CONTRE,Responsabilité individuelle,Economie: privé et public,Féministe: POUR féministe,Féministe: POUR féministe,Risque facile,PQ,BQ,Homme,Francophones,18-39 ans,Né Canada,Universitaire,Revenus élevés
Ind_1777,-1.776038,1.074334,0.992517,Sou_OUI,POUR,POUR,POUR,POUR,POUR,POUR,NSP,DÉSACCORD,OPTIMISTE,NEUTRE,NSP,CONTRE,Responsabilité individuelle,Economie: neutre,Feministre: NEUTRE féministe,Feministre: NEUTRE féministe,Risque difficile,NSP,BQ,Homme,Francophones,40-59 ans,Né Canada,Secondaire,Revenus élevés
Ind_1778,0.857738,0.117652,0.558401,Sou_NON,CONTRE,POUR,CONTRE,CONTRE,NEUTRE,CONTRE,ACCORD,DÉSACCORD,PESSIMISTE,PESSIMISTE,PESSIMISTE,NEUTRE,Responsabilité collective,Economie: neutre,Feministe: CONTRE féministe,Feministe: CONTRE féministe,Risque facile,NSP,Vote fed: NSP,Femme,Francophones,60 ans et plus,Né Canada,Collégial,Revenus bas
Ind_1779,1.915231,1.092441,-0.525025,Sou_NON,CONTRE,CONTRE,POUR,CONTRE,CONTRE,CONTRE,NSP,NEUTRE,NEUTRE,PESSIMISTE,PESSIMISTE,POUR,Responsabilité individuelle,Economie: privé et public,Feministre: NEUTRE féministe,Feministre: NEUTRE féministe,Risque facile,CAQ,PLC,Homme,Francophones,40-59 ans,Né Canada,Collégial,Revenus moyens
Ind_1780,1.173465,0.262351,-1.313738,Sou_NON,CONTRE,CONTRE,POUR,POUR,CONTRE,CONTRE,NEUTRE,DÉSACCORD,NEUTRE,PESSIMISTE,PESSIMISTE,NEUTRE,Responsabilité collective,Economie: privé et public,Féministe: POUR féministe,NSP,Risque facile,PQ,PLC,Homme,Francophones,40-59 ans,Né Canada,Universitaire,Revenus élevés
Ind_1781,-1.332612,-0.113014,-0.385609,Sou_NSP,CONTRE,POUR,POUR,POUR,NEUTRE,POUR,ACCORD,DÉSACCORD,OPTIMISTE,NEUTRE,OPTIMISTE,NEUTRE,Responsabilité collective,Economie: neutre,Feministre: NEUTRE féministe,Féministe: POUR féministe,Risque facile,PQ,BQ,Homme,Francophones,18-39 ans,Né Canada,Universitaire,Revenus moyens
Ind_1782,1.779936,0.938811,0.923265,Sou_NON,CONTRE,CONTRE,POUR,CONTRE,CONTRE,CONTRE,NSP,DÉSACCORD,PESSIMISTE,PESSIMISTE,PESSIMISTE,CONTRE,Responsabilité mixte,Economie: neutre,Feministe: CONTRE féministe,Feministe: CONTRE féministe,Risque difficile,NSP,Vote fed: NSP,Homme,Francophones,40-59 ans,Né Canada,Secondaire,NSP
Ind_1783,0.190624,0.28927,0.273458,Sou_NON,CONTRE,POUR,POUR,NEUTRE,NEUTRE,CONTRE,NEUTRE,DÉSACCORD,OPTIMISTE,PESSIMISTE,OPTIMISTE,CONTRE,Responsabilité individuelle,Economie: privé et public,Féministe: POUR féministe,Feministre: NEUTRE féministe,Risque facile,PCQ,BQ,Femme,Francophones,18-39 ans,Né Canada,Collégial,Revenus élevés
Ind_1784,-2.779944,1.901613,-0.369374,Sou_OUI,POUR,POUR,CONTRE,POUR,POUR,POUR,DÉSACCORD,DÉSACCORD,OPTIMISTE,NEUTRE,OPTIMISTE,CONTRE,Responsabilité individuelle,Economie: privé seulement,Feministre: NEUTRE féministe,Feministre: NEUTRE féministe,Risque facile,PQ,BQ,Homme,Francophones,60 ans et plus,Né Canada,Universitaire,Revenus moyens
Ind_1785,1.039664,-1.23238,0.831823,Sou_NON,CONTRE,CONTRE,POUR,CONTRE,NSP,NSP,NSP,NSP,OPTIMISTE,NSP,NSP,CONTRE,Responsabilité individuelle,Economie: privé et public,NSP,Féministe: POUR féministe,Risque difficile,NSP,Vote fed: NSP,Femme,Non francophones,18-39 ans,Né Canada,Universitaire,NSP
Ind_1786,0.620996,-1.800166,-0.102248,Sou_NON,CONTRE,CONTRE,POUR,NSP,NSP,NSP,ACCORD,ACCORD,OPTIMISTE,NSP,NSP,POUR,Responsabilité collective,NSP,Féministe: POUR féministe,Féministe: POUR féministe,Risque facile,QS,NPD,Femme,Francophones,18-39 ans,Né Canada,Collégial,Revenus moyens
Ind_1787,2.025056,-1.403713,-0.931934,Sou_NON,CONTRE,CONTRE,POUR,CONTRE,CONTRE,NEUTRE,ACCORD,ACCORD,NEUTRE,PESSIMISTE,PESSIMISTE,POUR,Responsabilité mixte,Economie: privé et public,Féministe: POUR féministe,Féministe: POUR féministe,Risque difficile,PLQ,PLC,Femme,Non francophones,60 ans et plus,Né Canada,Secondaire,Revenus bas
Ind_1788,1.504668,0.160602,0.397643,Sou_NON,CONTRE,CONTRE,POUR,CONTRE,NEUTRE,CONTRE,NEUTRE,DÉSACCORD,PESSIMISTE,PESSIMISTE,NEUTRE,POUR,Responsabilité mixte,Economie: privé seulement,Feministre: NEUTRE féministe,Féministe: POUR féministe,Risque facile,NSP,PLC,Femme,Francophones,60 ans et plus,Né Canada,Collégial,Revenus bas
Ind_1789,1.278921,1.354093,0.160262,Sou_NON,CONTRE,CONTRE,POUR,NEUTRE,NEUTRE,NEUTRE,DÉSACCORD,DÉSACCORD,PESSIMISTE,PESSIMISTE,PESSIMISTE,CONTRE,Responsabilité collective,Economie: privé et public,Feministe: CONTRE féministe,Feministre: NEUTRE féministe,Risque facile,PCQ,PCC,Homme,Non francophones,18-39 ans,Né Canada,Secondaire,Revenus moyens
Ind_1790,2.062591,-0.935605,-0.921596,Sou_NON,CONTRE,CONTRE,POUR,CONTRE,CONTRE,CONTRE,ACCORD,ACCORD,NEUTRE,PESSIMISTE,PESSIMISTE,NEUTRE,Responsabilité mixte,Economie: neutre,Féministe: POUR féministe,Féministe: POUR féministe,Risque facile,NSP,PVQ,Femme,Non francophones,60 ans et plus,Né Canada,Universitaire,Revenus moyens
Ind_1791,-1.176232,-1.062764,-0.931281,Sou_NON,POUR,POUR,POUR,POUR,POUR,POUR,ACCORD,DÉSACCORD,NEUTRE,NEUTRE,OPTIMISTE,CONTRE,Responsabilité collective,Economie: privé et public,Féministe: POUR féministe,Féministe: POUR féministe,Risque difficile,PQ,PLC,Femme,Francophones,40-59 ans,Né Canada,Universitaire,Revenus élevés
Ind_1792,-2.707742,-0.59097,-0.976014,Sou_OUI,POUR,POUR,CONTRE,POUR,POUR,POUR,NEUTRE,NSP,OPTIMISTE,NEUTRE,OPTIMISTE,CONTRE,Responsabilité collective,Economie: privé et public,Féministe: POUR féministe,Féministe: POUR féministe,NSP,PQ,BQ,Homme,Francophones,18-39 ans,Né Canada,Universitaire,Revenus moyens
Ind_1793,1.624886,0.717375,-0.301633,Sou_NON,CONTRE,CONTRE,CONTRE,CONTRE,CONTRE,CONTRE,DÉSACCORD,DÉSACCORD,PESSIMISTE,PESSIMISTE,PESSIMISTE,NEUTRE,Responsabilité individuelle,Economie: privé et public,Feministre: NEUTRE féministe,Feministre: NEUTRE féministe,Risque difficile,PLQ,PLC,Femme,Francophones,40-59 ans,Né Canada,Collégial,Revenus élevés
Ind_1794,-2.027334,-1.279621,0.291789,Sou_OUI,POUR,NSP,NSP,POUR,NEUTRE,POUR,NEUTRE,NEUTRE,OPTIMISTE,OPTIMISTE,OPTIMISTE,NEUTRE,Responsabilité collective,Economie: privé seulement,Féministe: POUR féministe,Féministe: POUR féministe,Risque difficile,PQ,BQ,Femme,Francophones,60 ans et plus,Né Canada,Secondaire,Revenus bas
Ind_1795,1.228889,-1.606579,0.225012,Sou_NON,CONTRE,NSP,POUR,NSP,CONTRE,NSP,ACCORD,ACCORD,NSP,PESSIMISTE,NSP,NSP,Responsabilité individuelle,NSP,Féministe: POUR féministe,Féministe: POUR féministe,NSP,NSP,PLC,Femme,Francophones,18-39 ans,Né Canada,Universitaire,Revenus bas
Ind_1796,-1.629025,-1.60446,0.110562,Sou_OUI,POUR,NSP,NSP,POUR,NEUTRE,POUR,ACCORD,DÉSACCORD,OPTIMISTE,OPTIMISTE,OPTIMISTE,POUR,Responsabilité mixte,NSP,Féministe: POUR féministe,Féministe: POUR féministe,Risque difficile,PLQ,BQ,Femme,Francophones,18-39 ans,Né Canada,Collégial,NSP
Ind_1797,2.115065,1.675853,-0.444603,Sou_NON,CONTRE,CONTRE,POUR,CONTRE,CONTRE,CONTRE,DÉSACCORD,ACCORD,PESSIMISTE,PESSIMISTE,PESSIMISTE,CONTRE,Responsabilité individuelle,Economie: privé seulement,Feministre: NEUTRE féministe,Feministre: NEUTRE féministe,Risque facile,PLQ,PLC,Homme,Non francophones,18-39 ans,Né Canada,Collégial,Revenus bas
Ind_1798,1.449435,-0.536376,-0.107853,Sou_NON,CONTRE,CONTRE,POUR,NEUTRE,CONTRE,CONTRE,ACCORD,ACCORD,PESSIMISTE,NSP,NSP,NEUTRE,Responsabilité collective,Economie: privé et public,Feministre: NEUTRE féministe,Feministre: NEUTRE féministe,Risque facile,PQ,PLC,Femme,Non francophones,18-39 ans,Né Canada,Collégial,Revenus bas
Ind_1799,0.202729,-0.093235,-0.303343,Sou_NON,CONTRE,CONTRE,POUR,POUR,POUR,POUR,ACCORD,DÉSACCORD,NSP,NSP,NSP,NSP,Responsabilité collective,Economie: privé et public,Feministre: NEUTRE féministe,Feministre: NEUTRE féministe,Risque difficile,QS,NPD,Homme,Non francophones,18-39 ans,Né Canada,Universitaire,Revenus bas
Ind_1800,-1.31476,-0.179845,0.064313,Sou_OUI,POUR,POUR,POUR,POUR,POUR,POUR,ACCORD,ACCORD,PESSIMISTE,OPTIMISTE,OPTIMISTE,NEUTRE,Responsabilité individuelle,Economie: privé seulement,Feministre: NEUTRE féministe,Feministe: CONTRE féministe,Risque difficile,PCQ,PCC,Femme,Francophones,18-39 ans,Né Ailleurs,Universitaire,Revenus bas
Ind_1801,-0.82052,-0.357867,-0.46923,Sou_NON,POUR,POUR,POUR,POUR,POUR,POUR,ACCORD,DÉSACCORD,NEUTRE,PESSIMISTE,OPTIMISTE,POUR,Responsabilité mixte,Economie: neutre,Féministe: POUR féministe,Féministe: POUR féministe,Risque facile,QS,Vote fed: NSP,Homme,Francophones,18-39 ans,Né Canada,Collégial,Revenus moyens
Ind_1802,0.54713,-1.108113,2.379539,Sou_NSP,CONTRE,CONTRE,POUR,CONTRE,POUR,NSP,NSP,NSP,NSP,NSP,NSP,CONTRE,Responsabilité mixte,NSP,NSP,NSP,Risque difficile,NSP,Vote fed: NSP,Femme,Francophones,18-39 ans,Né Canada,Collégial,Revenus bas
Ind_1803,-2.756478,0.48873,-0.354065,Sou_OUI,POUR,POUR,CONTRE,POUR,POUR,POUR,NEUTRE,NSP,OPTIMISTE,NEUTRE,OPTIMISTE,CONTRE,Responsabilité individuelle,Economie: privé seulement,Féministe: POUR féministe,Féministe: POUR féministe,Risque facile,PQ,BQ,Homme,Francophones,60 ans et plus,Né Canada,Secondaire,Revenus bas
Ind_1804,1.932557,1.286835,0.058114,Sou_NON,CONTRE,CONTRE,POUR,CONTRE,CONTRE,CONTRE,NSP,NSP,NSP,PESSIMISTE,PESSIMISTE,NEUTRE,Responsabilité individuelle,Economie: privé seulement,Feministre: NEUTRE féministe,Feministre: NEUTRE féministe,Risque facile,PLQ,PLC,Homme,Francophones,40-59 ans,Né Canada,Collégial,Revenus bas
Ind_1805,-0.271268,-1.392712,-0.307203,Sou_NON,CONTRE,POUR,POUR,POUR,CONTRE,NEUTRE,ACCORD,ACCORD,OPTIMISTE,NEUTRE,OPTIMISTE,POUR,Responsabilité individuelle,Economie: privé seulement,Féministe: POUR féministe,Féministe: POUR féministe,Risque difficile,PQ,Vote fed: NSP,Femme,Francophones,18-39 ans,Né Canada,Universitaire,Revenus bas
Ind_1806,-2.054484,1.440038,0.106651,Sou_NON,POUR,POUR,CONTRE,POUR,NEUTRE,POUR,NEUTRE,DÉSACCORD,OPTIMISTE,NEUTRE,OPTIMISTE,CONTRE,Responsabilité individuelle,Economie: privé et public,Feministre: NEUTRE féministe,Feministre: NEUTRE féministe,Risque facile,PQ,BQ,Homme,Francophones,60 ans et plus,Né Canada,Collégial,Revenus bas
Ind_1807,1.808606,1.806189,-0.105838,Sou_NON,CONTRE,CONTRE,POUR,CONTRE,CONTRE,CONTRE,DÉSACCORD,NEUTRE,NEUTRE,PESSIMISTE,PESSIMISTE,NEUTRE,Responsabilité individuelle,Economie: privé seulement,Feministe: CONTRE féministe,Feministre: NEUTRE féministe,Risque facile,PCQ,PCC,Homme,Francophones,40-59 ans,Né Canada,Secondaire,Revenus moyens
Ind_1808,0.839164,-1.31483,-0.399273,Sou_NON,CONTRE,CONTRE,POUR,POUR,NEUTRE,NEUTRE,ACCORD,NEUTRE,PESSIMISTE,PESSIMISTE,NEUTRE,POUR,Responsabilité mixte,Economie: privé et public,Féministe: POUR féministe,Féministe: POUR féministe,Risque facile,CAQ,NPD,Femme,Francophones,40-59 ans,Né Canada,Universitaire,Revenus bas
Ind_1809,1.377986,-0.613794,0.038715,Sou_NON,CONTRE,CONTRE,POUR,POUR,CONTRE,CONTRE,NSP,ACCORD,NEUTRE,PESSIMISTE,NEUTRE,CONTRE,Responsabilité collective,Economie: privé et public,Feministre: NEUTRE féministe,Féministe: POUR féministe,Risque difficile,NSP,PLC,Femme,Francophones,60 ans et plus,Né Canada,Collégial,Revenus bas
Ind_1810,-2.076294,0.393093,-0.915151,Sou_OUI,CONTRE,POUR,CONTRE,POUR,POUR,POUR,DÉSACCORD,NEUTRE,NEUTRE,OPTIMISTE,OPTIMISTE,CONTRE,Responsabilité collective,Economie: privé et public,Féministe: POUR féministe,Feministe: CONTRE féministe,Risque facile,PQ,BQ,Homme,Francophones,60 ans et plus,Né Canada,Universitaire,Revenus bas
Ind_1811,1.860712,1.195089,-0.566678,Sou_NON,CONTRE,CONTRE,POUR,CONTRE,CONTRE,CONTRE,ACCORD,DÉSACCORD,PESSIMISTE,PESSIMISTE,PESSIMISTE,CONTRE,Responsabilité mixte,Economie: privé et public,Feministe: CONTRE féministe,Feministre: NEUTRE féministe,Risque facile,Vote prov: NSP,Vote fed: NSP,Homme,Non francophones,60 ans et plus,Né Canada,Universitaire,Revenus bas
Ind_1812,0.819007,-0.274257,-1.08354,Sou_NON,CONTRE,CONTRE,CONTRE,POUR,POUR,CONTRE,NEUTRE,NEUTRE,NEUTRE,PESSIMISTE,NSP,NEUTRE,Responsabilité mixte,Economie: neutre,Féministe: POUR féministe,Féministe: POUR féministe,Risque facile,PLQ,PLC,Homme,Non francophones,40-59 ans,Né Ailleurs,Universitaire,Revenus élevés
Ind_1813,1.539693,-0.140962,-0.893258,Sou_NON,CONTRE,CONTRE,POUR,CONTRE,CONTRE,CONTRE,NEUTRE,DÉSACCORD,NEUTRE,NSP,PESSIMISTE,NEUTRE,Responsabilité mixte,Economie: privé et public,Féministe: POUR féministe,Féministe: POUR féministe,Risque facile,NSP,PLC,Homme,Francophones,40-59 ans,Né Canada,Universitaire,Revenus élevés
Ind_1814,1.578101,1.204932,0.46139,Sou_NON,CONTRE,CONTRE,POUR,CONTRE,NEUTRE,CONTRE,NSP,DÉSACCORD,NEUTRE,PESSIMISTE,PESSIMISTE,POUR,Responsabilité individuelle,Economie: privé seulement,Feministe: CONTRE féministe,Feministe: CONTRE féministe,Risque difficile,NSP,PCC,Homme,Francophones,60 ans et plus,Né Canada,Secondaire,Revenus bas
Ind_1815,-2.716612,-0.633113,-1.062517,Sou_OUI,POUR,POUR,CONTRE,POUR,POUR,POUR,NEUTRE,DÉSACCORD,OPTIMISTE,NEUTRE,OPTIMISTE,NEUTRE,Responsabilité collective,Economie: privé et public,Féministe: POUR féministe,Féministe: POUR féministe,Risque difficile,PQ,BQ,Homme,Francophones,40-59 ans,Né Canada,Universitaire,NSP
Ind_1816,1.298106,1.666408,-0.494802,Sou_NON,CONTRE,CONTRE,POUR,POUR,CONTRE,CONTRE,DÉSACCORD,DÉSACCORD,PESSIMISTE,PESSIMISTE,PESSIMISTE,POUR,Responsabilité individuelle,Economie: privé et public,Feministe: CONTRE féministe,Feministre: NEUTRE féministe,Risque facile,PCQ,PCC,Homme,Francophones,18-39 ans,Né Canada,Secondaire,Revenus bas
Ind_1817,0.127231,-0.716353,1.300793,Sou_NSP,POUR,POUR,POUR,NEUTRE,CONTRE,NEUTRE,NEUTRE,NEUTRE,PESSIMISTE,PESSIMISTE,NEUTRE,CONTRE,Responsabilité collective,Economie: neutre,Féministe: POUR féministe,Feministre: NEUTRE féministe,Risque facile,NSP,Vote fed: NSP,Femme,Francophones,18-39 ans,Né Canada,Universitaire,Revenus bas
Ind_1818,-0.747017,-0.107024,1.723464,Sou_NSP,POUR,POUR,POUR,NEUTRE,POUR,NEUTRE,ACCORD,DÉSACCORD,NSP,NSP,OPTIMISTE,CONTRE,Responsabilité individuelle,Economie: neutre,Feministre: NEUTRE féministe,Feministre: NEUTRE féministe,Risque difficile,NSP,Vote fed: NSP,Femme,Francophones,40-59 ans,Né Canada,Universitaire,Revenus élevés
Ind_1819,1.262413,-0.203388,0.685897,Sou_NON,CONTRE,CONTRE,POUR,CONTRE,NEUTRE,NEUTRE,ACCORD,DÉSACCORD,NEUTRE,PESSIMISTE,NEUTRE,CONTRE,Responsabilité individuelle,Economie: privé seulement,Féministe: POUR féministe,Feministre: NEUTRE féministe,Risque difficile,QS,NPD,Femme,Francophones,18-39 ans,Né Canada,Collégial,Revenus moyens
Ind_1820,1.91792,-1.14313,0.42927,Sou_NON,CONTRE,CONTRE,POUR,CONTRE,CONTRE,CONTRE,NEUTRE,NEUTRE,NEUTRE,PESSIMISTE,PESSIMISTE,NSP,Responsabilité mixte,Economie: neutre,Féministe: POUR féministe,Féministe: POUR féministe,Risque difficile,NSP,Vote fed: NSP,Femme,Francophones,18-39 ans,Né Canada,Collégial,Revenus élevés
Ind_1821,1.327331,-0.135135,-1.922782,Sou_NON,CONTRE,POUR,CONTRE,CONTRE,CONTRE,CONTRE,ACCORD,ACCORD,PESSIMISTE,PESSIMISTE,PESSIMISTE,POUR,Responsabilité collective,Economie: privé et public,Feministe: CONTRE féministe,Féministe: POUR féministe,Risque facile,QS,PLC,Homme,Non francophones,40-59 ans,Né Canada,Universitaire,Revenus moyens
Ind_1822,1.391693,-0.048471,0.399882,Sou_NON,CONTRE,CONTRE,CONTRE,CONTRE,CONTRE,CONTRE,NSP,NEUTRE,NSP,OPTIMISTE,PESSIMISTE,POUR,Responsabilité mixte,Economie: neutre,Feministre: NEUTRE féministe,Feministe: CONTRE féministe,Risque facile,NSP,PCC,Femme,Non francophones,18-39 ans,Né Canada,Collégial,NSP
Ind_1823,-1.680478,0.021902,-1.056451,Sou_OUI,POUR,POUR,POUR,POUR,POUR,POUR,ACCORD,ACCORD,OPTIMISTE,OPTIMISTE,OPTIMISTE,CONTRE,Responsabilité individuelle,Economie: privé seulement,Féministe: POUR féministe,Féministe: POUR féministe,Risque facile,PLQ,PLC,Homme,Francophones,18-39 ans,Né Canada,Collégial,Revenus moyens
Ind_1824,-1.975772,-0.418939,-1.402707,Sou_OUI,POUR,POUR,POUR,POUR,POUR,POUR,ACCORD,NEUTRE,OPTIMISTE,NEUTRE,NEUTRE,POUR,Responsabilité individuelle,Economie: privé et public,Féministe: POUR féministe,Féministe: POUR féministe,Risque facile,PQ,BQ,Homme,Francophones,40-59 ans,Né Canada,Universitaire,Revenus moyens
Ind_1825,1.658125,-0.574206,-0.662802,Sou_NON,CONTRE,CONTRE,POUR,CONTRE,CONTRE,CONTRE,ACCORD,DÉSACCORD,OPTIMISTE,PESSIMISTE,PESSIMISTE,CONTRE,Responsabilité collective,NSP,Féministe: POUR féministe,Féministe: POUR féministe,Risque difficile,PLQ,PLC,Femme,Francophones,60 ans et plus,Né Canada,Secondaire,Revenus bas
Ind_1826,1.189871,1.514684,-0.878849,Sou_NON,CONTRE,CONTRE,POUR,CONTRE,CONTRE,CONTRE,DÉSACCORD,DÉSACCORD,OPTIMISTE,PESSIMISTE,OPTIMISTE,CONTRE,Responsabilité mixte,Economie: privé et public,Feministe: CONTRE féministe,Feministre: NEUTRE féministe,Risque facile,PLQ,PLC,Homme,Francophones,40-59 ans,Né Canada,Universitaire,Revenus élevés
Ind_1827,0.793806,1.658167,-0.369052,Sou_NON,CONTRE,CONTRE,POUR,POUR,POUR,CONTRE,DÉSACCORD,DÉSACCORD,NEUTRE,PESSIMISTE,PESSIMISTE,CONTRE,Responsabilité individuelle,Economie: privé seulement,Feministe: CONTRE féministe,Féministe: POUR féministe,Risque facile,Vote prov: NSP,NSP,Homme,Francophones,40-59 ans,Né Canada,Secondaire,Revenus moyens
Ind_1828,1.456574,-0.289736,-0.495125,Sou_NON,CONTRE,POUR,POUR,NEUTRE,CONTRE,CONTRE,ACCORD,DÉSACCORD,PESSIMISTE,PESSIMISTE,PESSIMISTE,CONTRE,Responsabilité individuelle,Economie: privé seulement,Féministe: POUR féministe,Féministe: POUR féministe,Risque difficile,PLQ,PLC,Femme,Francophones,40-59 ans,Né Canada,Universitaire,Revenus moyens
Ind_1829,-1.825944,1.082633,-0.28405,Sou_OUI,POUR,POUR,CONTRE,POUR,POUR,POUR,NEUTRE,DÉSACCORD,NEUTRE,OPTIMISTE,PESSIMISTE,NEUTRE,Responsabilité individuelle,Economie: privé et public,Feministre: NEUTRE féministe,Feministre: NEUTRE féministe,Risque facile,CAQ,BQ,Homme,Francophones,18-39 ans,Né Canada,Collégial,Revenus moyens
Ind_1830,0.99731,0.371348,-0.053559,Sou_NON,CONTRE,POUR,POUR,CONTRE,CONTRE,CONTRE,DÉSACCORD,DÉSACCORD,NEUTRE,PESSIMISTE,PESSIMISTE,CONTRE,Responsabilité individuelle,Economie: privé et public,Feministe: CONTRE féministe,Féministe: POUR féministe,Risque difficile,PQ,BQ,Femme,Francophones,40-59 ans,Né Canada,Secondaire,NSP
Ind_1831,-1.760647,0.678857,-0.370397,Sou_OUI,POUR,POUR,POUR,POUR,POUR,POUR,ACCORD,DÉSACCORD,NEUTRE,PESSIMISTE,OPTIMISTE,CONTRE,Responsabilité mixte,Economie: neutre,Feministre: NEUTRE féministe,Féministe: POUR féministe,Risque facile,PQ,BQ,Homme,Francophones,60 ans et plus,Né Canada,Universitaire,Revenus bas
Ind_1832,-1.307135,-0.171011,1.386991,Sou_OUI,POUR,POUR,CONTRE,NEUTRE,NEUTRE,NEUTRE,NSP,NSP,OPTIMISTE,OPTIMISTE,NSP,CONTRE,NSP,Economie: privé et public,NSP,NSP,Risque facile,NSP,Vote fed: NSP,Homme,Francophones,18-39 ans,Né Canada,Collégial,Revenus moyens
Ind_1833,-2.093739,-0.493896,0.187189,Sou_NSP,POUR,POUR,CONTRE,POUR,POUR,POUR,ACCORD,DÉSACCORD,NEUTRE,NEUTRE,OPTIMISTE,CONTRE,Responsabilité collective,Economie: privé et public,NSP,NSP,Risque difficile,PQ,BQ,Femme,Francophones,60 ans et plus,Né Canada,Collégial,Revenus moyens
Ind_1834,1.925319,-0.529992,-1.441247,Sou_NON,CONTRE,CONTRE,POUR,POUR,CONTRE,CONTRE,ACCORD,ACCORD,PESSIMISTE,PESSIMISTE,PESSIMISTE,NEUTRE,NSP,Economie: privé et public,Féministe: POUR féministe,Feministre: NEUTRE féministe,Risque facile,PLQ,PLC,Femme,Non francophones,40-59 ans,Né Ailleurs,Universitaire,Revenus bas
Ind_1835,0.202894,-0.501199,2.230274,Sou_NSP,CONTRE,POUR,POUR,NEUTRE,NEUTRE,NEUTRE,NEUTRE,NEUTRE,NSP,NSP,NSP,CONTRE,Responsabilité mixte,NSP,Feministre: NEUTRE féministe,Feministre: NEUTRE féministe,NSP,NSP,PLC,Femme,Francophones,60 ans et plus,Né Canada,Universitaire,Revenus bas
Ind_1836,-1.7243,0.062475,0.394316,Sou_OUI,POUR,POUR,CONTRE,POUR,NEUTRE,NEUTRE,NEUTRE,NEUTRE,OPTIMISTE,NEUTRE,NEUTRE,POUR,Responsabilité mixte,Economie: neutre,Feministre: NEUTRE féministe,Féministe: POUR féministe,Risque facile,PQ,PLC,Homme,Francophones,60 ans et plus,Né Canada,Secondaire,Revenus bas
Ind_1837,0.834041,-1.822717,-0.062977,Sou_NON,CONTRE,POUR,POUR,NEUTRE,POUR,NEUTRE,ACCORD,NEUTRE,NEUTRE,PESSIMISTE,NEUTRE,POUR,Responsabilité mixte,Economie: privé et public,Féministe: POUR féministe,Féministe: POUR féministe,Risque difficile,PLQ,NPD,Femme,Non francophones,18-39 ans,Né Canada,Collégial,Revenus bas
Ind_1838,-0.369163,-1.856055,0.467924,Sou_NSP,POUR,NSP,POUR,POUR,POUR,NEUTRE,ACCORD,NSP,NEUTRE,NSP,NEUTRE,POUR,Responsabilité collective,Economie: privé et public,Feministre: NEUTRE féministe,Féministe: POUR féministe,Risque difficile,NSP,PLC,Femme,Francophones,18-39 ans,Né Canada,Universitaire,Revenus bas
Ind_1839,-2.230722,1.919878,-0.236231,Sou_OUI,POUR,POUR,CONTRE,POUR,POUR,POUR,DÉSACCORD,DÉSACCORD,NEUTRE,NEUTRE,OPTIMISTE,CONTRE,Responsabilité individuelle,Economie: privé seulement,Feministe: CONTRE féministe,Feministre: NEUTRE féministe,Risque facile,PQ,PCC,Homme,Francophones,40-59 ans,Né Canada,Universitaire,Revenus élevés
Ind_1840,0.37747,0.095052,1.43737,Sou_NON,CONTRE,CONTRE,POUR,POUR,NEUTRE,NEUTRE,NEUTRE,ACCORD,PESSIMISTE,NEUTRE,NEUTRE,CONTRE,Responsabilité mixte,Economie: privé seulement,Feministre: NEUTRE féministe,Feministe: CONTRE féministe,Risque difficile,PQ,PCC,Femme,Francophones,40-59 ans,Né Canada,Secondaire,Revenus bas
Ind_1841,0.630981,0.202116,1.038085,Sou_NSP,CONTRE,POUR,POUR,NEUTRE,NEUTRE,CONTRE,ACCORD,NEUTRE,NEUTRE,PESSIMISTE,OPTIMISTE,CONTRE,Responsabilité individuelle,Economie: privé seulement,Feministre: NEUTRE féministe,NSP,Risque facile,NSP,PLC,Femme,Francophones,60 ans et plus,Né Ailleurs,Collégial,Revenus bas
Ind_1842,1.389684,0.634067,0.265139,Sou_NON,CONTRE,CONTRE,POUR,POUR,CONTRE,CONTRE,NEUTRE,DÉSACCORD,PESSIMISTE,PESSIMISTE,PESSIMISTE,CONTRE,Responsabilité collective,Economie: privé et public,Feministe: CONTRE féministe,Feministre: NEUTRE féministe,Risque facile,NSP,Vote fed: NSP,Femme,Francophones,40-59 ans,Né Canada,Collégial,Revenus bas
Ind_1843,0.778608,-0.295136,1.446362,Sou_OUI,CONTRE,CONTRE,POUR,NEUTRE,CONTRE,CONTRE,NEUTRE,NEUTRE,PESSIMISTE,NEUTRE,NEUTRE,NEUTRE,Responsabilité mixte,Economie: neutre,Feministre: NEUTRE féministe,Feministre: NEUTRE féministe,NSP,QS,Vote fed: NSP,Femme,Francophones,18-39 ans,Né Canada,Collégial,Revenus bas
Ind_1844,-1.790563,1.74483,0.077634,Sou_NON,POUR,POUR,CONTRE,POUR,POUR,POUR,DÉSACCORD,DÉSACCORD,OPTIMISTE,NEUTRE,OPTIMISTE,CONTRE,Responsabilité individuelle,Economie: privé seulement,Feministre: NEUTRE féministe,Feministre: NEUTRE féministe,Risque difficile,PQ,PCC,Homme,Non francophones,40-59 ans,Né Canada,Collégial,Revenus élevés
Ind_1845,0.223888,-1.351525,-0.107039,Sou_NON,CONTRE,POUR,POUR,NEUTRE,CONTRE,NEUTRE,ACCORD,ACCORD,OPTIMISTE,NSP,NEUTRE,NEUTRE,Responsabilité collective,Economie: neutre,Féministe: POUR féministe,Féministe: POUR féministe,Risque facile,CAQ,BQ,Femme,Francophones,60 ans et plus,Né Canada,Universitaire,Revenus moyens
Ind_1846,1.916755,0.03604,-0.848558,Sou_NON,CONTRE,CONTRE,POUR,NSP,CONTRE,CONTRE,DÉSACCORD,NEUTRE,PESSIMISTE,PESSIMISTE,PESSIMISTE,CONTRE,Responsabilité mixte,Economie: privé et public,NSP,Féministe: POUR féministe,Risque difficile,PLQ,PLC,Homme,Non francophones,18-39 ans,Né Canada,Universitaire,Revenus moyens
Ind_1847,2.021403,-0.697471,-0.965989,Sou_NON,CONTRE,CONTRE,POUR,CONTRE,CONTRE,CONTRE,ACCORD,NSP,PESSIMISTE,PESSIMISTE,PESSIMISTE,POUR,Responsabilité individuelle,Economie: privé et public,Féministe: POUR féministe,Féministe: POUR féministe,Risque facile,NSP,PLC,Femme,Francophones,40-59 ans,Né Canada,Collégial,Revenus élevés
Ind_1848,-2.741278,-0.552846,-1.727037,Sou_OUI,POUR,POUR,CONTRE,POUR,POUR,POUR,ACCORD,DÉSACCORD,OPTIMISTE,OPTIMISTE,OPTIMISTE,POUR,Responsabilité collective,Economie: privé et public,Féministe: POUR féministe,Féministe: POUR féministe,Risque facile,PQ,BQ,Homme,Francophones,18-39 ans,Né Canada,Universitaire,Revenus bas
Ind_1849,1.785117,1.045763,0.286545,Sou_NON,CONTRE,CONTRE,POUR,CONTRE,CONTRE,CONTRE,DÉSACCORD,DÉSACCORD,PESSIMISTE,PESSIMISTE,PESSIMISTE,CONTRE,Responsabilité individuelle,Economie: privé et public,Feministre: NEUTRE féministe,Feministre: NEUTRE féministe,Risque facile,NSP,Vote fed: NSP,Femme,Francophones,18-39 ans,Né Canada,Collégial,Revenus élevés
Ind_1850,1.50022,1.86783,-0.195931,Sou_NON,CONTRE,CONTRE,POUR,CONTRE,CONTRE,CONTRE,DÉSACCORD,DÉSACCORD,NEUTRE,PESSIMISTE,PESSIMISTE,CONTRE,Responsabilité individuelle,Economie: neutre,Feministre: NEUTRE féministe,Feministre: NEUTRE féministe,Risque facile,CAQ,BQ,Homme,Francophones,18-39 ans,Né Canada,Universitaire,Revenus élevés
Ind_1851,1.646334,0.779818,0.352876,Sou_NON,CONTRE,CONTRE,POUR,CONTRE,CONTRE,CONTRE,NSP,DÉSACCORD,NSP,PESSIMISTE,PESSIMISTE,CONTRE,Responsabilité mixte,Economie: neutre,Féministe: POUR féministe,Feministre: NEUTRE féministe,Risque difficile,CAQ,PLC,Homme,Francophones,60 ans et plus,Né Canada,Secondaire,Revenus bas
Ind_1852,0.177618,-1.908699,0.56177,Sou_NSP,NSP,NSP,NSP,NEUTRE,CONTRE,NEUTRE,NEUTRE,NEUTRE,NEUTRE,NEUTRE,NEUTRE,POUR,Responsabilité mixte,Economie: privé et public,Féministe: POUR féministe,Féministe: POUR féministe,Risque facile,NSP,PLC,Femme,Francophones,18-39 ans,Né Canada,Universitaire,Revenus moyens
Ind_1853,1.765148,-0.795601,0.463094,Sou_NON,CONTRE,NSP,POUR,CONTRE,CONTRE,CONTRE,ACCORD,NSP,OPTIMISTE,PESSIMISTE,PESSIMISTE,CONTRE,Responsabilité mixte,NSP,NSP,Féministe: POUR féministe,Risque difficile,PLQ,Vote fed: NSP,Femme,Non francophones,40-59 ans,Né Canada,Collégial,Revenus bas
Ind_1854,-0.210008,0.006178,2.166218,Sou_NON,NSP,POUR,NSP,NEUTRE,CONTRE,NEUTRE,NEUTRE,DÉSACCORD,NEUTRE,NSP,NEUTRE,CONTRE,Responsabilité mixte,Economie: neutre,Feministre: NEUTRE féministe,Feministre: NEUTRE féministe,Risque difficile,PQ,BQ,Femme,Francophones,60 ans et plus,Né Canada,Collégial,NSP
Ind_1855,-2.714594,0.140182,-0.381812,Sou_OUI,POUR,POUR,CONTRE,POUR,POUR,POUR,NEUTRE,DÉSACCORD,OPTIMISTE,OPTIMISTE,OPTIMISTE,NEUTRE,Responsabilité mixte,Economie: privé et public,Feministre: NEUTRE féministe,Féministe: POUR féministe,Risque difficile,PQ,BQ,Homme,Francophones,40-59 ans,Né Canada,Secondaire,Revenus moyens
Ind_1856,1.50994,-0.333643,0.934467,Sou_NON,CONTRE,POUR,POUR,CONTRE,CONTRE,NSP,DÉSACCORD,NEUTRE,NEUTRE,PESSIMISTE,PESSIMISTE,CONTRE,Responsabilité collective,NSP,NSP,NSP,Risque difficile,NSP,Vote fed: NSP,Femme,Non francophones,40-59 ans,Né Canada,Collégial,Revenus moyens
Ind_1857,1.215679,-1.562932,-0.159213,Sou_NON,CONTRE,CONTRE,POUR,CONTRE,NEUTRE,NEUTRE,NEUTRE,NEUTRE,OPTIMISTE,NEUTRE,PESSIMISTE,NEUTRE,Responsabilité mixte,Economie: privé et public,Féministe: POUR féministe,Féministe: POUR féministe,Risque difficile,PLQ,PLC,Femme,Non francophones,18-39 ans,Né Canada,Collégial,Revenus bas
Ind_1858,1.462841,-1.303791,0.776168,Sou_NON,CONTRE,NSP,POUR,NSP,CONTRE,CONTRE,NEUTRE,NSP,NEUTRE,PESSIMISTE,PESSIMISTE,CONTRE,Responsabilité mixte,Economie: privé et public,Féministe: POUR féministe,Féministe: POUR féministe,Risque difficile,NSP,Vote fed: NSP,Femme,Francophones,18-39 ans,Né Canada,Collégial,Revenus bas
Ind_1859,-2.371256,-0.229716,0.376286,Sou_OUI,POUR,NSP,CONTRE,POUR,POUR,POUR,NSP,NEUTRE,OPTIMISTE,NEUTRE,OPTIMISTE,CONTRE,Responsabilité mixte,Economie: privé et public,Feministre: NEUTRE féministe,Feministre: NEUTRE féministe,Risque difficile,PQ,BQ,Femme,Francophones,60 ans et plus,Né Canada,Universitaire,Revenus bas
Ind_1860,1.330849,1.019422,0.857072,Sou_NON,CONTRE,CONTRE,POUR,NEUTRE,CONTRE,CONTRE,ACCORD,DÉSACCORD,NSP,PESSIMISTE,PESSIMISTE,CONTRE,Responsabilité mixte,Economie: neutre,Feministre: NEUTRE féministe,Feministre: NEUTRE féministe,Risque difficile,NSP,BQ,Homme,Francophones,60 ans et plus,Né Canada,Secondaire,Revenus bas
Ind_1861,2.137265,0.678387,-0.319702,Sou_NON,CONTRE,CONTRE,POUR,CONTRE,CONTRE,CONTRE,ACCORD,NSP,NEUTRE,PESSIMISTE,PESSIMISTE,NEUTRE,Responsabilité mixte,Economie: neutre,NSP,Feministe: CONTRE féministe,Risque facile,PLQ,PCC,Homme,Non francophones,60 ans et plus,Né Canada,Collégial,Revenus moyens
Ind_1862,0.597506,-0.702066,1.915345,Sou_NON,NSP,NSP,NSP,NEUTRE,CONTRE,NEUTRE,ACCORD,NEUTRE,NEUTRE,PESSIMISTE,OPTIMISTE,CONTRE,Responsabilité individuelle,Economie: neutre,NSP,NSP,Risque difficile,NSP,Vote fed: NSP,Femme,Francophones,40-59 ans,Né Canada,Collégial,Revenus moyens
Ind_1863,1.017603,-2.077096,-0.084033,Sou_NON,CONTRE,CONTRE,POUR,NEUTRE,NSP,NSP,ACCORD,ACCORD,NEUTRE,NEUTRE,PESSIMISTE,NEUTRE,Responsabilité collective,NSP,Féministe: POUR féministe,Féministe: POUR féministe,Risque difficile,QS,NPD,Femme,Francophones,18-39 ans,Né Canada,Universitaire,NSP
Ind_1864,1.129229,-0.343728,-0.263694,Sou_NON,CONTRE,POUR,POUR,CONTRE,CONTRE,CONTRE,ACCORD,DÉSACCORD,OPTIMISTE,PESSIMISTE,NEUTRE,CONTRE,Responsabilité mixte,Economie: neutre,Féministe: POUR féministe,Féministe: POUR féministe,Risque facile,PLQ,PLC,Femme,Francophones,60 ans et plus,Né Canada,Collégial,NSP
Ind_1865,1.882942,-0.512406,-1.768569,Sou_NON,CONTRE,CONTRE,POUR,CONTRE,CONTRE,CONTRE,ACCORD,DÉSACCORD,NEUTRE,PESSIMISTE,PESSIMISTE,NEUTRE,Responsabilité collective,Economie: privé et public,Féministe: POUR féministe,Féministe: POUR féministe,Risque facile,QS,NPD,Homme,Non francophones,18-39 ans,Né Canada,Universitaire,NSP
Ind_1866,-2.013128,-0.809212,-0.748634,Sou_OUI,POUR,POUR,POUR,POUR,POUR,POUR,DÉSACCORD,NEUTRE,OPTIMISTE,NEUTRE,OPTIMISTE,CONTRE,Responsabilité mixte,Economie: privé et public,Féministe: POUR féministe,Féministe: POUR féministe,Risque facile,PQ,PLC,Femme,Francophones,18-39 ans,Né Canada,Universitaire,Revenus bas
Ind_1867,-2.669266,0.490206,-0.309221,Sou_OUI,POUR,POUR,CONTRE,POUR,POUR,POUR,ACCORD,DÉSACCORD,OPTIMISTE,NEUTRE,OPTIMISTE,NEUTRE,Responsabilité individuelle,Economie: privé seulement,Féministe: POUR féministe,Feministre: NEUTRE féministe,Risque difficile,PQ,BQ,Homme,Francophones,60 ans et plus,Né Canada,Collégial,Revenus bas
Ind_1868,-2.110762,-1.182799,-0.868609,Sou_OUI,POUR,POUR,CONTRE,POUR,POUR,POUR,NEUTRE,DÉSACCORD,NEUTRE,OPTIMISTE,NEUTRE,POUR,Responsabilité collective,Economie: privé et public,Féministe: POUR féministe,Féministe: POUR féministe,Risque difficile,PQ,BQ,Femme,Francophones,40-59 ans,Né Canada,Universitaire,Revenus élevés
Ind_1869,1.923093,0.220095,0.467036,Sou_NON,CONTRE,CONTRE,POUR,CONTRE,CONTRE,CONTRE,NEUTRE,DÉSACCORD,NSP,PESSIMISTE,NEUTRE,CONTRE,Responsabilité individuelle,Economie: privé et public,Feministre: NEUTRE féministe,Feministe: CONTRE féministe,Risque difficile,NSP,Vote fed: NSP,Femme,Non francophones,18-39 ans,Né Ailleurs,Collégial,Revenus moyens
Ind_1870,-2.711572,0.239896,-0.460836,Sou_OUI,POUR,POUR,CONTRE,POUR,POUR,POUR,NEUTRE,DÉSACCORD,OPTIMISTE,OPTIMISTE,OPTIMISTE,CONTRE,Responsabilité collective,Economie: privé et public,Feministe: CONTRE féministe,Féministe: POUR féministe,Risque difficile,PQ,BQ,Homme,Francophones,40-59 ans,Né Canada,Collégial,NSP
Ind_1871,-1.762839,-0.82238,-0.159945,Sou_OUI,POUR,POUR,POUR,CONTRE,POUR,POUR,ACCORD,ACCORD,OPTIMISTE,OPTIMISTE,OPTIMISTE,CONTRE,Responsabilité individuelle,Economie: neutre,Féministe: POUR féministe,Féministe: POUR féministe,Risque difficile,PQ,BQ,Femme,Francophones,60 ans et plus,Né Canada,Collégial,NSP
Ind_1872,1.457822,-0.20801,0.32518,Sou_NON,CONTRE,CONTRE,POUR,NEUTRE,CONTRE,NSP,ACCORD,DÉSACCORD,NSP,PESSIMISTE,NSP,CONTRE,Responsabilité mixte,Economie: privé et public,Feministre: NEUTRE féministe,Féministe: POUR féministe,Risque facile,PCQ,PCC,Femme,Non francophones,18-39 ans,Né Canada,Collégial,Revenus bas
Ind_1873,2.04455,-0.542544,-1.513739,Sou_NON,CONTRE,CONTRE,POUR,CONTRE,CONTRE,CONTRE,NEUTRE,NEUTRE,NEUTRE,PESSIMISTE,PESSIMISTE,POUR,Responsabilité individuelle,Economie: privé et public,Féministe: POUR féministe,Féministe: POUR féministe,Risque facile,PLQ,PLC,Femme,Francophones,60 ans et plus,Né Ailleurs,Universitaire,Revenus moyens
Ind_1874,1.194271,0.275115,-0.04603,Sou_NON,CONTRE,CONTRE,POUR,NEUTRE,CONTRE,CONTRE,ACCORD,DÉSACCORD,NEUTRE,PESSIMISTE,NSP,NEUTRE,Responsabilité mixte,Economie: privé et public,Féministe: POUR féministe,Feministre: NEUTRE féministe,Risque facile,NSP,BQ,Homme,Francophones,60 ans et plus,Né Canada,Collégial,Revenus bas
Ind_1875,-0.985736,1.536872,0.653862,Sou_NSP,POUR,POUR,POUR,NEUTRE,POUR,CONTRE,DÉSACCORD,DÉSACCORD,OPTIMISTE,NEUTRE,OPTIMISTE,CONTRE,Responsabilité individuelle,Economie: privé seulement,Feministe: CONTRE féministe,Feministe: CONTRE féministe,Risque facile,NSP,PCC,Homme,Francophones,18-39 ans,Né Canada,Collégial,Revenus élevés
Ind_1876,1.670657,-0.829518,0.4563,Sou_NON,CONTRE,NSP,POUR,NSP,NSP,CONTRE,NSP,ACCORD,NEUTRE,PESSIMISTE,PESSIMISTE,NSP,Responsabilité mixte,Economie: neutre,Feministe: CONTRE féministe,Féministe: POUR féministe,Risque difficile,NSP,PCC,Femme,Non francophones,40-59 ans,Né Ailleurs,Universitaire,Revenus moyens
Ind_1877,-1.918029,-0.996855,-0.662635,Sou_OUI,POUR,POUR,CONTRE,POUR,POUR,NSP,ACCORD,ACCORD,OPTIMISTE,NSP,OPTIMISTE,NSP,Responsabilité collective,Economie: privé et public,Feministre: NEUTRE féministe,Féministe: POUR féministe,Risque difficile,QS,NPD,Homme,Francophones,18-39 ans,Né Canada,Universitaire,Revenus bas
Ind_1878,-2.006556,1.676124,0.400881,Sou_OUI,POUR,CONTRE,CONTRE,POUR,POUR,POUR,DÉSACCORD,DÉSACCORD,OPTIMISTE,OPTIMISTE,OPTIMISTE,CONTRE,Responsabilité mixte,Economie: privé seulement,Feministre: NEUTRE féministe,Feministre: NEUTRE féministe,Risque difficile,PCQ,PCC,Homme,Francophones,60 ans et plus,Né Canada,Secondaire,Revenus bas
Ind_1879,-2.13936,-1.305044,-1.344156,Sou_OUI,POUR,POUR,CONTRE,CONTRE,POUR,POUR,ACCORD,NEUTRE,OPTIMISTE,NEUTRE,OPTIMISTE,POUR,Responsabilité collective,Economie: privé et public,Féministe: POUR féministe,Féministe: POUR féministe,Risque facile,PQ,BQ,Femme,Francophones,40-59 ans,Né Canada,Universitaire,Revenus bas
Ind_1880,1.54927,-0.366166,-0.237757,Sou_NON,CONTRE,CONTRE,POUR,CONTRE,CONTRE,CONTRE,NEUTRE,NEUTRE,PESSIMISTE,PESSIMISTE,PESSIMISTE,CONTRE,Responsabilité individuelle,Economie: privé et public,Féministe: POUR féministe,Féministe: POUR féministe,Risque difficile,CAQ,BQ,Femme,Francophones,60 ans et plus,Né Canada,Secondaire,Revenus bas
Ind_1881,0.411907,0.007476,1.365075,Sou_NSP,CONTRE,POUR,POUR,NEUTRE,CONTRE,NEUTRE,NSP,NSP,OPTIMISTE,PESSIMISTE,NSP,CONTRE,Responsabilité individuelle,Economie: privé et public,Feministe: CONTRE féministe,Feministe: CONTRE féministe,Risque facile,NSP,NSP,Femme,Francophones,40-59 ans,Né Canada,Secondaire,Revenus bas
Ind_1882,-0.656834,-1.985389,-1.112338,Sou_NON,POUR,POUR,POUR,POUR,POUR,POUR,ACCORD,ACCORD,NEUTRE,PESSIMISTE,OPTIMISTE,POUR,Responsabilité collective,Economie: privé et public,Féministe: POUR féministe,Féministe: POUR féministe,Risque difficile,QS,NPD,Femme,Francophones,18-39 ans,Né Canada,Universitaire,NSP
Ind_1883,-0.199862,0.051787,1.550638,Sou_OUI,CONTRE,NSP,NSP,NSP,NEUTRE,NEUTRE,NEUTRE,DÉSACCORD,OPTIMISTE,OPTIMISTE,NSP,CONTRE,Responsabilité collective,Economie: neutre,Feministe: CONTRE féministe,Feministe: CONTRE féministe,NSP,PCQ,PCC,Femme,Non francophones,40-59 ans,Né Canada,Collégial,Revenus bas
Ind_1884,2.116798,1.547099,-1.068703,Sou_NON,CONTRE,CONTRE,POUR,CONTRE,CONTRE,CONTRE,ACCORD,DÉSACCORD,NEUTRE,PESSIMISTE,PESSIMISTE,CONTRE,Responsabilité individuelle,Economie: privé et public,Feministe: CONTRE féministe,Feministre: NEUTRE féministe,Risque facile,PLQ,PLC,Homme,Non francophones,60 ans et plus,Né Canada,Collégial,Revenus moyens
Ind_1885,-2.524067,-0.069791,0.342337,Sou_OUI,POUR,POUR,CONTRE,POUR,POUR,POUR,ACCORD,ACCORD,OPTIMISTE,OPTIMISTE,OPTIMISTE,CONTRE,Responsabilité mixte,Economie: neutre,Feministre: NEUTRE féministe,Feministe: CONTRE féministe,NSP,PQ,BQ,Femme,Francophones,60 ans et plus,Né Canada,Secondaire,NSP
Ind_1886,0.710132,-0.761261,1.281384,Sou_NON,CONTRE,POUR,POUR,NEUTRE,NSP,NSP,NSP,DÉSACCORD,PESSIMISTE,PESSIMISTE,NSP,CONTRE,Responsabilité mixte,Economie: privé et public,Féministe: POUR féministe,NSP,Risque difficile,NSP,PLC,Femme,Francophones,60 ans et plus,Né Canada,Collégial,Revenus bas
Ind_1887,2.021672,0.192387,-0.368297,Sou_NON,CONTRE,CONTRE,POUR,CONTRE,CONTRE,NSP,ACCORD,NEUTRE,NEUTRE,PESSIMISTE,PESSIMISTE,NEUTRE,Responsabilité mixte,Economie: privé et public,Feministre: NEUTRE féministe,Feministre: NEUTRE féministe,Risque difficile,PLQ,PLC,Homme,Non francophones,60 ans et plus,Né Canada,Collégial,NSP
Ind_1888,-2.195308,0.721583,0.640677,Sou_OUI,POUR,NSP,CONTRE,POUR,POUR,POUR,NSP,NSP,NEUTRE,OPTIMISTE,OPTIMISTE,CONTRE,Responsabilité individuelle,NSP,Feministe: CONTRE féministe,NSP,NSP,PQ,BQ,Homme,Francophones,60 ans et plus,Né Canada,Secondaire,Revenus bas
Ind_1889,1.635503,1.944651,0.012581,Sou_NON,CONTRE,CONTRE,POUR,CONTRE,CONTRE,CONTRE,DÉSACCORD,DÉSACCORD,PESSIMISTE,PESSIMISTE,NEUTRE,CONTRE,Responsabilité individuelle,Economie: privé seulement,Feministe: CONTRE féministe,Feministe: CONTRE féministe,Risque facile,CAQ,PLC,Homme,Francophones,40-59 ans,Né Canada,Collégial,NSP
Ind_1890,0.849443,-0.127977,0.127853,Sou_NON,CONTRE,CONTRE,POUR,POUR,NEUTRE,NEUTRE,ACCORD,ACCORD,PESSIMISTE,PESSIMISTE,NSP,POUR,Responsabilité mixte,Economie: privé seulement,Feministre: NEUTRE féministe,Feministre: NEUTRE féministe,Risque facile,PQ,PLC,Femme,Francophones,40-59 ans,Né Canada,Universitaire,Revenus moyens
Ind_1891,0.96582,0.798359,-0.105892,Sou_NON,CONTRE,CONTRE,POUR,CONTRE,CONTRE,CONTRE,DÉSACCORD,DÉSACCORD,OPTIMISTE,PESSIMISTE,OPTIMISTE,CONTRE,Responsabilité mixte,Economie: privé et public,Feministre: NEUTRE féministe,Feministre: NEUTRE féministe,Risque facile,PQ,PLC,Femme,Francophones,18-39 ans,Né Canada,Secondaire,NSP
Ind_1892,-1.95581,0.367091,-1.241441,Sou_OUI,POUR,CONTRE,POUR,POUR,POUR,POUR,ACCORD,DÉSACCORD,OPTIMISTE,OPTIMISTE,OPTIMISTE,CONTRE,Responsabilité individuelle,Economie: privé et public,Féministe: POUR féministe,Féministe: POUR féministe,Risque facile,PQ,BQ,Homme,Francophones,40-59 ans,Né Canada,Collégial,Revenus moyens
Ind_1893,1.920202,0.824385,-0.578783,Sou_NON,CONTRE,CONTRE,POUR,CONTRE,CONTRE,NEUTRE,NEUTRE,NEUTRE,NEUTRE,PESSIMISTE,PESSIMISTE,CONTRE,Responsabilité individuelle,Economie: neutre,Féministe: POUR féministe,Feministre: NEUTRE féministe,Risque facile,PLQ,PLC,Homme,Non francophones,40-59 ans,Né Canada,Universitaire,Revenus moyens
Ind_1894,-2.814516,-0.280971,-1.212717,Sou_OUI,POUR,POUR,CONTRE,POUR,POUR,POUR,DÉSACCORD,DÉSACCORD,OPTIMISTE,OPTIMISTE,OPTIMISTE,CONTRE,Responsabilité collective,Economie: privé et public,Féministe: POUR féministe,Féministe: POUR féministe,Risque facile,PQ,BQ,Femme,Francophones,60 ans et plus,Né Canada,Universitaire,Revenus moyens
Ind_1895,-1.893704,-0.069439,0.056322,Sou_NSP,POUR,POUR,POUR,POUR,NEUTRE,POUR,NEUTRE,DÉSACCORD,OPTIMISTE,NEUTRE,OPTIMISTE,CONTRE,Responsabilité mixte,Economie: privé et public,Feministre: NEUTRE féministe,Féministe: POUR féministe,Risque difficile,PQ,BQ,Homme,Francophones,18-39 ans,Né Canada,Universitaire,Revenus moyens
Ind_1896,0.903403,0.505478,0.114925,Sou_NON,CONTRE,CONTRE,POUR,CONTRE,POUR,POUR,ACCORD,NSP,NEUTRE,NEUTRE,PESSIMISTE,CONTRE,Responsabilité collective,Economie: privé seulement,Feministre: NEUTRE féministe,Feministre: NEUTRE féministe,Risque difficile,NSP,Vote fed: NSP,Homme,Non francophones,60 ans et plus,Né Ailleurs,Universitaire,NSP
Ind_1897,1.667776,0.356029,0.172316,Sou_NON,CONTRE,CONTRE,POUR,CONTRE,CONTRE,NSP,NEUTRE,NEUTRE,OPTIMISTE,PESSIMISTE,NEUTRE,NSP,Responsabilité individuelle,Economie: neutre,Feministre: NEUTRE féministe,Feministre: NEUTRE féministe,Risque facile,NSP,PLC,Femme,Non francophones,40-59 ans,Né Ailleurs,Universitaire,Revenus bas
Ind_1898,1.602113,2.130455,0.06933,Sou_NON,CONTRE,CONTRE,POUR,CONTRE,CONTRE,CONTRE,DÉSACCORD,DÉSACCORD,NEUTRE,PESSIMISTE,PESSIMISTE,CONTRE,Responsabilité collective,Economie: privé seulement,Feministre: NEUTRE féministe,Feministre: NEUTRE féministe,Risque facile,PCQ,PCC,Homme,Francophones,60 ans et plus,Né Canada,Secondaire,Revenus bas
Ind_1899,1.658781,0.323853,0.327851,Sou_NON,CONTRE,CONTRE,POUR,NEUTRE,NEUTRE,CONTRE,NEUTRE,DÉSACCORD,NEUTRE,PESSIMISTE,PESSIMISTE,CONTRE,Responsabilité collective,Economie: privé seulement,Feministe: CONTRE féministe,Feministe: CONTRE féministe,Risque difficile,PLQ,PLC,Femme,Francophones,40-59 ans,Né Canada,Universitaire,Revenus bas
Ind_1900,-1.276387,-0.742371,0.562143,Sou_OUI,POUR,POUR,POUR,NEUTRE,POUR,NEUTRE,NEUTRE,NEUTRE,NEUTRE,NEUTRE,OPTIMISTE,CONTRE,Responsabilité collective,Economie: privé seulement,Féministe: POUR féministe,Féministe: POUR féministe,Risque facile,PQ,Vote fed: NSP,Femme,Francophones,40-59 ans,Né Canada,Collégial,Revenus élevés
Ind_1901,-1.089244,0.227088,-0.310724,Sou_NSP,CONTRE,POUR,POUR,POUR,POUR,POUR,NEUTRE,DÉSACCORD,NEUTRE,PESSIMISTE,OPTIMISTE,CONTRE,Responsabilité mixte,Economie: neutre,Féministe: POUR féministe,Féministe: POUR féministe,Risque facile,PQ,BQ,Homme,Francophones,40-59 ans,Né Canada,Universitaire,Revenus moyens
Ind_1902,-0.149414,-2.136773,0.444557,Sou_NSP,CONTRE,POUR,POUR,POUR,NEUTRE,NEUTRE,ACCORD,ACCORD,NEUTRE,NEUTRE,NSP,POUR,Responsabilité collective,Economie: privé et public,Féministe: POUR féministe,Féministe: POUR féministe,Risque difficile,QS,Vote fed: NSP,Femme,Francophones,60 ans et plus,Né Canada,Collégial,Revenus bas
Ind_1903,1.085593,1.462605,-0.499199,Sou_NON,CONTRE,CONTRE,POUR,POUR,CONTRE,CONTRE,DÉSACCORD,DÉSACCORD,OPTIMISTE,PESSIMISTE,PESSIMISTE,CONTRE,Responsabilité collective,Economie: privé et public,Feministe: CONTRE féministe,Feministre: NEUTRE féministe,Risque facile,NSP,PLC,Homme,Francophones,40-59 ans,Né Canada,Collégial,Revenus bas
Ind_1904,2.06838,1.334329,-0.554484,Sou_NON,CONTRE,CONTRE,POUR,CONTRE,CONTRE,CONTRE,ACCORD,ACCORD,PESSIMISTE,PESSIMISTE,PESSIMISTE,CONTRE,Responsabilité individuelle,Economie: privé seulement,Feministe: CONTRE féministe,Feministre: NEUTRE féministe,Risque difficile,PCQ,PCC,Homme,Non francophones,60 ans et plus,Né Canada,Universitaire,Revenus élevés
Ind_1905,-1.518934,-0.477708,-0.018424,Sou_OUI,POUR,CONTRE,CONTRE,POUR,POUR,POUR,ACCORD,ACCORD,NSP,OPTIMISTE,NEUTRE,NEUTRE,Responsabilité mixte,Economie: privé et public,NSP,NSP,Risque difficile,QS,BQ,Homme,Francophones,40-59 ans,Né Canada,Collégial,Revenus bas
Ind_1906,-1.915918,0.218589,-0.291638,Sou_NON,POUR,POUR,CONTRE,POUR,POUR,POUR,DÉSACCORD,DÉSACCORD,OPTIMISTE,OPTIMISTE,OPTIMISTE,CONTRE,Responsabilité mixte,Economie: neutre,Féministe: POUR féministe,Féministe: POUR féministe,NSP,NSP,PCC,Homme,Francophones,18-39 ans,Né Canada,Universitaire,Revenus moyens
Ind_1907,0.240561,0.879667,0.7984,Sou_NON,CONTRE,POUR,POUR,POUR,NEUTRE,NEUTRE,ACCORD,DÉSACCORD,NEUTRE,NSP,PESSIMISTE,CONTRE,Responsabilité individuelle,Economie: neutre,Feministe: CONTRE féministe,Feministre: NEUTRE féministe,Risque difficile,PQ,PLC,Homme,Francophones,40-59 ans,Né Canada,Collégial,Revenus moyens
Ind_1908,-0.161566,-1.667882,0.366714,Sou_NSP,NSP,POUR,CONTRE,NEUTRE,NEUTRE,CONTRE,NEUTRE,NEUTRE,NEUTRE,PESSIMISTE,OPTIMISTE,NEUTRE,Responsabilité collective,Economie: privé et public,Féministe: POUR féministe,Féministe: POUR féministe,Risque difficile,NSP,PLC,Femme,Francophones,60 ans et plus,Né Canada,Collégial,Revenus moyens
Ind_1909,0.817642,-0.40867,0.415167,Sou_NON,CONTRE,POUR,CONTRE,NEUTRE,CONTRE,CONTRE,ACCORD,DÉSACCORD,NEUTRE,PESSIMISTE,NEUTRE,CONTRE,Responsabilité mixte,Economie: privé et public,Feministre: NEUTRE féministe,Féministe: POUR féministe,Risque difficile,NSP,PLC,Femme,Francophones,60 ans et plus,Né Canada,Collégial,Revenus bas
Ind_1910,0.50216,1.545496,-0.250162,Sou_NON,CONTRE,CONTRE,POUR,NEUTRE,POUR,POUR,DÉSACCORD,DÉSACCORD,PESSIMISTE,NEUTRE,PESSIMISTE,CONTRE,Responsabilité individuelle,Economie: privé et public,Feministe: CONTRE féministe,Feministre: NEUTRE féministe,Risque difficile,CAQ,PCC,Homme,Non francophones,60 ans et plus,Né Canada,Universitaire,Revenus moyens
Ind_1911,2.248949,-1.274056,-1.221199,Sou_NON,CONTRE,CONTRE,POUR,CONTRE,CONTRE,CONTRE,ACCORD,ACCORD,PESSIMISTE,PESSIMISTE,PESSIMISTE,POUR,Responsabilité mixte,Economie: privé et public,Féministe: POUR féministe,Féministe: POUR féministe,Risque difficile,PLQ,PLC,Femme,Non francophones,60 ans et plus,Né Canada,Secondaire,NSP
Ind_1912,1.772513,-0.034394,0.369785,Sou_NON,CONTRE,POUR,POUR,CONTRE,CONTRE,CONTRE,NSP,ACCORD,NEUTRE,PESSIMISTE,PESSIMISTE,CONTRE,Responsabilité collective,NSP,Feministre: NEUTRE féministe,Feministe: CONTRE féministe,Risque difficile,PCQ,PCC,Femme,Non francophones,18-39 ans,Né Canada,Collégial,Revenus moyens
Ind_1913,1.763988,1.06898,0.156511,Sou_NON,CONTRE,CONTRE,POUR,CONTRE,CONTRE,CONTRE,NEUTRE,DÉSACCORD,NEUTRE,PESSIMISTE,PESSIMISTE,CONTRE,Responsabilité individuelle,Economie: neutre,Feministre: NEUTRE féministe,Féministe: POUR féministe,Risque difficile,PCQ,PCC,Homme,Francophones,18-39 ans,Né Canada,Collégial,Revenus moyens
Ind_1914,1.355167,1.649934,0.51938,Sou_NON,CONTRE,CONTRE,POUR,CONTRE,CONTRE,CONTRE,DÉSACCORD,DÉSACCORD,PESSIMISTE,NEUTRE,NEUTRE,CONTRE,Responsabilité individuelle,Economie: privé seulement,Feministe: CONTRE féministe,Feministre: NEUTRE féministe,Risque facile,PCQ,PCC,Femme,Francophones,40-59 ans,Né Canada,Collégial,Revenus élevés
Ind_1915,2.151706,1.142819,-0.099976,Sou_NON,CONTRE,CONTRE,POUR,CONTRE,CONTRE,CONTRE,DÉSACCORD,DÉSACCORD,NEUTRE,PESSIMISTE,PESSIMISTE,CONTRE,Responsabilité individuelle,Economie: privé seulement,Feministe: CONTRE féministe,Feministe: CONTRE féministe,Risque difficile,PLQ,PLC,Femme,Non francophones,60 ans et plus,Né Canada,Secondaire,Revenus bas
Ind_1916,0.350085,0.163583,1.397553,Sou_NON,CONTRE,CONTRE,CONTRE,NEUTRE,NEUTRE,NEUTRE,NEUTRE,DÉSACCORD,NSP,NSP,NEUTRE,CONTRE,Responsabilité collective,Economie: privé seulement,Feministe: CONTRE féministe,Feministe: CONTRE féministe,Risque facile,Vote prov: NSP,PVQ,Femme,Francophones,18-39 ans,Né Canada,Secondaire,Revenus bas
Ind_1917,2.084173,-0.424748,-0.157284,Sou_NON,CONTRE,CONTRE,POUR,CONTRE,CONTRE,CONTRE,ACCORD,NEUTRE,NSP,PESSIMISTE,PESSIMISTE,CONTRE,Responsabilité collective,Economie: privé et public,Feministre: NEUTRE féministe,Feministre: NEUTRE féministe,Risque difficile,NSP,Vote fed: NSP,Femme,Non francophones,18-39 ans,Né Canada,Universitaire,Revenus moyens
Ind_1918,0.484229,0.583723,0.071187,Sou_NON,POUR,CONTRE,NSP,CONTRE,NEUTRE,CONTRE,DÉSACCORD,NEUTRE,OPTIMISTE,PESSIMISTE,OPTIMISTE,CONTRE,Responsabilité individuelle,Economie: privé seulement,Feministre: NEUTRE féministe,Féministe: POUR féministe,Risque facile,PCQ,PCC,Femme,Non francophones,18-39 ans,Né Canada,Collégial,Revenus moyens
Ind_1919,1.406631,0.365167,0.613521,Sou_NON,CONTRE,POUR,POUR,CONTRE,CONTRE,CONTRE,NEUTRE,NEUTRE,PESSIMISTE,PESSIMISTE,NEUTRE,CONTRE,Responsabilité individuelle,Economie: privé et public,Feministre: NEUTRE féministe,Feministre: NEUTRE féministe,Risque difficile,NSP,PLC,Femme,Francophones,60 ans et plus,Né Canada,Collégial,Revenus moyens
Ind_1920,-2.380572,-0.243597,-0.053578,Sou_OUI,POUR,CONTRE,CONTRE,POUR,POUR,POUR,DÉSACCORD,DÉSACCORD,OPTIMISTE,OPTIMISTE,OPTIMISTE,CONTRE,Responsabilité mixte,Economie: neutre,Féministe: POUR féministe,Féministe: POUR féministe,Risque difficile,PQ,BQ,Femme,Francophones,60 ans et plus,Né Canada,Secondaire,Revenus bas
Ind_1921,-2.268675,-0.619251,-0.710188,Sou_OUI,POUR,POUR,CONTRE,POUR,POUR,CONTRE,NEUTRE,DÉSACCORD,OPTIMISTE,NEUTRE,OPTIMISTE,POUR,Responsabilité mixte,Economie: privé et public,Féministe: POUR féministe,Féministe: POUR féministe,Risque facile,PQ,BQ,Femme,Francophones,60 ans et plus,Né Canada,Collégial,Revenus bas
Ind_1922,1.201756,0.549718,1.536273,Sou_NON,CONTRE,NSP,POUR,CONTRE,NEUTRE,NEUTRE,ACCORD,NSP,NSP,PESSIMISTE,NSP,CONTRE,Responsabilité individuelle,Economie: privé seulement,Feministre: NEUTRE féministe,Feministre: NEUTRE féministe,Risque difficile,Vote prov: NSP,Vote fed: NSP,Homme,Non francophones,40-59 ans,Né Canada,Collégial,Revenus bas
Ind_1923,-1.325578,0.444308,-0.164882,Sou_OUI,POUR,POUR,CONTRE,CONTRE,CONTRE,CONTRE,ACCORD,NEUTRE,OPTIMISTE,OPTIMISTE,OPTIMISTE,CONTRE,Responsabilité individuelle,Economie: neutre,Feministre: NEUTRE féministe,Féministe: POUR féministe,Risque difficile,PQ,BQ,Homme,Francophones,40-59 ans,Né Canada,Secondaire,Revenus moyens
Ind_1924,-1.916743,-0.457091,-0.179009,Sou_OUI,POUR,POUR,CONTRE,POUR,NEUTRE,POUR,NEUTRE,DÉSACCORD,NEUTRE,NEUTRE,OPTIMISTE,POUR,Responsabilité mixte,Economie: privé et public,Féministe: POUR féministe,Feministre: NEUTRE féministe,Risque facile,PQ,Vote fed: NSP,Femme,Francophones,40-59 ans,Né Canada,Universitaire,Revenus élevés
Ind_1925,-1.326346,0.322115,-0.914801,Sou_OUI,CONTRE,CONTRE,CONTRE,POUR,POUR,POUR,NEUTRE,ACCORD,OPTIMISTE,OPTIMISTE,OPTIMISTE,CONTRE,Responsabilité individuelle,Economie: privé seulement,Féministe: POUR féministe,Féministe: POUR féministe,Risque facile,CAQ,PLC,Homme,Francophones,18-39 ans,Né Canada,Secondaire,Revenus élevés
Ind_1926,-1.28626,0.50577,1.237297,Sou_OUI,POUR,POUR,CONTRE,NEUTRE,NEUTRE,NEUTRE,ACCORD,DÉSACCORD,NEUTRE,OPTIMISTE,OPTIMISTE,NEUTRE,Responsabilité mixte,Economie: neutre,Feministre: NEUTRE féministe,Feministre: NEUTRE féministe,Risque facile,Vote prov: NSP,Vote fed: NSP,Homme,Francophones,40-59 ans,Né Canada,Collégial,NSP
Ind_1927,0.138382,0.548555,-0.035612,Sou_NON,CONTRE,POUR,POUR,POUR,CONTRE,CONTRE,NSP,NEUTRE,OPTIMISTE,PESSIMISTE,OPTIMISTE,CONTRE,Responsabilité mixte,Economie: privé et public,Feministre: NEUTRE féministe,Feministre: NEUTRE féministe,Risque difficile,PQ,BQ,Homme,Non francophones,18-39 ans,Né Canada,Secondaire,Revenus moyens
Ind_1928,1.730455,1.329755,-0.233047,Sou_NON,CONTRE,CONTRE,POUR,CONTRE,CONTRE,CONTRE,ACCORD,ACCORD,NEUTRE,NEUTRE,PESSIMISTE,CONTRE,Responsabilité individuelle,Economie: privé seulement,Feministe: CONTRE féministe,Feministre: NEUTRE féministe,Risque facile,Vote prov: NSP,PCC,Homme,Non francophones,18-39 ans,Né Canada,Secondaire,Revenus bas
Ind_1929,2.077895,-1.17394,-1.024275,Sou_NON,CONTRE,CONTRE,POUR,NSP,CONTRE,CONTRE,ACCORD,ACCORD,NEUTRE,PESSIMISTE,PESSIMISTE,CONTRE,Responsabilité collective,Economie: privé et public,Féministe: POUR féministe,Féministe: POUR féministe,Risque difficile,PLQ,PLC,Femme,Non francophones,40-59 ans,Né Canada,Collégial,Revenus bas
Ind_1930,1.868923,-1.084059,-1.171435,Sou_NON,CONTRE,CONTRE,POUR,CONTRE,CONTRE,CONTRE,NEUTRE,ACCORD,OPTIMISTE,PESSIMISTE,PESSIMISTE,CONTRE,Responsabilité collective,Economie: privé et public,Féministe: POUR féministe,Féministe: POUR féministe,Risque difficile,PLQ,PCC,Femme,Non francophones,18-39 ans,Né Canada,Universitaire,NSP
Ind_1931,0.635591,-0.504064,-0.499554,Sou_NON,CONTRE,POUR,POUR,NEUTRE,CONTRE,CONTRE,DÉSACCORD,DÉSACCORD,NEUTRE,PESSIMISTE,NEUTRE,NEUTRE,Responsabilité mixte,Economie: privé et public,Féministe: POUR féministe,Féministe: POUR féministe,Risque facile,PQ,BQ,Femme,Francophones,40-59 ans,Né Canada,Universitaire,Revenus élevés
Ind_1932,1.678888,0.029967,0.554044,Sou_NON,CONTRE,CONTRE,POUR,CONTRE,CONTRE,CONTRE,NEUTRE,NEUTRE,NEUTRE,PESSIMISTE,OPTIMISTE,NEUTRE,Responsabilité mixte,Economie: neutre,Feministre: NEUTRE féministe,Feministre: NEUTRE féministe,Risque difficile,PLQ,PLC,Femme,Francophones,60 ans et plus,Né Canada,Secondaire,NSP
Ind_1933,-0.909021,-0.322457,1.341492,Sou_NSP,NSP,POUR,POUR,POUR,POUR,POUR,NEUTRE,NEUTRE,NSP,NSP,NSP,NEUTRE,Responsabilité mixte,Economie: neutre,Feministre: NEUTRE féministe,Féministe: POUR féministe,NSP,PCQ,NPD,Homme,Francophones,40-59 ans,Né Canada,Secondaire,Revenus bas
Ind_1934,2.056327,1.850523,-1.174918,Sou_NON,CONTRE,CONTRE,POUR,CONTRE,CONTRE,CONTRE,DÉSACCORD,DÉSACCORD,NEUTRE,PESSIMISTE,PESSIMISTE,CONTRE,Responsabilité individuelle,Economie: privé et public,Feministre: NEUTRE féministe,Feministre: NEUTRE féministe,Risque facile,PLQ,PLC,Homme,Non francophones,60 ans et plus,Né Ailleurs,Universitaire,Revenus moyens
Ind_1935,-1.821815,0.693043,-0.668132,Sou_OUI,CONTRE,CONTRE,CONTRE,POUR,POUR,POUR,ACCORD,DÉSACCORD,OPTIMISTE,OPTIMISTE,OPTIMISTE,CONTRE,Responsabilité collective,Economie: neutre,Feministe: CONTRE féministe,Féministe: POUR féministe,Risque facile,PQ,BQ,Homme,Francophones,40-59 ans,Né Canada,Secondaire,Revenus bas
Ind_1936,1.071181,-0.284801,0.638239,Sou_NON,CONTRE,CONTRE,POUR,NSP,CONTRE,CONTRE,NEUTRE,NEUTRE,NEUTRE,PESSIMISTE,OPTIMISTE,CONTRE,Responsabilité mixte,Economie: neutre,Feministe: CONTRE féministe,Féministe: POUR féministe,Risque difficile,QS,BQ,Femme,Francophones,60 ans et plus,Né Canada,Collégial,Revenus bas
Ind_1937,-0.58898,-0.038663,0.526638,Sou_OUI,CONTRE,POUR,CONTRE,POUR,POUR,NEUTRE,ACCORD,DÉSACCORD,PESSIMISTE,PESSIMISTE,NEUTRE,CONTRE,Responsabilité collective,Economie: privé et public,Feministre: NEUTRE féministe,Feministre: NEUTRE féministe,Risque difficile,NSP,PLC,Femme,Francophones,60 ans et plus,Né Canada,Secondaire,Revenus bas
Ind_1938,1.785166,0.129548,0.369835,Sou_NON,CONTRE,CONTRE,POUR,NEUTRE,CONTRE,CONTRE,ACCORD,ACCORD,NEUTRE,PESSIMISTE,PESSIMISTE,CONTRE,Responsabilité individuelle,Economie: privé seulement,Feministre: NEUTRE féministe,Féministe: POUR féministe,Risque facile,NSP,Vote fed: NSP,Femme,Francophones,40-59 ans,Né Canada,Collégial,Revenus bas
Ind_1939,1.068027,0.417898,1.455027,Sou_NON,CONTRE,POUR,POUR,CONTRE,CONTRE,CONTRE,NEUTRE,DÉSACCORD,PESSIMISTE,PESSIMISTE,OPTIMISTE,CONTRE,Responsabilité mixte,Economie: neutre,Feministre: NEUTRE féministe,Feministre: NEUTRE féministe,Risque difficile,NSP,Vote fed: NSP,Femme,Francophones,40-59 ans,Né Canada,Collégial,NSP
Ind_1940,-1.64489,0.342764,0.117379,Sou_OUI,NSP,POUR,POUR,POUR,NEUTRE,NEUTRE,ACCORD,DÉSACCORD,OPTIMISTE,OPTIMISTE,OPTIMISTE,CONTRE,Responsabilité collective,Economie: privé seulement,Féministe: POUR féministe,Feministre: NEUTRE féministe,Risque facile,PQ,BQ,Homme,Francophones,18-39 ans,Né Canada,Collégial,Revenus élevés
Ind_1941,2.078418,0.575677,-0.315992,Sou_NON,CONTRE,CONTRE,POUR,CONTRE,CONTRE,CONTRE,ACCORD,NSP,NEUTRE,PESSIMISTE,PESSIMISTE,CONTRE,Responsabilité individuelle,Economie: neutre,Feministe: CONTRE féministe,Feministe: CONTRE féministe,Risque facile,PLQ,PLC,Femme,Francophones,60 ans et plus,Né Canada,Universitaire,Revenus bas
Ind_1942,2.052193,-0.540059,-0.835931,Sou_NON,CONTRE,CONTRE,POUR,CONTRE,CONTRE,CONTRE,NEUTRE,DÉSACCORD,NSP,PESSIMISTE,PESSIMISTE,POUR,Responsabilité collective,Economie: privé et public,Feministe: CONTRE féministe,Féministe: POUR féministe,Risque facile,NSP,Vote fed: NSP,Femme,Non francophones,18-39 ans,Né Ailleurs,Universitaire,NSP
Ind_1943,2.114436,-0.329587,-1.061936,Sou_NON,CONTRE,CONTRE,POUR,CONTRE,CONTRE,CONTRE,NEUTRE,NEUTRE,NSP,PESSIMISTE,PESSIMISTE,POUR,Responsabilité individuelle,Economie: privé et public,Feministe: CONTRE féministe,Féministe: POUR féministe,Risque facile,Vote prov: NSP,PLC,Femme,Non francophones,18-39 ans,Né Canada,Universitaire,Revenus bas
Ind_1944,-0.329164,-0.952823,-0.925239,Sou_OUI,POUR,CONTRE,CONTRE,POUR,CONTRE,POUR,ACCORD,ACCORD,OPTIMISTE,PESSIMISTE,PESSIMISTE,CONTRE,Responsabilité mixte,Economie: privé et public,Féministe: POUR féministe,Féministe: POUR féministe,Risque difficile,PCQ,PCC,Femme,Non francophones,60 ans et plus,Né Ailleurs,Secondaire,NSP
Ind_1945,-1.01333,-0.280143,0.547491,Sou_NSP,POUR,POUR,POUR,POUR,NEUTRE,CONTRE,NEUTRE,ACCORD,OPTIMISTE,NEUTRE,OPTIMISTE,CONTRE,Responsabilité mixte,Economie: privé seulement,Féministe: POUR féministe,Feministe: CONTRE féministe,Risque difficile,QS,NPD,Homme,Francophones,18-39 ans,Né Canada,Collégial,Revenus moyens
Ind_1946,-1.618113,-0.054829,-0.167478,Sou_NSP,CONTRE,POUR,CONTRE,POUR,POUR,NEUTRE,NEUTRE,DÉSACCORD,OPTIMISTE,NEUTRE,OPTIMISTE,CONTRE,Responsabilité individuelle,Economie: privé et public,Féministe: POUR féministe,Féministe: POUR féministe,Risque difficile,PQ,PLC,Homme,Francophones,60 ans et plus,Né Canada,Collégial,Revenus bas
Ind_1947,-2.658199,-0.025789,-0.916179,Sou_OUI,POUR,POUR,CONTRE,POUR,POUR,POUR,ACCORD,DÉSACCORD,OPTIMISTE,OPTIMISTE,OPTIMISTE,CONTRE,Responsabilité individuelle,Economie: privé et public,Féministe: POUR féministe,Feministe: CONTRE féministe,Risque facile,PQ,BQ,Femme,Francophones,60 ans et plus,Né Canada,Universitaire,NSP
Ind_1948,1.405158,0.163819,0.334058,Sou_NON,CONTRE,CONTRE,POUR,NEUTRE,CONTRE,CONTRE,ACCORD,DÉSACCORD,PESSIMISTE,PESSIMISTE,OPTIMISTE,POUR,Responsabilité individuelle,Economie: privé seulement,Feministre: NEUTRE féministe,Feministre: NEUTRE féministe,Risque difficile,NSP,Vote fed: NSP,Femme,Francophones,18-39 ans,Né Canada,Universitaire,Revenus moyens
Ind_1949,-0.165419,-0.918852,2.339666,Sou_NSP,NSP,NSP,NSP,NEUTRE,NEUTRE,NEUTRE,ACCORD,DÉSACCORD,NSP,NSP,NSP,NEUTRE,Responsabilité mixte,Economie: neutre,Feministre: NEUTRE féministe,Féministe: POUR féministe,Risque difficile,NSP,Vote fed: NSP,Homme,Francophones,40-59 ans,Né Canada,Collégial,Revenus moyens
Ind_1950,-2.747859,1.598576,-0.0564,Sou_OUI,POUR,POUR,CONTRE,POUR,POUR,POUR,DÉSACCORD,DÉSACCORD,OPTIMISTE,OPTIMISTE,OPTIMISTE,CONTRE,Responsabilité individuelle,NSP,Feministre: NEUTRE féministe,Feministre: NEUTRE féministe,Risque facile,PQ,BQ,Homme,Francophones,18-39 ans,Né Canada,Collégial,Revenus moyens
Ind_1951,-2.087676,-0.045433,-0.225582,Sou_OUI,POUR,POUR,CONTRE,POUR,POUR,CONTRE,DÉSACCORD,DÉSACCORD,NEUTRE,NEUTRE,OPTIMISTE,CONTRE,Responsabilité collective,Economie: neutre,Féministe: POUR féministe,Féministe: POUR féministe,Risque facile,PQ,BQ,Femme,Francophones,60 ans et plus,Né Canada,Secondaire,Revenus bas
Ind_1952,0.92671,-0.701596,-0.516851,Sou_NON,CONTRE,CONTRE,POUR,NEUTRE,POUR,NEUTRE,ACCORD,ACCORD,NEUTRE,NSP,PESSIMISTE,POUR,Responsabilité individuelle,Economie: privé seulement,Féministe: POUR féministe,Féministe: POUR féministe,Risque difficile,QS,PLC,Homme,Francophones,40-59 ans,Né Ailleurs,Universitaire,Revenus bas
Ind_1953,-2.172349,0.063619,-0.593398,Sou_OUI,CONTRE,POUR,CONTRE,POUR,POUR,POUR,DÉSACCORD,DÉSACCORD,OPTIMISTE,OPTIMISTE,OPTIMISTE,CONTRE,Responsabilité individuelle,Economie: privé et public,Féministe: POUR féministe,Feministe: CONTRE féministe,Risque difficile,PQ,BQ,Femme,Francophones,40-59 ans,Né Canada,Universitaire,Revenus élevés
Ind_1954,-1.106367,-0.230584,-0.428647,Sou_OUI,CONTRE,POUR,POUR,POUR,POUR,POUR,ACCORD,NEUTRE,PESSIMISTE,NEUTRE,OPTIMISTE,CONTRE,Responsabilité individuelle,Economie: privé et public,Féministe: POUR féministe,Feministre: NEUTRE féministe,Risque facile,QS,PVQ,Femme,Francophones,60 ans et plus,Né Canada,Universitaire,Revenus bas
Ind_1955,1.373475,1.012315,0.9208,Sou_NON,CONTRE,NSP,POUR,CONTRE,CONTRE,CONTRE,DÉSACCORD,NEUTRE,NSP,PESSIMISTE,NEUTRE,CONTRE,Responsabilité mixte,Economie: neutre,Feministre: NEUTRE féministe,Feministre: NEUTRE féministe,Risque difficile,CAQ,PLC,Homme,Francophones,60 ans et plus,Né Canada,Secondaire,Revenus moyens
Ind_1956,-2.29174,0.086201,-0.091444,Sou_OUI,POUR,CONTRE,CONTRE,POUR,POUR,POUR,NEUTRE,DÉSACCORD,OPTIMISTE,OPTIMISTE,OPTIMISTE,CONTRE,Responsabilité mixte,Economie: privé seulement,Feministre: NEUTRE féministe,Féministe: POUR féministe,Risque difficile,PQ,BQ,Femme,Francophones,60 ans et plus,Né Canada,Universitaire,Revenus bas
Ind_1957,0.029742,0.547436,1.493431,Sou_NON,POUR,POUR,CONTRE,CONTRE,NEUTRE,NSP,NEUTRE,DÉSACCORD,PESSIMISTE,PESSIMISTE,NSP,CONTRE,Responsabilité individuelle,Economie: privé seulement,Feministre: NEUTRE féministe,Feministe: CONTRE féministe,Risque difficile,PCQ,Vote fed: NSP,Femme,Francophones,40-59 ans,Né Canada,Collégial,Revenus élevés
Ind_1958,2.064187,-0.941889,-0.649553,Sou_NON,CONTRE,CONTRE,POUR,CONTRE,CONTRE,CONTRE,ACCORD,ACCORD,NEUTRE,PESSIMISTE,PESSIMISTE,NEUTRE,Responsabilité mixte,Economie: privé et public,Féministe: POUR féministe,Feministre: NEUTRE féministe,Risque difficile,NSP,PLC,Femme,Francophones,40-59 ans,Né Canada,Universitaire,Revenus élevés
Ind_1959,1.105641,-1.039109,0.059172,Sou_NON,CONTRE,POUR,POUR,CONTRE,CONTRE,NEUTRE,ACCORD,ACCORD,OPTIMISTE,PESSIMISTE,NEUTRE,CONTRE,Responsabilité mixte,Economie: privé seulement,Féministe: POUR féministe,Féministe: POUR féministe,Risque difficile,PLQ,PLC,Femme,Francophones,40-59 ans,Né Ailleurs,Collégial,Revenus bas
Ind_1960,0.781243,-0.370342,-0.225445,Sou_NON,POUR,POUR,POUR,NEUTRE,CONTRE,NEUTRE,ACCORD,ACCORD,PESSIMISTE,PESSIMISTE,PESSIMISTE,POUR,Responsabilité individuelle,Economie: neutre,Feministre: NEUTRE féministe,Féministe: POUR féministe,Risque facile,CAQ,PLC,Femme,Francophones,40-59 ans,Né Canada,Universitaire,Revenus moyens
Ind_1961,1.726881,0.976493,0.009047,Sou_NON,CONTRE,CONTRE,POUR,NEUTRE,CONTRE,CONTRE,NEUTRE,DÉSACCORD,NEUTRE,PESSIMISTE,PESSIMISTE,CONTRE,Responsabilité mixte,Economie: neutre,Feministe: CONTRE féministe,Féministe: POUR féministe,Risque facile,PLQ,PLC,Homme,Francophones,40-59 ans,Né Canada,Collégial,Revenus bas
Ind_1962,-1.788674,-0.674021,-0.630532,Sou_OUI,POUR,CONTRE,POUR,POUR,POUR,POUR,ACCORD,ACCORD,OPTIMISTE,OPTIMISTE,OPTIMISTE,CONTRE,Responsabilité individuelle,NSP,Féministe: POUR féministe,Féministe: POUR féministe,Risque facile,PQ,BQ,Femme,Francophones,18-39 ans,Né Canada,Secondaire,Revenus bas
Ind_1963,-2.520831,-0.350923,-0.997354,Sou_OUI,POUR,POUR,CONTRE,POUR,POUR,POUR,NEUTRE,DÉSACCORD,OPTIMISTE,NEUTRE,OPTIMISTE,NEUTRE,Responsabilité mixte,Economie: privé et public,Féministe: POUR féministe,Féministe: POUR féministe,Risque facile,PQ,BQ,Homme,Non francophones,18-39 ans,Né Canada,Collégial,NSP
Ind_1964,0.475574,-0.709156,1.942295,Sou_NSP,CONTRE,POUR,POUR,NEUTRE,CONTRE,NEUTRE,NEUTRE,NEUTRE,PESSIMISTE,NSP,NEUTRE,CONTRE,Responsabilité individuelle,Economie: privé seulement,Féministe: POUR féministe,NSP,Risque difficile,NSP,Vote fed: NSP,Femme,Francophones,40-59 ans,Né Canada,Collégial,Revenus élevés
Ind_1965,-1.836992,-0.663612,0.380576,Sou_OUI,POUR,POUR,CONTRE,POUR,POUR,POUR,NEUTRE,DÉSACCORD,NEUTRE,NSP,OPTIMISTE,CONTRE,Responsabilité individuelle,Economie: neutre,Féministe: POUR féministe,Féministe: POUR féministe,Risque difficile,NSP,Vote fed: NSP,Femme,Francophones,40-59 ans,Né Canada,Universitaire,Revenus élevés
Ind_1966,1.714013,-0.131709,-1.541067,Sou_NON,CONTRE,CONTRE,POUR,POUR,CONTRE,CONTRE,ACCORD,ACCORD,NEUTRE,PESSIMISTE,NEUTRE,POUR,Responsabilité individuelle,Economie: privé et public,Feministre: NEUTRE féministe,Féministe: POUR féministe,Risque difficile,PLQ,PLC,Homme,Non francophones,40-59 ans,Né Canada,Universitaire,Revenus moyens
Ind_1967,2.078948,-0.096827,-1.48697,Sou_NON,CONTRE,CONTRE,POUR,CONTRE,CONTRE,CONTRE,ACCORD,DÉSACCORD,PESSIMISTE,PESSIMISTE,PESSIMISTE,POUR,Responsabilité mixte,Economie: neutre,Féministe: POUR féministe,Féministe: POUR féministe,Risque facile,Vote prov: NSP,PLC,Homme,Non francophones,18-39 ans,Né Ailleurs,Universitaire,Revenus moyens
Ind_1968,1.645583,-0.925646,-0.225856,Sou_NON,CONTRE,CONTRE,POUR,NEUTRE,NEUTRE,CONTRE,ACCORD,ACCORD,NEUTRE,PESSIMISTE,PESSIMISTE,POUR,Responsabilité individuelle,Economie: privé seulement,Féministe: POUR féministe,Féministe: POUR féministe,Risque difficile,CAQ,PLC,Femme,Francophones,60 ans et plus,Né Canada,Collégial,NSP
Ind_1969,-0.326021,-0.00439,0.531608,Sou_NON,CONTRE,POUR,POUR,NSP,NEUTRE,CONTRE,NEUTRE,DÉSACCORD,OPTIMISTE,NEUTRE,OPTIMISTE,CONTRE,Responsabilité collective,Economie: privé et public,Feministe: CONTRE féministe,Feministre: NEUTRE féministe,Risque difficile,PQ,BQ,Femme,Francophones,18-39 ans,Né Canada,Collégial,Revenus moyens
Ind_1970,1.596174,0.224446,-0.082039,Sou_NON,CONTRE,CONTRE,POUR,NEUTRE,NSP,NSP,NSP,ACCORD,PESSIMISTE,PESSIMISTE,PESSIMISTE,CONTRE,Responsabilité individuelle,Economie: neutre,Feministe: CONTRE féministe,Féministe: POUR féministe,Risque difficile,PLQ,PLC,Homme,Non francophones,60 ans et plus,Né Canada,Universitaire,NSP
Ind_1971,1.776429,1.860413,-0.390275,Sou_NON,CONTRE,CONTRE,POUR,CONTRE,CONTRE,CONTRE,DÉSACCORD,DÉSACCORD,PESSIMISTE,PESSIMISTE,PESSIMISTE,CONTRE,Responsabilité individuelle,Economie: neutre,Feministe: CONTRE féministe,Feministre: NEUTRE féministe,Risque facile,CAQ,PLC,Homme,Francophones,18-39 ans,Né Canada,Universitaire,Revenus élevés
Ind_1972,1.537001,-0.562762,1.279341,Sou_NON,CONTRE,CONTRE,POUR,NEUTRE,CONTRE,CONTRE,NEUTRE,DÉSACCORD,NEUTRE,PESSIMISTE,NEUTRE,CONTRE,Responsabilité mixte,NSP,NSP,Féministe: POUR féministe,Risque difficile,NSP,Vote fed: NSP,Femme,Francophones,18-39 ans,Né Canada,Collégial,Revenus bas
Ind_1973,0.034101,-2.18353,1.984171,Sou_NSP,NSP,NSP,NSP,NEUTRE,NEUTRE,NEUTRE,NEUTRE,NEUTRE,NSP,NSP,NEUTRE,POUR,Responsabilité mixte,Economie: neutre,Féministe: POUR féministe,Féministe: POUR féministe,Risque difficile,NSP,PLC,Femme,Francophones,18-39 ans,Né Canada,Secondaire,Revenus élevés
Ind_1974,1.610545,1.871421,-0.123218,Sou_NON,CONTRE,POUR,POUR,CONTRE,CONTRE,CONTRE,DÉSACCORD,NEUTRE,NEUTRE,PESSIMISTE,PESSIMISTE,CONTRE,Responsabilité individuelle,Economie: privé seulement,Feministe: CONTRE féministe,Feministe: CONTRE féministe,Risque facile,PCQ,PCC,Homme,Non francophones,40-59 ans,Né Canada,Collégial,Revenus moyens
Ind_1975,1.806492,-1.715234,-1.616656,Sou_NON,CONTRE,CONTRE,POUR,CONTRE,CONTRE,CONTRE,ACCORD,ACCORD,OPTIMISTE,PESSIMISTE,PESSIMISTE,POUR,Responsabilité collective,Economie: privé et public,Féministe: POUR féministe,Féministe: POUR féministe,Risque difficile,QS,NPD,Femme,Non francophones,18-39 ans,Né Canada,Universitaire,Revenus bas
Ind_1976,-1.354793,0.663725,-0.51042,Sou_OUI,POUR,POUR,POUR,POUR,POUR,POUR,DÉSACCORD,NEUTRE,PESSIMISTE,OPTIMISTE,OPTIMISTE,CONTRE,Responsabilité mixte,Economie: privé et public,NSP,NSP,Risque facile,PCQ,PLC,Homme,Non francophones,40-59 ans,Né Canada,Universitaire,Revenus élevés
Ind_1977,1.459801,0.911299,-0.1045,Sou_NON,CONTRE,CONTRE,POUR,CONTRE,CONTRE,CONTRE,DÉSACCORD,DÉSACCORD,NSP,PESSIMISTE,PESSIMISTE,NEUTRE,Responsabilité mixte,Economie: neutre,Feministre: NEUTRE féministe,Féministe: POUR féministe,Risque facile,PQ,PCC,Homme,Francophones,18-39 ans,Né Ailleurs,Collégial,Revenus bas
Ind_1978,-2.536851,0.892383,-0.305181,Sou_OUI,POUR,POUR,CONTRE,POUR,POUR,POUR,DÉSACCORD,DÉSACCORD,OPTIMISTE,NEUTRE,OPTIMISTE,CONTRE,Responsabilité individuelle,Economie: privé et public,Feministe: CONTRE féministe,Féministe: POUR féministe,Risque difficile,PQ,PCC,Homme,Francophones,40-59 ans,Né Canada,Collégial,Revenus bas
Ind_1979,-1.576638,1.593773,0.100947,Sou_NON,CONTRE,POUR,CONTRE,POUR,POUR,NEUTRE,DÉSACCORD,DÉSACCORD,OPTIMISTE,NEUTRE,OPTIMISTE,CONTRE,Responsabilité individuelle,Economie: privé et public,Feministre: NEUTRE féministe,Feministre: NEUTRE féministe,Risque facile,PQ,BQ,Homme,Francophones,40-59 ans,Né Canada,Collégial,Revenus bas
Ind_1980,1.060453,-0.173646,0.690925,Sou_NON,CONTRE,CONTRE,POUR,NEUTRE,CONTRE,NSP,NEUTRE,DÉSACCORD,OPTIMISTE,PESSIMISTE,NEUTRE,CONTRE,Responsabilité collective,Economie: privé et public,Feministre: NEUTRE féministe,Feministre: NEUTRE féministe,Risque difficile,NSP,Vote fed: NSP,Femme,Francophones,18-39 ans,Né Canada,Universitaire,Revenus moyens
Ind_1981,-2.242822,-0.197431,-0.663693,Sou_OUI,POUR,POUR,POUR,POUR,POUR,POUR,ACCORD,ACCORD,OPTIMISTE,OPTIMISTE,OPTIMISTE,CONTRE,Responsabilité collective,Economie: privé et public,Feministe: CONTRE féministe,Féministe: POUR féministe,Risque difficile,PQ,BQ,Homme,Francophones,40-59 ans,Né Canada,Secondaire,Revenus bas
Ind_1982,-1.874836,-1.036477,-1.587855,Sou_OUI,POUR,POUR,CONTRE,POUR,POUR,POUR,ACCORD,NEUTRE,OPTIMISTE,PESSIMISTE,OPTIMISTE,POUR,Responsabilité collective,Economie: privé et public,Féministe: POUR féministe,Féministe: POUR féministe,Risque difficile,QS,PLC,Homme,Francophones,60 ans et plus,Né Canada,Universitaire,Revenus bas
Ind_1983,-0.07675,-0.752319,-0.424059,Sou_NSP,POUR,CONTRE,POUR,POUR,POUR,NEUTRE,NSP,NSP,NEUTRE,PESSIMISTE,NSP,NEUTRE,Responsabilité collective,Economie: privé et public,Féministe: POUR féministe,Féministe: POUR féministe,Risque facile,PLQ,PLC,Homme,Francophones,40-59 ans,Né Canada,Collégial,Revenus moyens
Ind_1984,-2.02468,-0.315019,0.408518,Sou_NSP,POUR,POUR,CONTRE,POUR,NEUTRE,POUR,DÉSACCORD,DÉSACCORD,NEUTRE,NEUTRE,OPTIMISTE,CONTRE,Responsabilité collective,Economie: privé et public,Féministe: POUR féministe,Feministre: NEUTRE féministe,Risque difficile,PQ,BQ,Femme,Francophones,60 ans et plus,Né Canada,Secondaire,NSP
Ind_1985,1.103176,-0.026343,-0.836472,Sou_NON,CONTRE,CONTRE,POUR,CONTRE,CONTRE,CONTRE,NEUTRE,DÉSACCORD,OPTIMISTE,PESSIMISTE,PESSIMISTE,CONTRE,Responsabilité individuelle,Economie: privé et public,Féministe: POUR féministe,Féministe: POUR féministe,Risque facile,PQ,BQ,Femme,Francophones,18-39 ans,Né Canada,Collégial,Revenus élevés
Ind_1986,-2.653679,-0.308293,-0.321267,Sou_OUI,POUR,POUR,CONTRE,POUR,POUR,POUR,ACCORD,DÉSACCORD,OPTIMISTE,OPTIMISTE,OPTIMISTE,CONTRE,Responsabilité individuelle,Economie: privé seulement,Féministe: POUR féministe,Féministe: POUR féministe,Risque difficile,PQ,BQ,Femme,Francophones,60 ans et plus,Né Canada,Collégial,Revenus bas
Ind_1987,1.721465,0.126422,-1.512041,Sou_NON,CONTRE,CONTRE,POUR,CONTRE,CONTRE,CONTRE,NEUTRE,DÉSACCORD,OPTIMISTE,PESSIMISTE,PESSIMISTE,CONTRE,Responsabilité collective,Economie: privé et public,Féministe: POUR féministe,Féministe: POUR féministe,Risque facile,QS,PLC,Homme,Non francophones,18-39 ans,Né Ailleurs,Collégial,Revenus élevés
Ind_1988,-0.955361,-0.15899,-0.425794,Sou_OUI,POUR,POUR,POUR,POUR,NEUTRE,NEUTRE,NSP,DÉSACCORD,OPTIMISTE,PESSIMISTE,NEUTRE,POUR,Responsabilité individuelle,Economie: privé et public,Feministe: CONTRE féministe,Féministe: POUR féministe,Risque difficile,PQ,PLC,Homme,Francophones,18-39 ans,Né Canada,Universitaire,Revenus moyens
Ind_1989,-1.324972,-0.405568,0.780894,Sou_OUI,POUR,POUR,POUR,POUR,POUR,POUR,DÉSACCORD,NEUTRE,NEUTRE,NSP,NEUTRE,CONTRE,Responsabilité mixte,Economie: neutre,Feministe: CONTRE féministe,Féministe: POUR féministe,Risque difficile,PQ,PLC,Femme,Francophones,60 ans et plus,Né Canada,Collégial,NSP
Ind_1990,1.723194,1.437048,0.505295,Sou_NON,CONTRE,CONTRE,POUR,CONTRE,CONTRE,CONTRE,DÉSACCORD,DÉSACCORD,NEUTRE,PESSIMISTE,PESSIMISTE,CONTRE,Responsabilité mixte,Economie: neutre,Feministe: CONTRE féministe,Feministe: CONTRE féministe,Risque difficile,CAQ,PCC,Homme,Francophones,40-59 ans,Né Canada,Secondaire,NSP
Ind_1991,1.91875,1.410564,-0.836482,Sou_NON,CONTRE,CONTRE,POUR,CONTRE,CONTRE,CONTRE,DÉSACCORD,DÉSACCORD,PESSIMISTE,PESSIMISTE,PESSIMISTE,NEUTRE,Responsabilité individuelle,Economie: privé seulement,Feministe: CONTRE féministe,Féministe: POUR féministe,Risque facile,NSP,PCC,Homme,Non francophones,60 ans et plus,Né Ailleurs,Universitaire,Revenus bas
Ind_1992,-2.880716,0.79286,-0.935307,Sou_OUI,POUR,POUR,CONTRE,POUR,POUR,POUR,DÉSACCORD,DÉSACCORD,OPTIMISTE,NEUTRE,OPTIMISTE,CONTRE,Responsabilité collective,Economie: privé et public,Féministe: POUR féministe,Feministre: NEUTRE féministe,Risque facile,PQ,BQ,Homme,Francophones,60 ans et plus,Né Canada,Universitaire,Revenus bas
Ind_1993,0.304884,-1.374688,0.936066,Sou_NON,CONTRE,NSP,POUR,POUR,NEUTRE,NSP,NSP,NSP,NEUTRE,NSP,NSP,NEUTRE,Responsabilité collective,Economie: privé et public,NSP,NSP,Risque facile,QS,BQ,Femme,Francophones,18-39 ans,Né Canada,Universitaire,NSP
Ind_1994,-0.652814,-0.031734,0.997813,Sou_OUI,POUR,CONTRE,NSP,POUR,POUR,NSP,NSP,NSP,PESSIMISTE,NSP,NSP,CONTRE,Responsabilité collective,Economie: privé seulement,Feministre: NEUTRE féministe,NSP,Risque facile,PLQ,PLC,Femme,Francophones,60 ans et plus,Né Canada,Secondaire,Revenus bas
Ind_1995,1.371335,1.873823,0.751186,Sou_NON,CONTRE,CONTRE,POUR,NEUTRE,CONTRE,NEUTRE,DÉSACCORD,DÉSACCORD,PESSIMISTE,PESSIMISTE,PESSIMISTE,CONTRE,Responsabilité individuelle,Economie: privé seulement,Feministe: CONTRE féministe,Feministre: NEUTRE féministe,Risque difficile,PCQ,PCC,Homme,Francophones,40-59 ans,Né Canada,Collégial,Revenus moyens
Ind_1996,-2.347112,0.362007,-1.075521,Sou_OUI,POUR,POUR,CONTRE,POUR,POUR,POUR,ACCORD,ACCORD,OPTIMISTE,OPTIMISTE,OPTIMISTE,NEUTRE,Responsabilité individuelle,Economie: privé seulement,Feministe: CONTRE féministe,Féministe: POUR féministe,Risque facile,CAQ,BQ,Homme,Francophones,40-59 ans,Né Canada,Universitaire,Revenus élevés
Ind_1997,-2.314186,-1.533838,-0.476901,Sou_OUI,POUR,NSP,CONTRE,POUR,POUR,POUR,ACCORD,ACCORD,OPTIMISTE,NEUTRE,OPTIMISTE,POUR,Responsabilité collective,Economie: neutre,Féministe: POUR féministe,Féministe: POUR féministe,Risque difficile,PQ,BQ,Femme,Francophones,60 ans et plus,Né Canada,Collégial,Revenus bas
Ind_1998,0.81635,-0.382284,0.741203,Sou_NON,NSP,NSP,POUR,NEUTRE,NSP,CONTRE,DÉSACCORD,DÉSACCORD,PESSIMISTE,PESSIMISTE,PESSIMISTE,CONTRE,Responsabilité individuelle,Economie: privé et public,Féministe: POUR féministe,Féministe: POUR féministe,Risque difficile,CAQ,Vote fed: NSP,Femme,Francophones,60 ans et plus,Né Canada,Collégial,Revenus bas
Ind_1999,0.176411,-0.040328,-0.655473,Sou_NSP,CONTRE,CONTRE,POUR,NEUTRE,POUR,POUR,ACCORD,ACCORD,NEUTRE,PESSIMISTE,OPTIMISTE,POUR,Responsabilité collective,Economie: privé seulement,Feministe: CONTRE féministe,Féministe: POUR féministe,Risque facile,PQ,PCC,Homme,Non francophones,18-39 ans,Né Canada,Collégial,Revenus bas
Ind_2000,-2.345133,1.337918,-0.496251,Sou_OUI,POUR,CONTRE,CONTRE,POUR,POUR,POUR,NEUTRE,DÉSACCORD,OPTIMISTE,OPTIMISTE,OPTIMISTE,CONTRE,Responsabilité individuelle,Economie: privé seulement,Feministre: NEUTRE féministe,Féministe: POUR féministe,Risque facile,PQ,BQ,Homme,Francophones,40-59 ans,Né Canada,Secondaire,Revenus moyens
Ind_2001,1.842908,0.604313,-0.454327,Sou_NON,CONTRE,CONTRE,POUR,POUR,CONTRE,CONTRE,NEUTRE,DÉSACCORD,NEUTRE,PESSIMISTE,PESSIMISTE,CONTRE,Responsabilité individuelle,Economie: privé et public,Feministe: CONTRE féministe,Feministe: CONTRE féministe,Risque difficile,PLQ,PLC,Femme,Non francophones,40-59 ans,Né Canada,Secondaire,Revenus moyens
Ind_2002,-1.639993,-1.705357,-0.693932,Sou_OUI,POUR,NSP,NSP,POUR,NEUTRE,POUR,ACCORD,ACCORD,NEUTRE,OPTIMISTE,OPTIMISTE,POUR,Responsabilité collective,NSP,Féministe: POUR féministe,Féministe: POUR féministe,Risque facile,PQ,BQ,Femme,Francophones,18-39 ans,Né Canada,Universitaire,Revenus moyens
Ind_2003,2.137229,1.191942,-0.478737,Sou_NON,CONTRE,CONTRE,POUR,CONTRE,CONTRE,CONTRE,ACCORD,DÉSACCORD,PESSIMISTE,PESSIMISTE,PESSIMISTE,POUR,Responsabilité mixte,Economie: privé seulement,Feministre: NEUTRE féministe,Feministre: NEUTRE féministe,Risque facile,NSP,PLC,Homme,Non francophones,60 ans et plus,Né Ailleurs,Collégial,NSP
Ind_2004,-0.841183,-0.938553,0.730399,Sou_OUI,CONTRE,POUR,NSP,NEUTRE,NEUTRE,POUR,NSP,DÉSACCORD,OPTIMISTE,NSP,NEUTRE,CONTRE,Responsabilité mixte,Economie: privé et public,Féministe: POUR féministe,Féministe: POUR féministe,Risque facile,QS,NPD,Femme,Francophones,40-59 ans,Né Canada,Collégial,Revenus bas
Ind_2005,-2.538752,-0.298365,-0.356741,Sou_OUI,POUR,POUR,CONTRE,POUR,POUR,POUR,DÉSACCORD,DÉSACCORD,OPTIMISTE,OPTIMISTE,OPTIMISTE,CONTRE,Responsabilité individuelle,Economie: privé et public,Féministe: POUR féministe,Féministe: POUR féministe,Risque difficile,PQ,PCC,Femme,Francophones,18-39 ans,Né Canada,Secondaire,Revenus bas
Ind_2006,-0.043184,-1.664673,3.119531,Sou_NSP,NSP,NSP,NSP,NSP,NEUTRE,NEUTRE,NSP,NSP,NSP,NSP,NSP,NSP,NSP,NSP,NSP,NSP,NSP,NSP,Vote fed: NSP,Femme,Francophones,18-39 ans,Né Canada,Secondaire,NSP
Ind_2007,-2.104125,-1.590032,-1.029243,Sou_OUI,POUR,POUR,CONTRE,POUR,CONTRE,POUR,ACCORD,ACCORD,OPTIMISTE,NEUTRE,OPTIMISTE,CONTRE,Responsabilité collective,Economie: privé et public,Féministe: POUR féministe,Féministe: POUR féministe,Risque difficile,PQ,BQ,Femme,Francophones,18-39 ans,Né Canada,Universitaire,Revenus bas
Ind_2008,2.179768,-1.189695,-1.300007,Sou_NON,CONTRE,CONTRE,POUR,CONTRE,CONTRE,CONTRE,ACCORD,ACCORD,PESSIMISTE,PESSIMISTE,PESSIMISTE,POUR,Responsabilité individuelle,Economie: privé et public,Féministe: POUR féministe,Féministe: POUR féministe,Risque difficile,PLQ,PLC,Femme,Francophones,18-39 ans,Né Ailleurs,Collégial,Revenus moyens
Ind_2009,2.148588,-0.603969,-0.936693,Sou_NON,CONTRE,CONTRE,POUR,CONTRE,CONTRE,CONTRE,ACCORD,ACCORD,NEUTRE,PESSIMISTE,PESSIMISTE,POUR,Responsabilité individuelle,Economie: privé et public,Feministe: CONTRE féministe,Féministe: POUR féministe,Risque difficile,PLQ,PLC,Femme,Francophones,60 ans et plus,Né Canada,Collégial,NSP
Ind_2010,-0.682735,-1.918566,0.846596,Sou_NSP,POUR,POUR,POUR,NSP,NSP,NSP,NSP,NSP,OPTIMISTE,NSP,NSP,NEUTRE,Responsabilité mixte,NSP,Féministe: POUR féministe,Féministe: POUR féministe,NSP,PQ,PLC,Femme,Francophones,18-39 ans,Né Canada,Universitaire,Revenus moyens
Ind_2011,0.274648,0.540317,-1.213002,Sou_OUI,POUR,CONTRE,CONTRE,CONTRE,POUR,CONTRE,ACCORD,ACCORD,PESSIMISTE,PESSIMISTE,PESSIMISTE,POUR,Responsabilité collective,Economie: privé et public,Feministre: NEUTRE féministe,Feministre: NEUTRE féministe,Risque facile,Vote prov: NSP,PLC,Homme,Non francophones,60 ans et plus,Né Canada,Secondaire,NSP
Ind_2012,2.302726,-1.28687,-1.703393,Sou_NON,CONTRE,CONTRE,POUR,CONTRE,CONTRE,CONTRE,ACCORD,DÉSACCORD,NEUTRE,PESSIMISTE,PESSIMISTE,NEUTRE,Responsabilité collective,Economie: privé et public,Féministe: POUR féministe,Féministe: POUR féministe,Risque difficile,PLQ,PLC,Femme,Non francophones,18-39 ans,Né Ailleurs,Universitaire,Revenus élevés
Ind_2013,0.956156,-0.142749,1.887588,Sou_NON,NSP,NSP,POUR,NEUTRE,CONTRE,CONTRE,NSP,NEUTRE,OPTIMISTE,PESSIMISTE,NEUTRE,CONTRE,Responsabilité individuelle,Economie: neutre,Feministre: NEUTRE féministe,Feministe: CONTRE féministe,Risque difficile,NSP,Vote fed: NSP,Femme,Francophones,40-59 ans,Né Canada,Collégial,NSP
Ind_2014,0.666102,-1.278435,-0.556962,Sou_NON,CONTRE,CONTRE,POUR,POUR,CONTRE,POUR,NSP,ACCORD,NSP,NSP,OPTIMISTE,CONTRE,Responsabilité collective,Economie: privé et public,Féministe: POUR féministe,Féministe: POUR féministe,Risque difficile,PLQ,PLC,Femme,Non francophones,40-59 ans,Né Canada,Secondaire,Revenus bas
Ind_2015,-2.462726,1.000492,-0.568346,Sou_OUI,POUR,CONTRE,CONTRE,POUR,POUR,POUR,DÉSACCORD,DÉSACCORD,OPTIMISTE,OPTIMISTE,OPTIMISTE,CONTRE,Responsabilité mixte,Economie: privé et public,Féministe: POUR féministe,Feministre: NEUTRE féministe,Risque facile,PQ,BQ,Homme,Francophones,40-59 ans,Né Canada,Secondaire,Revenus bas
Ind_2016,0.712071,1.254182,0.150112,Sou_NON,CONTRE,CONTRE,CONTRE,NEUTRE,CONTRE,NEUTRE,NEUTRE,DÉSACCORD,PESSIMISTE,PESSIMISTE,OPTIMISTE,POUR,Responsabilité mixte,Economie: privé seulement,Feministe: CONTRE féministe,Feministre: NEUTRE féministe,Risque facile,PLQ,PLC,Homme,Francophones,60 ans et plus,Né Canada,Secondaire,Revenus bas
Ind_2017,2.048453,1.743514,-0.748401,Sou_NON,CONTRE,CONTRE,POUR,CONTRE,CONTRE,CONTRE,NEUTRE,DÉSACCORD,NEUTRE,PESSIMISTE,PESSIMISTE,CONTRE,Responsabilité individuelle,Economie: privé et public,Feministre: NEUTRE féministe,Feministre: NEUTRE féministe,Risque facile,PLQ,PLC,Homme,Non francophones,60 ans et plus,Né Canada,Collégial,Revenus moyens
Ind_2018,-2.021165,0.996948,0.03384,Sou_OUI,POUR,POUR,POUR,POUR,POUR,POUR,ACCORD,DÉSACCORD,NEUTRE,OPTIMISTE,OPTIMISTE,CONTRE,Responsabilité individuelle,Economie: privé et public,Feministre: NEUTRE féministe,Feministre: NEUTRE féministe,Risque difficile,PQ,BQ,Homme,Francophones,40-59 ans,Né Canada,Secondaire,Revenus bas
Ind_2019,-0.11389,-2.02011,1.067412,Sou_NSP,CONTRE,POUR,POUR,NEUTRE,NEUTRE,NEUTRE,ACCORD,NEUTRE,OPTIMISTE,NEUTRE,NSP,CONTRE,Responsabilité collective,Economie: privé et public,Féministe: POUR féministe,Féministe: POUR féministe,Risque difficile,NSP,Vote fed: NSP,Femme,Francophones,18-39 ans,Né Canada,Collégial,Revenus moyens
Ind_2020,1.59402,-0.175346,0.913443,Sou_NON,CONTRE,NSP,POUR,CONTRE,CONTRE,CONTRE,NEUTRE,NEUTRE,NEUTRE,PESSIMISTE,NSP,NEUTRE,Responsabilité collective,NSP,Feministe: CONTRE féministe,Feministre: NEUTRE féministe,Risque difficile,CAQ,PCC,Femme,Francophones,40-59 ans,Né Canada,Secondaire,Revenus moyens
Ind_2021,0.334464,1.340937,0.818312,Sou_NON,CONTRE,POUR,POUR,POUR,POUR,CONTRE,DÉSACCORD,DÉSACCORD,NEUTRE,PESSIMISTE,NEUTRE,CONTRE,Responsabilité individuelle,Economie: neutre,Feministe: CONTRE féministe,Feministe: CONTRE féministe,Risque difficile,NSP,Vote fed: NSP,Homme,Francophones,60 ans et plus,Né Canada,Collégial,Revenus élevés
Ind_2022,1.164882,-0.071157,0.429829,Sou_NON,CONTRE,CONTRE,CONTRE,NEUTRE,CONTRE,CONTRE,DÉSACCORD,NEUTRE,PESSIMISTE,PESSIMISTE,NSP,CONTRE,Responsabilité mixte,Economie: privé seulement,Féministe: POUR féministe,Feministre: NEUTRE féministe,Risque difficile,NSP,PLC,Femme,Francophones,60 ans et plus,Né Canada,Universitaire,Revenus moyens
Ind_2023,1.342032,1.102449,-0.168184,Sou_NON,CONTRE,CONTRE,POUR,CONTRE,CONTRE,CONTRE,NEUTRE,DÉSACCORD,NEUTRE,PESSIMISTE,PESSIMISTE,CONTRE,Responsabilité collective,Economie: privé et public,Feministre: NEUTRE féministe,Feministre: NEUTRE féministe,Risque difficile,PQ,BQ,Homme,Francophones,40-59 ans,Né Canada,Collégial,Revenus élevés
Ind_2024,-1.625322,-1.086015,-1.059677,Sou_NSP,POUR,POUR,POUR,POUR,POUR,POUR,ACCORD,NEUTRE,OPTIMISTE,NEUTRE,OPTIMISTE,POUR,Responsabilité mixte,Economie: privé et public,Féministe: POUR féministe,Féministe: POUR féministe,Risque facile,QS,NPD,Homme,Francophones,18-39 ans,Né Ailleurs,Universitaire,Revenus bas
Ind_2025,1.641835,0.462829,-1.218593,Sou_NON,CONTRE,CONTRE,POUR,NEUTRE,CONTRE,CONTRE,ACCORD,ACCORD,PESSIMISTE,PESSIMISTE,PESSIMISTE,POUR,Responsabilité collective,Economie: privé et public,Feministre: NEUTRE féministe,Feministre: NEUTRE féministe,Risque facile,PQ,PLC,Homme,Francophones,40-59 ans,Né Ailleurs,Universitaire,Revenus élevés
Ind_2026,-0.358904,-0.868279,2.509988,Sou_OUI,NSP,NSP,NSP,NSP,NSP,NSP,NSP,NSP,NSP,NSP,NSP,NSP,NSP,NSP,NSP,NSP,NSP,NSP,Vote fed: NSP,Homme,Francophones,18-39 ans,Né Canada,Secondaire,Revenus bas
Ind_2027,1.363359,-0.683203,1.206574,Sou_NSP,CONTRE,CONTRE,POUR,CONTRE,NSP,NSP,NSP,NSP,NEUTRE,NEUTRE,PESSIMISTE,CONTRE,Responsabilité mixte,NSP,NSP,NSP,Risque difficile,PLQ,PLC,Femme,Non francophones,40-59 ans,Né Ailleurs,Collégial,Revenus bas
Ind_2028,-2.78452,-0.197538,-1.015094,Sou_OUI,POUR,POUR,CONTRE,POUR,POUR,POUR,DÉSACCORD,NEUTRE,OPTIMISTE,OPTIMISTE,OPTIMISTE,CONTRE,Responsabilité mixte,Economie: privé et public,Féministe: POUR féministe,Féministe: POUR féministe,Risque facile,PQ,BQ,Homme,Francophones,18-39 ans,Né Canada,Universitaire,NSP
Ind_2029,1.589615,-0.262728,-1.056486,Sou_NON,CONTRE,CONTRE,POUR,POUR,CONTRE,CONTRE,NEUTRE,ACCORD,NEUTRE,PESSIMISTE,NEUTRE,CONTRE,Responsabilité individuelle,Economie: privé et public,Féministe: POUR féministe,Féministe: POUR féministe,Risque difficile,PLQ,PLC,Homme,Non francophones,18-39 ans,Né Canada,Collégial,Revenus moyens
Ind_2030,1.455888,0.918576,-0.209627,Sou_NON,CONTRE,POUR,POUR,CONTRE,CONTRE,CONTRE,NEUTRE,ACCORD,NEUTRE,PESSIMISTE,PESSIMISTE,NEUTRE,Responsabilité collective,Economie: neutre,Feministe: CONTRE féministe,Feministre: NEUTRE féministe,Risque facile,CAQ,PLC,Homme,Francophones,60 ans et plus,Né Canada,Secondaire,Revenus moyens
Ind_2031,1.534301,-0.318002,0.226056,Sou_NON,CONTRE,CONTRE,POUR,NEUTRE,CONTRE,CONTRE,NEUTRE,NEUTRE,NEUTRE,PESSIMISTE,PESSIMISTE,CONTRE,Responsabilité mixte,Economie: privé et public,Feministre: NEUTRE féministe,Féministe: POUR féministe,Risque difficile,PQ,PLC,Femme,Francophones,60 ans et plus,Né Canada,Collégial,Revenus bas
Ind_2032,0.005327,-0.076908,-1.240621,Sou_OUI,POUR,CONTRE,CONTRE,POUR,CONTRE,CONTRE,ACCORD,NEUTRE,PESSIMISTE,PESSIMISTE,PESSIMISTE,POUR,Responsabilité collective,Economie: privé et public,Féministe: POUR féministe,Feministre: NEUTRE féministe,Risque facile,CAQ,NPD,Homme,Francophones,18-39 ans,Né Canada,Collégial,Revenus moyens
Ind_2033,-0.177085,-1.509653,2.122077,Sou_NSP,NSP,POUR,POUR,POUR,NEUTRE,NEUTRE,ACCORD,NSP,NEUTRE,NSP,NSP,NEUTRE,Responsabilité collective,Economie: neutre,NSP,NSP,Risque difficile,Vote prov: NSP,Vote fed: NSP,Femme,Francophones,40-59 ans,Né Canada,Collégial,Revenus moyens
Ind_2034,1.373777,0.783484,-0.464734,Sou_NON,CONTRE,CONTRE,POUR,CONTRE,POUR,NSP,DÉSACCORD,DÉSACCORD,PESSIMISTE,PESSIMISTE,PESSIMISTE,CONTRE,Responsabilité mixte,Economie: privé et public,NSP,Feministe: CONTRE féministe,Risque difficile,PLQ,PLC,Homme,Non francophones,60 ans et plus,Né Canada,Universitaire,NSP
Ind_2035,0.970032,-0.26854,0.587734,Sou_NON,CONTRE,NSP,POUR,CONTRE,NEUTRE,NSP,NSP,DÉSACCORD,PESSIMISTE,PESSIMISTE,NSP,CONTRE,Responsabilité mixte,Economie: neutre,Féministe: POUR féministe,Féministe: POUR féministe,Risque facile,NSP,PLC,Homme,Francophones,18-39 ans,Né Canada,Universitaire,Revenus bas
Ind_2036,1.800014,0.205425,0.107127,Sou_NON,CONTRE,CONTRE,POUR,CONTRE,CONTRE,CONTRE,NEUTRE,DÉSACCORD,PESSIMISTE,PESSIMISTE,NEUTRE,CONTRE,Responsabilité collective,Economie: privé et public,Feministe: CONTRE féministe,Feministe: CONTRE féministe,Risque difficile,PLQ,NPD,Femme,Francophones,40-59 ans,Né Ailleurs,Collégial,Revenus bas
Ind_2037,1.691547,1.700746,0.062566,Sou_NON,CONTRE,CONTRE,POUR,CONTRE,CONTRE,CONTRE,NSP,DÉSACCORD,PESSIMISTE,PESSIMISTE,PESSIMISTE,CONTRE,Responsabilité mixte,Economie: privé seulement,Feministe: CONTRE féministe,Feministre: NEUTRE féministe,Risque facile,PCQ,NSP,Homme,Francophones,40-59 ans,Né Canada,Universitaire,Revenus bas
Ind_2038,-0.046263,0.652557,0.922596,Sou_NON,CONTRE,POUR,POUR,NEUTRE,NEUTRE,NEUTRE,DÉSACCORD,DÉSACCORD,OPTIMISTE,PESSIMISTE,OPTIMISTE,CONTRE,Responsabilité individuelle,Economie: privé et public,Feministre: NEUTRE féministe,Feministre: NEUTRE féministe,Risque difficile,PQ,PLC,Femme,Francophones,60 ans et plus,Né Canada,Secondaire,Revenus bas
Ind_2039,-1.984605,1.022932,0.175164,Sou_OUI,POUR,POUR,POUR,POUR,POUR,POUR,DÉSACCORD,NSP,NEUTRE,NEUTRE,OPTIMISTE,CONTRE,Responsabilité individuelle,Economie: privé et public,Feministe: CONTRE féministe,Feministre: NEUTRE féministe,Risque difficile,PQ,BQ,Homme,Francophones,40-59 ans,Né Canada,Secondaire,Revenus moyens
Ind_2040,2.133581,0.935467,-1.143687,Sou_NON,CONTRE,CONTRE,POUR,CONTRE,CONTRE,CONTRE,ACCORD,ACCORD,PESSIMISTE,PESSIMISTE,PESSIMISTE,CONTRE,Responsabilité collective,Economie: privé et public,Feministre: NEUTRE féministe,Feministre: NEUTRE féministe,Risque facile,PLQ,PLC,Homme,Non francophones,60 ans et plus,Né Canada,Collégial,Revenus moyens
Ind_2041,-2.648344,0.749978,-0.251236,Sou_OUI,POUR,POUR,CONTRE,POUR,POUR,POUR,NSP,NEUTRE,OPTIMISTE,NEUTRE,OPTIMISTE,CONTRE,Responsabilité individuelle,Economie: privé et public,Feministre: NEUTRE féministe,Feministre: NEUTRE féministe,Risque difficile,PQ,BQ,Homme,Francophones,60 ans et plus,Né Canada,Universitaire,Revenus moyens
Ind_2042,-2.78573,1.309967,-0.422835,Sou_OUI,POUR,POUR,CONTRE,POUR,POUR,POUR,DÉSACCORD,DÉSACCORD,OPTIMISTE,OPTIMISTE,OPTIMISTE,CONTRE,Responsabilité individuelle,Economie: privé seulement,Feministre: NEUTRE féministe,Féministe: POUR féministe,Risque facile,PQ,BQ,Homme,Francophones,18-39 ans,Né Canada,Secondaire,Revenus moyens
Ind_2043,2.214143,-0.51821,-0.671724,Sou_NON,CONTRE,CONTRE,POUR,CONTRE,CONTRE,CONTRE,ACCORD,ACCORD,PESSIMISTE,PESSIMISTE,PESSIMISTE,CONTRE,Responsabilité individuelle,Economie: neutre,Féministe: POUR féministe,Féministe: POUR féministe,Risque difficile,PLQ,PLC,Femme,Non francophones,60 ans et plus,Né Canada,Secondaire,Revenus bas
Ind_2044,-2.793139,1.147246,-0.169504,Sou_OUI,POUR,POUR,CONTRE,POUR,POUR,POUR,DÉSACCORD,DÉSACCORD,OPTIMISTE,OPTIMISTE,OPTIMISTE,CONTRE,Responsabilité individuelle,Economie: privé seulement,Feministe: CONTRE féministe,Féministe: POUR féministe,Risque difficile,PQ,BQ,Homme,Francophones,60 ans et plus,Né Canada,Collégial,Revenus bas
Ind_2045,-2.106789,1.492361,-0.419216,Sou_OUI,POUR,POUR,POUR,POUR,POUR,POUR,DÉSACCORD,DÉSACCORD,OPTIMISTE,OPTIMISTE,OPTIMISTE,CONTRE,Responsabilité individuelle,Economie: privé et public,Feministre: NEUTRE féministe,Feministre: NEUTRE féministe,Risque facile,PQ,PLC,Homme,Francophones,18-39 ans,Né Canada,Collégial,Revenus moyens
Ind_2046,0.802076,0.41927,0.044482,Sou_NON,CONTRE,CONTRE,CONTRE,POUR,CONTRE,CONTRE,NSP,NSP,OPTIMISTE,PESSIMISTE,NSP,NEUTRE,NSP,Economie: privé seulement,Feministre: NEUTRE féministe,Feministre: NEUTRE féministe,Risque facile,PLQ,PCC,Femme,Francophones,40-59 ans,Né Canada,Universitaire,Revenus moyens
Ind_2047,-1.316524,1.080962,-0.605996,Sou_OUI,CONTRE,POUR,POUR,POUR,POUR,POUR,NEUTRE,DÉSACCORD,OPTIMISTE,OPTIMISTE,OPTIMISTE,POUR,Responsabilité individuelle,Economie: privé et public,Feministre: NEUTRE féministe,Feministe: CONTRE féministe,Risque facile,CAQ,PLC,Homme,Francophones,40-59 ans,Né Canada,Collégial,Revenus moyens
Ind_2048,-1.467103,-0.381156,-0.287171,Sou_OUI,POUR,POUR,NSP,POUR,POUR,POUR,NEUTRE,NEUTRE,NEUTRE,NSP,NEUTRE,NEUTRE,Responsabilité collective,Economie: privé et public,Feministe: CONTRE féministe,Féministe: POUR féministe,Risque facile,NSP,NPD,Homme,Francophones,60 ans et plus,Né Ailleurs,Universitaire,Revenus bas
Ind_2049,1.877873,0.712478,0.485036,Sou_NON,CONTRE,CONTRE,POUR,CONTRE,CONTRE,CONTRE,NEUTRE,NEUTRE,NEUTRE,PESSIMISTE,PESSIMISTE,CONTRE,Responsabilité collective,Economie: neutre,Feministre: NEUTRE féministe,Feministe: CONTRE féministe,Risque facile,PCQ,PCC,Femme,Francophones,40-59 ans,Né Canada,Secondaire,Revenus bas
Ind_2050,-2.278753,1.412774,0.334804,Sou_OUI,POUR,POUR,CONTRE,POUR,POUR,POUR,DÉSACCORD,DÉSACCORD,OPTIMISTE,NEUTRE,OPTIMISTE,CONTRE,Responsabilité mixte,Economie: neutre,Feministe: CONTRE féministe,Feministe: CONTRE féministe,Risque facile,NSP,PCC,Homme,Francophones,40-59 ans,Né Canada,Collégial,Revenus moyens
Ind_2051,0.165161,-0.175299,0.470646,Sou_NSP,NSP,POUR,POUR,NEUTRE,CONTRE,CONTRE,DÉSACCORD,DÉSACCORD,NEUTRE,PESSIMISTE,OPTIMISTE,CONTRE,Responsabilité collective,Economie: neutre,Féministe: POUR féministe,Feministre: NEUTRE féministe,Risque difficile,PQ,PLC,Femme,Francophones,40-59 ans,Né Canada,Universitaire,Revenus élevés
Ind_2052,-0.547936,-0.017029,-0.483386,Sou_NON,POUR,NSP,POUR,CONTRE,POUR,POUR,ACCORD,ACCORD,OPTIMISTE,OPTIMISTE,OPTIMISTE,CONTRE,Responsabilité individuelle,Economie: neutre,Féministe: POUR féministe,Feministre: NEUTRE féministe,Risque difficile,PLQ,PLC,Homme,Francophones,18-39 ans,Né Canada,Universitaire,Revenus moyens
Ind_2053,2.320329,-1.077846,-1.639293,Sou_NON,CONTRE,CONTRE,POUR,CONTRE,CONTRE,CONTRE,ACCORD,NEUTRE,NEUTRE,PESSIMISTE,PESSIMISTE,POUR,Responsabilité individuelle,Economie: privé et public,Féministe: POUR féministe,Féministe: POUR féministe,Risque difficile,PLQ,PLC,Femme,Non francophones,40-59 ans,Né Canada,Universitaire,Revenus moyens
Ind_2054,2.17176,0.407676,-0.840947,Sou_NON,CONTRE,CONTRE,POUR,CONTRE,CONTRE,NSP,ACCORD,ACCORD,PESSIMISTE,PESSIMISTE,PESSIMISTE,POUR,Responsabilité individuelle,Economie: neutre,Feministe: CONTRE féministe,Feministre: NEUTRE féministe,NSP,PLQ,PLC,Homme,Non francophones,18-39 ans,Né Ailleurs,Universitaire,NSP
Ind_2055,-0.363788,-0.127138,0.458945,Sou_NSP,CONTRE,CONTRE,POUR,NEUTRE,NEUTRE,POUR,ACCORD,DÉSACCORD,OPTIMISTE,NEUTRE,OPTIMISTE,CONTRE,Responsabilité collective,Economie: privé et public,Feministe: CONTRE féministe,Feministre: NEUTRE féministe,Risque difficile,PQ,PLC,Femme,Francophones,60 ans et plus,Né Canada,Secondaire,Revenus bas
Ind_2056,2.035335,1.279878,-0.813961,Sou_NON,CONTRE,CONTRE,POUR,CONTRE,CONTRE,CONTRE,ACCORD,DÉSACCORD,NEUTRE,PESSIMISTE,PESSIMISTE,CONTRE,Responsabilité individuelle,Economie: privé et public,Feministe: CONTRE féministe,Feministre: NEUTRE féministe,Risque difficile,PLQ,PCC,Homme,Non francophones,60 ans et plus,Né Canada,Universitaire,Revenus bas
Ind_2057,1.13704,-0.462179,1.360419,Sou_NON,CONTRE,CONTRE,POUR,CONTRE,NEUTRE,NEUTRE,NEUTRE,DÉSACCORD,NSP,PESSIMISTE,NEUTRE,CONTRE,Responsabilité mixte,Economie: privé et public,Féministe: POUR féministe,Feministre: NEUTRE féministe,Risque difficile,NSP,Vote fed: NSP,Femme,Francophones,40-59 ans,Né Canada,Collégial,Revenus bas
Ind_2058,0.77719,1.129154,0.536474,Sou_NON,CONTRE,POUR,POUR,CONTRE,CONTRE,CONTRE,ACCORD,DÉSACCORD,PESSIMISTE,PESSIMISTE,OPTIMISTE,CONTRE,Responsabilité mixte,Economie: neutre,Feministe: CONTRE féministe,Feministre: NEUTRE féministe,Risque difficile,PCQ,BQ,Homme,Francophones,60 ans et plus,Né Canada,Secondaire,NSP
Ind_2059,1.026579,-1.403047,-0.667412,Sou_NON,CONTRE,CONTRE,POUR,CONTRE,CONTRE,CONTRE,ACCORD,NEUTRE,OPTIMISTE,OPTIMISTE,OPTIMISTE,POUR,Responsabilité collective,Economie: neutre,Féministe: POUR féministe,Féministe: POUR féministe,Risque difficile,Vote prov: NSP,PLC,Femme,Francophones,18-39 ans,Né Canada,Collégial,Revenus élevés
Ind_2060,1.738845,-0.132207,0.898009,Sou_NON,CONTRE,CONTRE,POUR,CONTRE,NEUTRE,CONTRE,NSP,NEUTRE,NEUTRE,PESSIMISTE,PESSIMISTE,CONTRE,Responsabilité mixte,Economie: neutre,Féministe: POUR féministe,Feministre: NEUTRE féministe,Risque difficile,PLQ,PCC,Femme,Francophones,40-59 ans,Né Canada,Secondaire,Revenus bas
Ind_2061,-1.693633,0.080064,0.493556,Sou_OUI,POUR,POUR,CONTRE,POUR,POUR,POUR,NSP,DÉSACCORD,NEUTRE,OPTIMISTE,NSP,CONTRE,Responsabilité individuelle,Economie: neutre,Feministre: NEUTRE féministe,Féministe: POUR féministe,Risque difficile,CAQ,PCC,Femme,Francophones,40-59 ans,Né Canada,Universitaire,Revenus moyens
Ind_2062,-0.246832,-0.331915,-1.150181,Sou_NON,CONTRE,CONTRE,POUR,POUR,CONTRE,POUR,NEUTRE,DÉSACCORD,OPTIMISTE,NEUTRE,OPTIMISTE,NEUTRE,Responsabilité individuelle,Economie: privé et public,Féministe: POUR féministe,Féministe: POUR féministe,Risque difficile,PQ,PLC,Homme,Francophones,18-39 ans,Né Canada,Universitaire,Revenus bas
Ind_2063,0.985309,0.614388,-0.047616,Sou_NON,CONTRE,CONTRE,POUR,POUR,CONTRE,NEUTRE,ACCORD,DÉSACCORD,PESSIMISTE,PESSIMISTE,PESSIMISTE,CONTRE,Responsabilité collective,Economie: privé et public,Feministre: NEUTRE féministe,NSP,Risque difficile,PCQ,BQ,Homme,Francophones,40-59 ans,Né Canada,Collégial,Revenus élevés
Ind_2064,-0.113126,1.611199,-0.89038,Sou_NON,CONTRE,CONTRE,CONTRE,POUR,POUR,CONTRE,ACCORD,DÉSACCORD,OPTIMISTE,PESSIMISTE,OPTIMISTE,CONTRE,Responsabilité individuelle,Economie: privé et public,Feministre: NEUTRE féministe,Feministre: NEUTRE féministe,Risque facile,PQ,PCC,Homme,Non francophones,40-59 ans,Né Canada,Collégial,Revenus élevés
Ind_2065,2.076891,0.628234,0.108061,Sou_NON,CONTRE,CONTRE,POUR,CONTRE,CONTRE,CONTRE,DÉSACCORD,DÉSACCORD,NEUTRE,PESSIMISTE,PESSIMISTE,NEUTRE,Responsabilité mixte,Economie: privé et public,Feministre: NEUTRE féministe,Feministre: NEUTRE féministe,Risque difficile,PCQ,PCC,Femme,Non francophones,40-59 ans,Né Ailleurs,Secondaire,Revenus bas
Ind_2066,1.790654,-0.321486,-1.585432,Sou_NON,CONTRE,CONTRE,POUR,CONTRE,CONTRE,CONTRE,DÉSACCORD,DÉSACCORD,OPTIMISTE,PESSIMISTE,PESSIMISTE,POUR,Responsabilité collective,Economie: privé et public,Féministe: POUR féministe,Féministe: POUR féministe,Risque facile,PLQ,PLC,Femme,Non francophones,60 ans et plus,Né Canada,Secondaire,NSP
Ind_2067,-2.275675,-0.089225,1.124558,Sou_OUI,POUR,POUR,NSP,POUR,POUR,POUR,NSP,NSP,OPTIMISTE,NSP,OPTIMISTE,CONTRE,Responsabilité individuelle,Economie: privé seulement,NSP,NSP,Risque difficile,PQ,BQ,Femme,Francophones,60 ans et plus,Né Canada,Secondaire,Revenus bas
Ind_2068,1.749772,0.303041,-0.212877,Sou_NSP,CONTRE,CONTRE,POUR,CONTRE,CONTRE,CONTRE,ACCORD,ACCORD,PESSIMISTE,PESSIMISTE,NEUTRE,CONTRE,Responsabilité individuelle,Economie: neutre,Feministre: NEUTRE féministe,Féministe: POUR féministe,Risque difficile,PLQ,PLC,Homme,Non francophones,60 ans et plus,Né Canada,Secondaire,NSP
Ind_2069,0.972429,0.724488,-0.392328,Sou_NON,CONTRE,POUR,POUR,CONTRE,CONTRE,CONTRE,DÉSACCORD,DÉSACCORD,NSP,PESSIMISTE,OPTIMISTE,CONTRE,Responsabilité individuelle,Economie: neutre,Féministe: POUR féministe,Feministe: CONTRE féministe,Risque facile,PQ,PCC,Femme,Non francophones,40-59 ans,Né Ailleurs,Universitaire,Revenus élevés
Ind_2070,1.882547,1.345079,-0.072207,Sou_NON,CONTRE,CONTRE,POUR,CONTRE,CONTRE,CONTRE,NEUTRE,DÉSACCORD,PESSIMISTE,PESSIMISTE,PESSIMISTE,NEUTRE,Responsabilité individuelle,Economie: privé seulement,Feministre: NEUTRE féministe,Feministe: CONTRE féministe,Risque difficile,PLQ,PLC,Homme,Francophones,60 ans et plus,Né Canada,Secondaire,Revenus bas
Ind_2071,-0.514546,-0.086139,-1.507003,Sou_NON,CONTRE,CONTRE,CONTRE,NEUTRE,POUR,POUR,ACCORD,DÉSACCORD,OPTIMISTE,NEUTRE,NEUTRE,POUR,Responsabilité individuelle,Economie: privé et public,Féministe: POUR féministe,Féministe: POUR féministe,Risque facile,PQ,PLC,Homme,Francophones,40-59 ans,Né Canada,Universitaire,Revenus élevés
Ind_2072,-1.254156,-1.541567,-0.562029,Sou_OUI,POUR,POUR,POUR,POUR,NEUTRE,CONTRE,ACCORD,ACCORD,OPTIMISTE,OPTIMISTE,OPTIMISTE,CONTRE,Responsabilité collective,Economie: privé et public,Féministe: POUR féministe,Féministe: POUR féministe,Risque difficile,PQ,PLC,Femme,Francophones,18-39 ans,Né Canada,Collégial,Revenus bas
Ind_2073,-2.116934,0.569094,-0.240737,Sou_OUI,POUR,CONTRE,CONTRE,POUR,POUR,POUR,DÉSACCORD,DÉSACCORD,OPTIMISTE,OPTIMISTE,OPTIMISTE,CONTRE,Responsabilité collective,Economie: neutre,Féministe: POUR féministe,Feministre: NEUTRE féministe,Risque facile,PQ,PCC,Femme,Francophones,40-59 ans,Né Canada,Collégial,Revenus moyens
Ind_2074,-2.705275,1.04988,-0.134762,Sou_OUI,POUR,POUR,CONTRE,POUR,POUR,POUR,NEUTRE,DÉSACCORD,OPTIMISTE,NEUTRE,OPTIMISTE,CONTRE,Responsabilité individuelle,Economie: privé et public,Feministre: NEUTRE féministe,Feministe: CONTRE féministe,Risque difficile,PQ,BQ,Homme,Francophones,60 ans et plus,Né Canada,Collégial,Revenus moyens
Ind_2075,0.80433,-1.45898,-0.473814,Sou_NON,CONTRE,NSP,POUR,POUR,CONTRE,CONTRE,ACCORD,NEUTRE,NSP,PESSIMISTE,OPTIMISTE,NEUTRE,Responsabilité mixte,NSP,Féministe: POUR féministe,Féministe: POUR féministe,Risque facile,QS,NPD,Femme,Francophones,18-39 ans,Né Canada,Universitaire,Revenus moyens
Ind_2076,-1.601418,-0.427933,-0.165634,Sou_OUI,POUR,POUR,POUR,POUR,POUR,NEUTRE,NEUTRE,DÉSACCORD,NEUTRE,NEUTRE,OPTIMISTE,POUR,Responsabilité individuelle,Economie: neutre,Féministe: POUR féministe,Féministe: POUR féministe,Risque facile,CAQ,BQ,Femme,Francophones,60 ans et plus,Né Canada,Universitaire,Revenus bas
Ind_2077,-2.151461,-1.900136,-0.937205,Sou_OUI,POUR,POUR,CONTRE,POUR,POUR,POUR,ACCORD,ACCORD,OPTIMISTE,OPTIMISTE,OPTIMISTE,POUR,Responsabilité collective,NSP,Féministe: POUR féministe,Féministe: POUR féministe,Risque difficile,QS,NPD,Femme,Francophones,18-39 ans,Né Canada,Universitaire,Revenus bas
Ind_2078,1.566741,1.20076,0.135242,Sou_NON,CONTRE,CONTRE,POUR,NEUTRE,NEUTRE,CONTRE,NEUTRE,DÉSACCORD,PESSIMISTE,PESSIMISTE,PESSIMISTE,CONTRE,Responsabilité individuelle,Economie: privé et public,Feministe: CONTRE féministe,Feministe: CONTRE féministe,Risque facile,Vote prov: NSP,Vote fed: NSP,Homme,Non francophones,18-39 ans,Né Canada,Collégial,Revenus élevés
Ind_2079,2.135537,0.242049,-0.479116,Sou_NON,CONTRE,CONTRE,POUR,CONTRE,CONTRE,CONTRE,ACCORD,ACCORD,PESSIMISTE,PESSIMISTE,PESSIMISTE,CONTRE,Responsabilité individuelle,Economie: privé et public,Feministre: NEUTRE féministe,Feministre: NEUTRE féministe,Risque facile,NSP,Vote fed: NSP,Femme,Non francophones,18-39 ans,Né Canada,Universitaire,Revenus moyens
Ind_2080,0.845534,-2.127099,1.768513,Sou_NON,CONTRE,NSP,POUR,NSP,NSP,NSP,NSP,NSP,NSP,NSP,NSP,NEUTRE,Responsabilité mixte,NSP,Féministe: POUR féministe,Féministe: POUR féministe,Risque difficile,NSP,Vote fed: NSP,Femme,Non francophones,18-39 ans,Né Canada,Collégial,Revenus bas
Ind_2081,-2.675148,1.2164,-0.256723,Sou_OUI,POUR,POUR,CONTRE,POUR,POUR,POUR,NEUTRE,NEUTRE,OPTIMISTE,OPTIMISTE,OPTIMISTE,CONTRE,Responsabilité individuelle,Economie: privé et public,Feministre: NEUTRE féministe,Feministre: NEUTRE féministe,Risque facile,PQ,BQ,Homme,Francophones,40-59 ans,Né Canada,Secondaire,Revenus moyens
Ind_2082,0.979366,-0.777706,1.084949,Sou_NON,CONTRE,CONTRE,POUR,NEUTRE,NEUTRE,NEUTRE,DÉSACCORD,NEUTRE,PESSIMISTE,PESSIMISTE,NEUTRE,NEUTRE,Responsabilité mixte,Economie: neutre,Féministe: POUR féministe,Féministe: POUR féministe,Risque facile,Vote prov: NSP,Vote fed: NSP,Femme,Francophones,60 ans et plus,Né Canada,Collégial,Revenus bas
Ind_2083,1.478607,0.111866,-0.955917,Sou_NON,CONTRE,NSP,POUR,POUR,CONTRE,CONTRE,ACCORD,ACCORD,NEUTRE,PESSIMISTE,PESSIMISTE,POUR,Responsabilité individuelle,Economie: privé et public,Feministe: CONTRE féministe,Féministe: POUR féministe,Risque facile,Vote prov: NSP,Vote fed: NSP,Homme,Non francophones,40-59 ans,Né Canada,Collégial,Revenus moyens
Ind_2084,1.866593,0.014238,-0.169673,Sou_NON,CONTRE,CONTRE,POUR,CONTRE,CONTRE,CONTRE,NEUTRE,DÉSACCORD,NSP,PESSIMISTE,PESSIMISTE,CONTRE,Responsabilité mixte,Economie: privé et public,Feministre: NEUTRE féministe,Féministe: POUR féministe,Risque difficile,PLQ,PLC,Femme,Francophones,60 ans et plus,Né Canada,Collégial,Revenus moyens
Ind_2085,0.047375,0.203918,1.686072,Sou_NON,POUR,POUR,POUR,NEUTRE,NEUTRE,NEUTRE,NEUTRE,DÉSACCORD,NEUTRE,PESSIMISTE,NEUTRE,CONTRE,Responsabilité collective,Economie: neutre,Feministre: NEUTRE féministe,Feministre: NEUTRE féministe,Risque difficile,CAQ,BQ,Femme,Francophones,40-59 ans,Né Canada,Collégial,Revenus élevés
Ind_2086,0.620268,0.822285,-0.617229,Sou_NON,CONTRE,POUR,CONTRE,NEUTRE,NEUTRE,CONTRE,DÉSACCORD,DÉSACCORD,PESSIMISTE,PESSIMISTE,PESSIMISTE,POUR,Responsabilité collective,Economie: privé et public,Feministe: CONTRE féministe,Feministre: NEUTRE féministe,Risque facile,PLQ,NPD,Homme,Francophones,18-39 ans,Né Canada,Universitaire,Revenus élevés
Ind_2087,-2.7132,0.326262,-0.276826,Sou_OUI,POUR,POUR,CONTRE,POUR,POUR,POUR,DÉSACCORD,DÉSACCORD,OPTIMISTE,OPTIMISTE,OPTIMISTE,CONTRE,Responsabilité mixte,NSP,Féministe: POUR féministe,Feministre: NEUTRE féministe,Risque facile,PQ,BQ,Femme,Francophones,40-59 ans,Né Canada,Universitaire,Revenus moyens
Ind_2088,-0.959783,0.406884,0.01245,Sou_OUI,CONTRE,POUR,POUR,POUR,POUR,CONTRE,NEUTRE,DÉSACCORD,OPTIMISTE,OPTIMISTE,OPTIMISTE,CONTRE,Responsabilité individuelle,Economie: privé seulement,Feministre: NEUTRE féministe,Féministe: POUR féministe,Risque facile,QS,NPD,Femme,Francophones,18-39 ans,Né Canada,Collégial,Revenus moyens
Ind_2089,-1.205013,-0.001735,0.174984,Sou_OUI,POUR,POUR,POUR,POUR,POUR,NEUTRE,NEUTRE,NEUTRE,NEUTRE,NEUTRE,OPTIMISTE,POUR,Responsabilité mixte,Economie: privé et public,Feministre: NEUTRE féministe,Feministre: NEUTRE féministe,Risque difficile,NSP,PLC,Homme,Francophones,40-59 ans,Né Canada,Universitaire,Revenus moyens
Ind_2090,0.099676,-0.729139,2.867265,Sou_NSP,NSP,NSP,NSP,NEUTRE,NEUTRE,NEUTRE,NSP,NSP,NSP,PESSIMISTE,NSP,NEUTRE,Responsabilité mixte,Economie: neutre,NSP,NSP,Risque difficile,PCQ,Vote fed: NSP,Homme,Francophones,40-59 ans,Né Canada,Secondaire,Revenus bas
Ind_2091,-2.224907,-0.271621,-1.512103,Sou_OUI,POUR,POUR,CONTRE,POUR,POUR,POUR,DÉSACCORD,DÉSACCORD,OPTIMISTE,PESSIMISTE,OPTIMISTE,NEUTRE,Responsabilité collective,Economie: privé et public,Féministe: POUR féministe,Féministe: POUR féministe,Risque difficile,PQ,PLC,Homme,Francophones,60 ans et plus,Né Canada,Universitaire,Revenus moyens
Ind_2092,-0.695116,0.958623,0.508862,Sou_NON,POUR,POUR,POUR,CONTRE,NEUTRE,POUR,DÉSACCORD,NSP,OPTIMISTE,NEUTRE,OPTIMISTE,CONTRE,Responsabilité individuelle,Economie: privé seulement,Feministe: CONTRE féministe,NSP,Risque difficile,PCQ,PCC,Homme,Francophones,18-39 ans,Né Canada,Universitaire,Revenus moyens
Ind_2093,1.678171,0.951803,0.554346,Sou_NON,CONTRE,CONTRE,POUR,NEUTRE,CONTRE,CONTRE,DÉSACCORD,DÉSACCORD,NEUTRE,PESSIMISTE,PESSIMISTE,CONTRE,Responsabilité mixte,Economie: privé seulement,Feministe: CONTRE féministe,Feministre: NEUTRE féministe,Risque difficile,Vote prov: NSP,PCC,Femme,Francophones,40-59 ans,Né Canada,Universitaire,Revenus élevés
Ind_2094,1.54888,-0.007675,1.185728,Sou_NON,CONTRE,CONTRE,POUR,NEUTRE,NEUTRE,CONTRE,NEUTRE,NSP,NEUTRE,PESSIMISTE,NEUTRE,NSP,Responsabilité individuelle,Economie: neutre,Feministre: NEUTRE féministe,NSP,Risque difficile,PLQ,PLC,Femme,Francophones,60 ans et plus,Né Canada,Secondaire,Revenus bas
Ind_2095,-2.317058,0.764613,0.580334,Sou_OUI,POUR,CONTRE,CONTRE,POUR,POUR,POUR,DÉSACCORD,DÉSACCORD,OPTIMISTE,OPTIMISTE,OPTIMISTE,CONTRE,Responsabilité mixte,Economie: neutre,Feministre: NEUTRE féministe,Feministre: NEUTRE féministe,Risque difficile,PQ,BQ,Femme,Francophones,60 ans et plus,Né Canada,Secondaire,Revenus bas
Ind_2096,1.280044,1.386202,-0.937726,Sou_NON,CONTRE,CONTRE,CONTRE,CONTRE,CONTRE,NEUTRE,DÉSACCORD,DÉSACCORD,NEUTRE,PESSIMISTE,PESSIMISTE,POUR,Responsabilité individuelle,Economie: privé et public,Feministre: NEUTRE féministe,Feministre: NEUTRE féministe,Risque facile,PLQ,PLC,Homme,Francophones,40-59 ans,Né Canada,Universitaire,Revenus moyens
Ind_2097,-2.859829,1.115341,-0.838037,Sou_OUI,POUR,POUR,CONTRE,POUR,POUR,POUR,DÉSACCORD,DÉSACCORD,OPTIMISTE,NEUTRE,OPTIMISTE,CONTRE,Responsabilité individuelle,Economie: privé et public,Féministe: POUR féministe,Feministre: NEUTRE féministe,Risque facile,PQ,BQ,Homme,Francophones,60 ans et plus,Né Canada,Universitaire,Revenus bas
Ind_2098,0.343497,1.170474,1.528723,Sou_NON,CONTRE,POUR,POUR,NEUTRE,NEUTRE,NEUTRE,NEUTRE,NEUTRE,OPTIMISTE,PESSIMISTE,NEUTRE,CONTRE,Responsabilité individuelle,Economie: privé seulement,Feministre: NEUTRE féministe,Feministre: NEUTRE féministe,Risque difficile,CAQ,PCC,Homme,Francophones,60 ans et plus,Né Canada,Secondaire,Revenus bas
Ind_2099,0.904272,0.498719,0.459828,Sou_NON,CONTRE,CONTRE,CONTRE,CONTRE,CONTRE,NSP,NEUTRE,DÉSACCORD,OPTIMISTE,NSP,PESSIMISTE,CONTRE,Responsabilité mixte,NSP,Feministre: NEUTRE féministe,Feministre: NEUTRE féministe,Risque facile,PLQ,PLC,Femme,Francophones,18-39 ans,Né Canada,Secondaire,Revenus élevés
Ind_2100,-0.509417,-0.143944,0.467471,Sou_NON,POUR,CONTRE,POUR,POUR,POUR,POUR,NEUTRE,NSP,PESSIMISTE,NEUTRE,OPTIMISTE,POUR,Responsabilité collective,Economie: privé seulement,Feministe: CONTRE féministe,Feministe: CONTRE féministe,Risque difficile,PCQ,PCC,Femme,Francophones,18-39 ans,Né Canada,Collégial,Revenus bas
Ind_2101,1.043055,1.309057,0.061272,Sou_NON,CONTRE,CONTRE,POUR,CONTRE,CONTRE,CONTRE,NEUTRE,DÉSACCORD,PESSIMISTE,NEUTRE,OPTIMISTE,CONTRE,Responsabilité individuelle,Economie: privé et public,Feministre: NEUTRE féministe,Feministre: NEUTRE féministe,Risque difficile,NSP,PCC,Homme,Francophones,40-59 ans,Né Canada,Universitaire,Revenus élevés
Ind_2102,1.756844,0.352934,0.872574,Sou_NON,CONTRE,CONTRE,POUR,NEUTRE,CONTRE,NEUTRE,NEUTRE,NEUTRE,NEUTRE,PESSIMISTE,NEUTRE,CONTRE,Responsabilité individuelle,Economie: neutre,Feministre: NEUTRE féministe,Feministre: NEUTRE féministe,Risque difficile,PLQ,PCC,Femme,Non francophones,40-59 ans,Né Ailleurs,Universitaire,Revenus bas
Ind_2103,-2.54277,-0.291466,0.004998,Sou_OUI,POUR,NSP,CONTRE,POUR,POUR,POUR,DÉSACCORD,DÉSACCORD,OPTIMISTE,OPTIMISTE,OPTIMISTE,CONTRE,Responsabilité collective,Economie: neutre,Féministe: POUR féministe,NSP,Risque difficile,PQ,BQ,Femme,Francophones,60 ans et plus,Né Canada,Universitaire,Revenus bas
Ind_2104,2.10033,0.536701,-0.454653,Sou_NON,CONTRE,CONTRE,POUR,CONTRE,CONTRE,CONTRE,ACCORD,DÉSACCORD,NEUTRE,PESSIMISTE,PESSIMISTE,CONTRE,Responsabilité collective,Economie: privé et public,Feministe: CONTRE féministe,Feministre: NEUTRE féministe,Risque facile,PCQ,PCC,Femme,Non francophones,18-39 ans,Né Canada,Collégial,NSP
Ind_2105,1.021511,1.271808,0.813762,Sou_NON,CONTRE,CONTRE,POUR,NSP,NSP,CONTRE,DÉSACCORD,DÉSACCORD,PESSIMISTE,NSP,NEUTRE,CONTRE,Responsabilité individuelle,Economie: neutre,Feministe: CONTRE féministe,Feministe: CONTRE féministe,Risque difficile,CAQ,PLC,Homme,Francophones,40-59 ans,Né Canada,Collégial,Revenus moyens
Ind_2106,1.197911,0.266228,0.258741,Sou_NON,CONTRE,CONTRE,POUR,NSP,NEUTRE,CONTRE,DÉSACCORD,DÉSACCORD,NEUTRE,PESSIMISTE,NEUTRE,CONTRE,Responsabilité individuelle,Economie: neutre,Féministe: POUR féministe,Féministe: POUR féministe,Risque facile,CAQ,PLC,Femme,Francophones,60 ans et plus,Né Canada,Collégial,Revenus bas
Ind_2107,-1.976322,-0.306849,0.828326,Sou_OUI,POUR,POUR,NSP,POUR,POUR,POUR,NSP,NEUTRE,NSP,OPTIMISTE,OPTIMISTE,CONTRE,Responsabilité mixte,Economie: neutre,NSP,NSP,Risque facile,PQ,PCC,Femme,Francophones,18-39 ans,Né Canada,Universitaire,Revenus bas
Ind_2108,-2.362952,0.452869,-0.771651,Sou_OUI,POUR,CONTRE,CONTRE,POUR,POUR,POUR,DÉSACCORD,DÉSACCORD,OPTIMISTE,NEUTRE,OPTIMISTE,CONTRE,Responsabilité individuelle,Economie: neutre,Féministe: POUR féministe,Féministe: POUR féministe,Risque difficile,PQ,BQ,Homme,Francophones,40-59 ans,Né Canada,Universitaire,Revenus moyens
Ind_2109,0.641757,0.667338,1.011565,Sou_NON,CONTRE,NSP,POUR,CONTRE,POUR,NEUTRE,NEUTRE,NEUTRE,PESSIMISTE,NEUTRE,NEUTRE,CONTRE,Responsabilité individuelle,Economie: neutre,Feministe: CONTRE féministe,Feministe: CONTRE féministe,Risque difficile,PLQ,PLC,Homme,Francophones,60 ans et plus,Né Canada,Secondaire,NSP
Ind_2110,-2.499773,0.387985,-0.001855,Sou_OUI,POUR,NSP,CONTRE,POUR,POUR,POUR,DÉSACCORD,DÉSACCORD,OPTIMISTE,OPTIMISTE,OPTIMISTE,CONTRE,Responsabilité collective,Economie: privé et public,Feministe: CONTRE féministe,Feministre: NEUTRE féministe,Risque difficile,PQ,BQ,Femme,Francophones,60 ans et plus,Né Canada,Secondaire,Revenus moyens
Ind_2111,0.00473,-2.00834,2.092203,Sou_NSP,NSP,NSP,NSP,NEUTRE,NSP,NSP,ACCORD,NSP,PESSIMISTE,NSP,NSP,CONTRE,Responsabilité collective,Economie: neutre,Féministe: POUR féministe,Féministe: POUR féministe,Risque difficile,NSP,Vote fed: NSP,Femme,Francophones,40-59 ans,Né Canada,Collégial,Revenus élevés
Ind_2112,-2.241968,0.282743,-0.818848,Sou_NSP,POUR,POUR,POUR,POUR,POUR,POUR,DÉSACCORD,DÉSACCORD,OPTIMISTE,NEUTRE,OPTIMISTE,CONTRE,Responsabilité individuelle,Economie: privé et public,Féministe: POUR féministe,Féministe: POUR féministe,Risque facile,PQ,BQ,Homme,Francophones,18-39 ans,Né Canada,Universitaire,Revenus bas
Ind_2113,1.083083,0.375817,0.832751,Sou_NON,CONTRE,CONTRE,POUR,POUR,CONTRE,CONTRE,DÉSACCORD,DÉSACCORD,NEUTRE,NSP,NEUTRE,CONTRE,Responsabilité mixte,Economie: privé et public,Feministre: NEUTRE féministe,Feministre: NEUTRE féministe,Risque difficile,NSP,PLC,Femme,Francophones,40-59 ans,Né Canada,Collégial,Revenus bas
Ind_2114,0.390417,-1.840508,1.272745,Sou_NSP,NSP,NSP,NSP,NEUTRE,NSP,NSP,NEUTRE,NEUTRE,NEUTRE,PESSIMISTE,NEUTRE,NEUTRE,NSP,NSP,Féministe: POUR féministe,Féministe: POUR féministe,NSP,PLQ,PLC,Femme,Francophones,18-39 ans,Né Canada,Collégial,Revenus bas
Ind_2115,0.699502,1.512475,0.185162,Sou_NON,CONTRE,NSP,POUR,CONTRE,CONTRE,NEUTRE,DÉSACCORD,DÉSACCORD,NEUTRE,PESSIMISTE,OPTIMISTE,CONTRE,Responsabilité individuelle,Economie: privé et public,Feministe: CONTRE féministe,Feministre: NEUTRE féministe,Risque facile,PQ,PCC,Homme,Francophones,18-39 ans,Né Canada,Collégial,Revenus élevés
Ind_2116,-2.446417,0.813225,0.549178,Sou_OUI,POUR,POUR,CONTRE,POUR,POUR,NEUTRE,NEUTRE,NEUTRE,OPTIMISTE,OPTIMISTE,OPTIMISTE,CONTRE,Responsabilité individuelle,Economie: neutre,NSP,NSP,Risque facile,PQ,BQ,Homme,Francophones,40-59 ans,Né Canada,Secondaire,Revenus bas
Ind_2117,-1.402152,-0.96067,0.804228,Sou_OUI,POUR,POUR,POUR,POUR,POUR,POUR,ACCORD,ACCORD,OPTIMISTE,NEUTRE,NSP,CONTRE,Responsabilité mixte,Economie: privé et public,NSP,NSP,Risque difficile,NSP,Vote fed: NSP,Femme,Francophones,40-59 ans,Né Canada,Collégial,Revenus moyens
Ind_2118,0.511219,1.234606,0.118688,Sou_NON,CONTRE,POUR,POUR,NEUTRE,CONTRE,NEUTRE,DÉSACCORD,DÉSACCORD,NEUTRE,PESSIMISTE,OPTIMISTE,CONTRE,Responsabilité collective,Economie: privé et public,Feministre: NEUTRE féministe,Feministre: NEUTRE féministe,Risque facile,QS,PLC,Homme,Francophones,60 ans et plus,Né Canada,Collégial,Revenus moyens
Ind_2119,0.054331,-1.18515,-0.349073,Sou_NSP,CONTRE,POUR,POUR,POUR,POUR,CONTRE,ACCORD,DÉSACCORD,NEUTRE,NSP,NEUTRE,POUR,Responsabilité collective,Economie: privé et public,Feministre: NEUTRE féministe,Féministe: POUR féministe,Risque difficile,CAQ,PLC,Femme,Francophones,18-39 ans,Né Canada,Universitaire,Revenus moyens
Ind_2120,-2.671023,-0.79727,-1.36897,Sou_OUI,POUR,POUR,CONTRE,POUR,POUR,POUR,ACCORD,DÉSACCORD,OPTIMISTE,OPTIMISTE,OPTIMISTE,POUR,Responsabilité mixte,Economie: privé et public,Féministe: POUR féministe,Féministe: POUR féministe,Risque difficile,PQ,BQ,Homme,Francophones,18-39 ans,Né Canada,Universitaire,Revenus élevés
Ind_2121,1.867109,0.43194,-1.260209,Sou_NON,CONTRE,CONTRE,POUR,CONTRE,CONTRE,NEUTRE,DÉSACCORD,DÉSACCORD,PESSIMISTE,PESSIMISTE,PESSIMISTE,POUR,Responsabilité collective,Economie: privé seulement,Féministe: POUR féministe,Féministe: POUR féministe,Risque facile,PLQ,PLC,Homme,Non francophones,40-59 ans,Né Ailleurs,Collégial,Revenus moyens
Ind_2122,-0.801372,-1.806137,-0.426998,Sou_NSP,NSP,POUR,POUR,POUR,CONTRE,CONTRE,ACCORD,NEUTRE,OPTIMISTE,NEUTRE,OPTIMISTE,NSP,Responsabilité mixte,Economie: privé et public,Féministe: POUR féministe,Féministe: POUR féministe,Risque difficile,PQ,BQ,Femme,Francophones,18-39 ans,Né Canada,Universitaire,Revenus élevés
Ind_2123,1.308853,0.638448,-0.293588,Sou_NON,CONTRE,POUR,POUR,NEUTRE,CONTRE,CONTRE,NEUTRE,DÉSACCORD,NEUTRE,PESSIMISTE,PESSIMISTE,CONTRE,Responsabilité mixte,Economie: privé et public,Feministre: NEUTRE féministe,Féministe: POUR féministe,Risque facile,PLQ,PLC,Homme,Francophones,18-39 ans,Né Canada,Collégial,Revenus moyens
Ind_2124,1.848573,1.099561,-0.780543,Sou_NON,CONTRE,CONTRE,POUR,CONTRE,CONTRE,NEUTRE,ACCORD,DÉSACCORD,PESSIMISTE,PESSIMISTE,PESSIMISTE,POUR,Responsabilité individuelle,Economie: privé seulement,Feministe: CONTRE féministe,Feministre: NEUTRE féministe,Risque facile,Vote prov: NSP,NPD,Homme,Non francophones,18-39 ans,Né Ailleurs,Universitaire,Revenus moyens
Ind_2125,-2.558401,1.803585,-0.221588,Sou_OUI,POUR,POUR,CONTRE,POUR,POUR,POUR,DÉSACCORD,DÉSACCORD,OPTIMISTE,OPTIMISTE,OPTIMISTE,CONTRE,Responsabilité individuelle,Economie: privé seulement,Feministe: CONTRE féministe,Feministe: CONTRE féministe,Risque facile,PQ,NSP,Homme,Francophones,40-59 ans,Né Canada,Collégial,Revenus moyens
Ind_2126,-0.894933,-1.074953,1.228664,Sou_NSP,NSP,NSP,NSP,NEUTRE,POUR,NEUTRE,DÉSACCORD,DÉSACCORD,NEUTRE,NEUTRE,NEUTRE,CONTRE,Responsabilité mixte,Economie: privé et public,Féministe: POUR féministe,Féministe: POUR féministe,Risque difficile,PQ,BQ,Femme,Francophones,60 ans et plus,Né Ailleurs,Collégial,Revenus bas
Ind_2127,-0.996168,-0.081043,0.615534,Sou_OUI,POUR,POUR,POUR,POUR,CONTRE,CONTRE,ACCORD,ACCORD,OPTIMISTE,OPTIMISTE,NEUTRE,CONTRE,Responsabilité mixte,Economie: privé seulement,Feministre: NEUTRE féministe,Feministre: NEUTRE féministe,Risque difficile,PQ,BQ,Femme,Francophones,18-39 ans,Né Canada,Secondaire,Revenus bas
Ind_2128,1.862203,1.243966,-0.612935,Sou_NON,CONTRE,CONTRE,POUR,CONTRE,CONTRE,CONTRE,ACCORD,ACCORD,NSP,PESSIMISTE,PESSIMISTE,NEUTRE,Responsabilité individuelle,Economie: privé seulement,Feministe: CONTRE féministe,Feministre: NEUTRE féministe,Risque facile,PCQ,PCC,Homme,Francophones,40-59 ans,Né Canada,Universitaire,Revenus élevés
Ind_2129,0.352418,-0.107998,0.078878,Sou_OUI,CONTRE,POUR,CONTRE,CONTRE,CONTRE,NEUTRE,NEUTRE,NEUTRE,PESSIMISTE,PESSIMISTE,NEUTRE,NEUTRE,Responsabilité collective,Economie: privé seulement,Feministe: CONTRE féministe,Féministe: POUR féministe,Risque difficile,PLQ,PCC,Homme,Francophones,18-39 ans,Né Ailleurs,Collégial,Revenus moyens
Ind_2130,-0.194469,-1.513758,0.828659,Sou_NSP,CONTRE,POUR,POUR,NEUTRE,POUR,NEUTRE,DÉSACCORD,DÉSACCORD,NEUTRE,NEUTRE,NEUTRE,POUR,Responsabilité collective,Economie: privé et public,Féministe: POUR féministe,Féministe: POUR féministe,Risque difficile,NSP,Vote fed: NSP,Femme,Francophones,18-39 ans,Né Canada,Collégial,Revenus bas
Ind_2131,-2.305994,-1.700972,-0.582713,Sou_OUI,POUR,POUR,CONTRE,POUR,POUR,POUR,ACCORD,ACCORD,OPTIMISTE,OPTIMISTE,OPTIMISTE,POUR,Responsabilité collective,Economie: neutre,Féministe: POUR féministe,Féministe: POUR féministe,Risque difficile,QS,BQ,Femme,Francophones,18-39 ans,Né Canada,Collégial,Revenus bas
Ind_2132,-0.623809,-0.006351,-0.746294,Sou_NON,POUR,POUR,CONTRE,POUR,POUR,NEUTRE,ACCORD,ACCORD,OPTIMISTE,PESSIMISTE,NEUTRE,CONTRE,Responsabilité collective,Economie: privé seulement,Féministe: POUR féministe,Feministe: CONTRE féministe,Risque facile,PLQ,NPD,Homme,Non francophones,18-39 ans,Né Ailleurs,Secondaire,Revenus moyens
Ind_2133,-1.165924,0.419542,0.014983,Sou_OUI,CONTRE,POUR,CONTRE,NEUTRE,POUR,POUR,DÉSACCORD,DÉSACCORD,PESSIMISTE,PESSIMISTE,NEUTRE,POUR,Responsabilité collective,Economie: privé seulement,Féministe: POUR féministe,Feministe: CONTRE féministe,Risque difficile,PQ,BQ,Homme,Francophones,40-59 ans,Né Canada,Secondaire,Revenus bas
Ind_2134,-1.233168,-0.644557,1.546651,Sou_OUI,POUR,POUR,CONTRE,NEUTRE,NEUTRE,NEUTRE,NSP,NSP,PESSIMISTE,OPTIMISTE,NSP,CONTRE,Responsabilité individuelle,Economie: neutre,NSP,NSP,Risque difficile,PQ,BQ,Femme,Francophones,18-39 ans,Né Ailleurs,Universitaire,Revenus élevés
Ind_2135,-2.761269,-0.553819,-0.925295,Sou_OUI,POUR,POUR,CONTRE,POUR,POUR,POUR,DÉSACCORD,DÉSACCORD,OPTIMISTE,NEUTRE,OPTIMISTE,NEUTRE,Responsabilité mixte,Economie: privé et public,Féministe: POUR féministe,Féministe: POUR féministe,Risque facile,PQ,BQ,Femme,Francophones,60 ans et plus,Né Canada,Universitaire,Revenus bas
Ind_2136,-1.40329,-0.991053,-0.286357,Sou_NSP,POUR,POUR,POUR,POUR,CONTRE,NEUTRE,ACCORD,DÉSACCORD,OPTIMISTE,NEUTRE,OPTIMISTE,NEUTRE,NSP,Economie: privé et public,Féministe: POUR féministe,Féministe: POUR féministe,Risque difficile,PQ,BQ,Homme,Francophones,18-39 ans,Né Canada,Collégial,NSP
Ind_2137,0.625321,-0.856815,1.25997,Sou_NON,CONTRE,CONTRE,POUR,NEUTRE,NEUTRE,NEUTRE,ACCORD,NEUTRE,NEUTRE,NEUTRE,OPTIMISTE,NEUTRE,Responsabilité mixte,Economie: neutre,Feministre: NEUTRE féministe,Féministe: POUR féministe,Risque facile,NSP,Vote fed: NSP,Femme,Francophones,60 ans et plus,Né Canada,Collégial,NSP
Ind_2138,-2.578003,0.436177,0.742043,Sou_OUI,POUR,POUR,CONTRE,POUR,POUR,POUR,NEUTRE,DÉSACCORD,OPTIMISTE,OPTIMISTE,OPTIMISTE,CONTRE,Responsabilité mixte,Economie: neutre,Feministre: NEUTRE féministe,Feministre: NEUTRE féministe,Risque difficile,PQ,BQ,Femme,Francophones,60 ans et plus,Né Ailleurs,Secondaire,NSP
Ind_2139,-1.458737,-0.110769,1.738113,Sou_NSP,POUR,NSP,NSP,POUR,NSP,POUR,DÉSACCORD,NSP,NSP,NSP,OPTIMISTE,CONTRE,Responsabilité mixte,NSP,Feministre: NEUTRE féministe,Feministre: NEUTRE féministe,NSP,PQ,BQ,Femme,Francophones,40-59 ans,Né Canada,Collégial,Revenus moyens
Ind_2140,0.969186,0.524506,-0.01726,Sou_NON,CONTRE,CONTRE,POUR,CONTRE,POUR,NEUTRE,ACCORD,NEUTRE,PESSIMISTE,PESSIMISTE,OPTIMISTE,CONTRE,Responsabilité collective,Economie: privé et public,Feministre: NEUTRE féministe,Feministe: CONTRE féministe,Risque difficile,PCQ,PCC,Homme,Non francophones,40-59 ans,Né Canada,Secondaire,Revenus bas
Ind_2141,-1.548304,-0.99433,-0.243023,Sou_OUI,POUR,CONTRE,POUR,POUR,POUR,NEUTRE,NEUTRE,ACCORD,OPTIMISTE,NEUTRE,OPTIMISTE,NEUTRE,Responsabilité mixte,Economie: privé seulement,Féministe: POUR féministe,Féministe: POUR féministe,Risque facile,PQ,BQ,Femme,Francophones,18-39 ans,Né Canada,Collégial,Revenus moyens
Ind_2142,-2.130533,-0.119623,1.028963,Sou_OUI,POUR,POUR,POUR,POUR,POUR,POUR,NSP,NEUTRE,OPTIMISTE,OPTIMISTE,OPTIMISTE,CONTRE,Responsabilité mixte,Economie: neutre,NSP,Feministre: NEUTRE féministe,Risque difficile,PQ,BQ,Femme,Francophones,40-59 ans,Né Canada,Collégial,Revenus bas
Ind_2143,-0.156637,-1.581992,1.377821,Sou_NSP,NSP,POUR,POUR,NEUTRE,NEUTRE,NSP,NSP,DÉSACCORD,NSP,NSP,NSP,NEUTRE,Responsabilité mixte,Economie: privé et public,Féministe: POUR féministe,Féministe: POUR féministe,NSP,CAQ,PLC,Femme,Francophones,60 ans et plus,Né Canada,Secondaire,NSP
Ind_2144,-2.483639,0.72941,-0.188389,Sou_OUI,POUR,POUR,CONTRE,POUR,POUR,NEUTRE,NEUTRE,ACCORD,OPTIMISTE,NEUTRE,OPTIMISTE,CONTRE,Responsabilité collective,Economie: privé et public,Feministre: NEUTRE féministe,Feministre: NEUTRE féministe,Risque facile,PQ,BQ,Homme,Francophones,60 ans et plus,Né Canada,Collégial,Revenus moyens
Ind_2145,0.607034,0.250483,2.100044,Sou_NON,NSP,NSP,NSP,NEUTRE,NEUTRE,NEUTRE,DÉSACCORD,DÉSACCORD,PESSIMISTE,PESSIMISTE,PESSIMISTE,CONTRE,Responsabilité mixte,Economie: neutre,Feministe: CONTRE féministe,Feministe: CONTRE féministe,Risque difficile,PCQ,PCC,Femme,Francophones,40-59 ans,Né Canada,Collégial,NSP
Ind_2146,1.918551,0.764394,-0.425351,Sou_NON,CONTRE,CONTRE,POUR,CONTRE,CONTRE,CONTRE,DÉSACCORD,DÉSACCORD,PESSIMISTE,PESSIMISTE,PESSIMISTE,CONTRE,Responsabilité collective,Economie: privé et public,Feministre: NEUTRE féministe,NSP,Risque facile,PLQ,PLC,Femme,Francophones,40-59 ans,Né Canada,Collégial,Revenus moyens
Ind_2147,0.536841,0.761037,0.744628,Sou_NSP,CONTRE,CONTRE,CONTRE,NEUTRE,CONTRE,CONTRE,NSP,DÉSACCORD,NSP,PESSIMISTE,NEUTRE,CONTRE,Responsabilité individuelle,Economie: privé et public,Feministre: NEUTRE féministe,Feministre: NEUTRE féministe,Risque facile,CAQ,BQ,Femme,Francophones,60 ans et plus,Né Canada,Secondaire,NSP
Ind_2148,1.358433,-1.068303,-0.714698,Sou_NON,CONTRE,CONTRE,POUR,POUR,CONTRE,CONTRE,ACCORD,ACCORD,OPTIMISTE,PESSIMISTE,PESSIMISTE,CONTRE,Responsabilité mixte,Economie: privé seulement,Féministe: POUR féministe,Féministe: POUR féministe,Risque difficile,NSP,PLC,Femme,Francophones,18-39 ans,Né Canada,Universitaire,Revenus élevés
Ind_2149,1.014783,0.806341,-0.060566,Sou_NON,CONTRE,CONTRE,POUR,NEUTRE,CONTRE,CONTRE,DÉSACCORD,DÉSACCORD,OPTIMISTE,PESSIMISTE,PESSIMISTE,CONTRE,Responsabilité individuelle,Economie: neutre,Féministe: POUR féministe,Féministe: POUR féministe,Risque difficile,PQ,PCC,Homme,Francophones,40-59 ans,Né Canada,Collégial,Revenus bas
Ind_2150,-0.427024,-0.460829,1.985766,Sou_NSP,CONTRE,POUR,POUR,POUR,POUR,POUR,NSP,NEUTRE,NEUTRE,NSP,NSP,CONTRE,Responsabilité collective,Economie: neutre,Feministre: NEUTRE féministe,Feministre: NEUTRE féministe,Risque difficile,NSP,Vote fed: NSP,Femme,Francophones,40-59 ans,Né Canada,Collégial,Revenus bas
Ind_2151,0.719189,-1.187978,-0.085857,Sou_NON,CONTRE,CONTRE,POUR,POUR,NSP,NSP,DÉSACCORD,DÉSACCORD,PESSIMISTE,NSP,NEUTRE,POUR,Responsabilité mixte,Economie: privé et public,Féministe: POUR féministe,Féministe: POUR féministe,Risque difficile,PLQ,PLC,Femme,Francophones,18-39 ans,Né Canada,Collégial,Revenus moyens
Ind_2152,0.546893,-0.369267,0.777371,Sou_NON,CONTRE,CONTRE,POUR,NEUTRE,POUR,POUR,NEUTRE,NEUTRE,NSP,NSP,NEUTRE,CONTRE,Responsabilité mixte,Economie: neutre,Féministe: POUR féministe,Feministre: NEUTRE féministe,Risque facile,PLQ,PLC,Femme,Francophones,18-39 ans,Né Canada,Collégial,Revenus moyens
Ind_2153,-0.81871,-0.513736,-0.168651,Sou_NSP,POUR,POUR,POUR,POUR,POUR,POUR,ACCORD,ACCORD,NEUTRE,NEUTRE,PESSIMISTE,POUR,Responsabilité collective,Economie: privé et public,NSP,Feministre: NEUTRE féministe,Risque difficile,QS,NPD,Homme,Francophones,40-59 ans,Né Ailleurs,Collégial,NSP
Ind_2154,1.641112,-0.090084,0.383117,Sou_NON,CONTRE,POUR,POUR,CONTRE,CONTRE,CONTRE,NEUTRE,NSP,NEUTRE,PESSIMISTE,PESSIMISTE,NEUTRE,Responsabilité mixte,Economie: privé et public,Feministre: NEUTRE féministe,Feministre: NEUTRE féministe,Risque difficile,PLQ,PLC,Femme,Francophones,60 ans et plus,Né Canada,Collégial,Revenus bas
Ind_2155,0.229605,1.117948,0.56546,Sou_NON,CONTRE,POUR,POUR,POUR,NEUTRE,CONTRE,NEUTRE,DÉSACCORD,PESSIMISTE,PESSIMISTE,NEUTRE,CONTRE,Responsabilité mixte,Economie: privé seulement,Féministe: POUR féministe,Feministre: NEUTRE féministe,Risque facile,CAQ,BQ,Homme,Francophones,60 ans et plus,Né Canada,Collégial,Revenus bas
Ind_2156,0.772361,1.138013,0.700126,Sou_NSP,CONTRE,POUR,NSP,CONTRE,CONTRE,CONTRE,ACCORD,DÉSACCORD,NEUTRE,PESSIMISTE,NSP,CONTRE,Responsabilité individuelle,Economie: neutre,Feministe: CONTRE féministe,Feministe: CONTRE féministe,Risque facile,PCQ,PCC,Homme,Francophones,18-39 ans,Né Canada,Collégial,Revenus bas
Ind_2157,1.864588,-1.504601,-0.741872,Sou_NON,CONTRE,NSP,POUR,CONTRE,CONTRE,CONTRE,DÉSACCORD,ACCORD,PESSIMISTE,PESSIMISTE,NSP,POUR,Responsabilité collective,Economie: privé et public,Féministe: POUR féministe,Féministe: POUR féministe,Risque difficile,PLQ,PLC,Femme,Non francophones,18-39 ans,Né Canada,Collégial,NSP
Ind_2158,-0.166683,0.846229,0.819846,Sou_NSP,NSP,NSP,POUR,CONTRE,CONTRE,CONTRE,DÉSACCORD,DÉSACCORD,OPTIMISTE,NSP,OPTIMISTE,CONTRE,Responsabilité individuelle,Economie: neutre,Feministe: CONTRE féministe,Féministe: POUR féministe,NSP,CAQ,BQ,Homme,Francophones,40-59 ans,Né Canada,Secondaire,Revenus bas
Ind_2159,-0.725468,-1.142937,1.186075,Sou_NSP,NSP,POUR,CONTRE,NEUTRE,NEUTRE,NEUTRE,NEUTRE,ACCORD,NEUTRE,NSP,OPTIMISTE,NEUTRE,Responsabilité mixte,Economie: neutre,Féministe: POUR féministe,Féministe: POUR féministe,Risque difficile,CAQ,PLC,Homme,Francophones,60 ans et plus,Né Canada,Secondaire,NSP
Ind_2160,-2.767866,-0.399566,-1.760455,Sou_OUI,POUR,POUR,CONTRE,POUR,POUR,POUR,ACCORD,DÉSACCORD,OPTIMISTE,OPTIMISTE,OPTIMISTE,POUR,Responsabilité collective,Economie: privé et public,Féministe: POUR féministe,Féministe: POUR féministe,Risque facile,PQ,BQ,Homme,Francophones,60 ans et plus,Né Canada,Universitaire,NSP
Ind_2161,1.842307,-0.108547,-0.052312,Sou_NON,CONTRE,CONTRE,POUR,CONTRE,CONTRE,CONTRE,NSP,DÉSACCORD,NEUTRE,PESSIMISTE,PESSIMISTE,CONTRE,Responsabilité collective,Economie: privé et public,NSP,Féministe: POUR féministe,Risque difficile,PCQ,PCC,Femme,Francophones,40-59 ans,Né Canada,Collégial,Revenus moyens
Ind_2162,-0.331117,0.992501,-0.545389,Sou_NON,CONTRE,POUR,POUR,POUR,CONTRE,POUR,NEUTRE,DÉSACCORD,OPTIMISTE,PESSIMISTE,OPTIMISTE,POUR,Responsabilité collective,Economie: privé et public,Feministre: NEUTRE féministe,Feministre: NEUTRE féministe,Risque facile,CAQ,BQ,Homme,Francophones,40-59 ans,Né Canada,Collégial,Revenus élevés
Ind_2163,-2.060134,1.179698,-0.81709,Sou_OUI,POUR,CONTRE,CONTRE,POUR,POUR,POUR,DÉSACCORD,DÉSACCORD,OPTIMISTE,PESSIMISTE,OPTIMISTE,NEUTRE,Responsabilité collective,Economie: privé et public,Feministe: CONTRE féministe,Feministre: NEUTRE féministe,Risque facile,PQ,BQ,Homme,Francophones,60 ans et plus,Né Canada,Collégial,Revenus bas
Ind_2164,0.883244,-0.590595,-0.481273,Sou_NON,CONTRE,CONTRE,POUR,POUR,NEUTRE,NEUTRE,NEUTRE,DÉSACCORD,NEUTRE,PESSIMISTE,NEUTRE,NEUTRE,Responsabilité mixte,Economie: privé et public,Féministe: POUR féministe,Féministe: POUR féministe,Risque difficile,PLQ,PLC,Homme,Francophones,40-59 ans,Né Canada,Universitaire,Revenus moyens
Ind_2165,-2.188786,-0.50875,-0.875924,Sou_OUI,POUR,POUR,CONTRE,POUR,POUR,POUR,NEUTRE,ACCORD,NEUTRE,NSP,OPTIMISTE,POUR,Responsabilité collective,Economie: privé et public,Féministe: POUR féministe,Feministre: NEUTRE féministe,Risque difficile,PQ,BQ,Homme,Francophones,40-59 ans,Né Ailleurs,Universitaire,Revenus élevés
Ind_2166,-2.338569,-0.166526,-0.929279,Sou_OUI,POUR,CONTRE,CONTRE,POUR,POUR,POUR,DÉSACCORD,DÉSACCORD,OPTIMISTE,NEUTRE,OPTIMISTE,NEUTRE,Responsabilité individuelle,Economie: privé et public,Féministe: POUR féministe,Féministe: POUR féministe,Risque facile,PQ,BQ,Femme,Francophones,60 ans et plus,Né Canada,Collégial,Revenus bas
Ind_2167,2.189754,-0.869887,-1.708209,Sou_NON,CONTRE,CONTRE,POUR,CONTRE,CONTRE,CONTRE,DÉSACCORD,ACCORD,NEUTRE,PESSIMISTE,PESSIMISTE,POUR,Responsabilité mixte,Economie: privé et public,Féministe: POUR féministe,Féministe: POUR féministe,Risque facile,PLQ,PLC,Femme,Non francophones,18-39 ans,Né Canada,Universitaire,Revenus moyens
Ind_2168,0.492662,-1.680383,1.828327,Sou_NON,NSP,NSP,NSP,NSP,NSP,NEUTRE,NSP,NSP,PESSIMISTE,PESSIMISTE,NSP,CONTRE,NSP,NSP,Féministe: POUR féministe,Féministe: POUR féministe,Risque difficile,PLQ,Vote fed: NSP,Femme,Francophones,18-39 ans,Né Canada,Collégial,Revenus bas
Ind_2169,1.548795,1.065353,0.45818,Sou_NON,CONTRE,CONTRE,POUR,CONTRE,CONTRE,CONTRE,DÉSACCORD,DÉSACCORD,NEUTRE,NEUTRE,PESSIMISTE,CONTRE,Responsabilité individuelle,Economie: privé seulement,Feministe: CONTRE féministe,Feministe: CONTRE féministe,Risque difficile,PCQ,PCC,Femme,Francophones,18-39 ans,Né Canada,Collégial,Revenus moyens
Ind_2170,-2.547099,1.54853,-0.077088,Sou_OUI,POUR,POUR,CONTRE,POUR,POUR,POUR,DÉSACCORD,DÉSACCORD,NEUTRE,OPTIMISTE,OPTIMISTE,CONTRE,Responsabilité collective,Economie: neutre,Feministe: CONTRE féministe,Feministre: NEUTRE féministe,Risque facile,PQ,BQ,Homme,Francophones,60 ans et plus,Né Canada,Secondaire,Revenus moyens
Ind_2171,1.606398,1.307761,1.064318,Sou_NON,CONTRE,CONTRE,POUR,NEUTRE,CONTRE,CONTRE,DÉSACCORD,DÉSACCORD,PESSIMISTE,PESSIMISTE,PESSIMISTE,CONTRE,Responsabilité individuelle,Economie: neutre,Feministre: NEUTRE féministe,Feministre: NEUTRE féministe,Risque facile,NSP,Vote fed: NSP,Femme,Francophones,40-59 ans,Né Canada,Secondaire,Revenus bas
Ind_2172,-2.211965,0.712808,-0.774312,Sou_OUI,POUR,CONTRE,CONTRE,POUR,POUR,POUR,DÉSACCORD,ACCORD,OPTIMISTE,OPTIMISTE,OPTIMISTE,CONTRE,Responsabilité individuelle,Economie: privé seulement,Féministe: POUR féministe,Féministe: POUR féministe,Risque facile,CAQ,BQ,Homme,Francophones,60 ans et plus,Né Canada,Collégial,Revenus bas
Ind_2173,2.06646,-0.753191,-0.293476,Sou_NON,CONTRE,CONTRE,POUR,CONTRE,CONTRE,CONTRE,NSP,NSP,NEUTRE,PESSIMISTE,NSP,CONTRE,Responsabilité individuelle,Economie: privé et public,Féministe: POUR féministe,Féministe: POUR féministe,Risque difficile,PLQ,PLC,Femme,Non francophones,40-59 ans,Né Canada,Collégial,Revenus bas
Ind_2174,0.972199,0.892729,0.051407,Sou_NON,CONTRE,CONTRE,CONTRE,POUR,CONTRE,CONTRE,DÉSACCORD,DÉSACCORD,NEUTRE,PESSIMISTE,NEUTRE,CONTRE,Responsabilité individuelle,Economie: privé et public,Feministre: NEUTRE féministe,Feministre: NEUTRE féministe,Risque difficile,PLQ,PLC,Femme,Francophones,60 ans et plus,Né Canada,Collégial,Revenus bas
Ind_2175,1.540726,-1.19012,-1.650326,Sou_NON,CONTRE,CONTRE,POUR,POUR,CONTRE,CONTRE,ACCORD,DÉSACCORD,NEUTRE,PESSIMISTE,PESSIMISTE,POUR,Responsabilité collective,Economie: privé et public,Féministe: POUR féministe,Féministe: POUR féministe,Risque difficile,PQ,PLC,Femme,Non francophones,40-59 ans,Né Canada,Universitaire,NSP
Ind_2176,0.216459,1.538867,-0.690635,Sou_NON,CONTRE,CONTRE,POUR,POUR,CONTRE,CONTRE,DÉSACCORD,DÉSACCORD,OPTIMISTE,PESSIMISTE,OPTIMISTE,CONTRE,Responsabilité collective,Economie: privé et public,Feministe: CONTRE féministe,Feministre: NEUTRE féministe,Risque facile,PQ,BQ,Homme,Francophones,40-59 ans,Né Canada,Collégial,Revenus élevés
Ind_2177,-0.059973,-1.737481,3.343937,Sou_NSP,NSP,NSP,NSP,NEUTRE,NEUTRE,NEUTRE,NSP,NSP,NSP,NSP,NSP,NEUTRE,Responsabilité mixte,Economie: neutre,NSP,NSP,Risque difficile,Vote prov: NSP,Vote fed: NSP,Femme,Francophones,18-39 ans,Né Canada,Secondaire,Revenus bas
Ind_2178,-0.977966,-0.158444,0.870411,Sou_NSP,NSP,NSP,NSP,POUR,NEUTRE,NEUTRE,NSP,NSP,OPTIMISTE,NSP,OPTIMISTE,NEUTRE,Responsabilité individuelle,Economie: privé et public,Feministre: NEUTRE féministe,Feministre: NEUTRE féministe,Risque facile,PQ,PLC,Homme,Francophones,18-39 ans,Né Canada,Universitaire,NSP
Ind_2179,-1.04673,-0.030414,1.580994,Sou_OUI,POUR,POUR,POUR,POUR,POUR,NEUTRE,NSP,NSP,PESSIMISTE,OPTIMISTE,NSP,CONTRE,Responsabilité individuelle,Economie: neutre,NSP,NSP,Risque facile,Vote prov: NSP,Vote fed: NSP,Femme,Francophones,40-59 ans,Né Canada,Collégial,Revenus moyens
Ind_2180,0.43527,1.290714,-1.005698,Sou_NON,CONTRE,CONTRE,CONTRE,POUR,CONTRE,CONTRE,DÉSACCORD,DÉSACCORD,OPTIMISTE,PESSIMISTE,NEUTRE,CONTRE,Responsabilité individuelle,Economie: privé et public,Feministre: NEUTRE féministe,Féministe: POUR féministe,Risque facile,CAQ,PLC,Homme,Francophones,60 ans et plus,Né Canada,Universitaire,Revenus bas
Ind_2181,0.237251,-0.673845,2.472388,Sou_NSP,NSP,NSP,NSP,NEUTRE,NEUTRE,NEUTRE,NEUTRE,NEUTRE,NEUTRE,NEUTRE,NEUTRE,NEUTRE,Responsabilité mixte,Economie: neutre,Feministre: NEUTRE féministe,Feministre: NEUTRE féministe,Risque difficile,PCQ,PCC,Femme,Non francophones,40-59 ans,Né Ailleurs,Collégial,Revenus bas
Ind_2182,-1.191157,0.766157,-0.55175,Sou_OUI,POUR,POUR,POUR,POUR,POUR,POUR,ACCORD,NEUTRE,PESSIMISTE,PESSIMISTE,OPTIMISTE,CONTRE,Responsabilité individuelle,Economie: privé seulement,Féministe: POUR féministe,Feministre: NEUTRE féministe,Risque facile,CAQ,PLC,Homme,Francophones,40-59 ans,Né Canada,Universitaire,Revenus bas
Ind_2183,1.89346,0.555118,-0.225749,Sou_NON,CONTRE,CONTRE,POUR,CONTRE,CONTRE,NEUTRE,NEUTRE,DÉSACCORD,PESSIMISTE,PESSIMISTE,PESSIMISTE,NEUTRE,Responsabilité mixte,Economie: neutre,Féministe: POUR féministe,Feministre: NEUTRE féministe,NSP,PLQ,PLC,Homme,Non francophones,60 ans et plus,Né Ailleurs,Collégial,Revenus moyens
Ind_2184,-2.406232,-0.717156,-0.445644,Sou_OUI,POUR,POUR,CONTRE,POUR,POUR,POUR,ACCORD,NEUTRE,OPTIMISTE,NEUTRE,OPTIMISTE,NEUTRE,Responsabilité individuelle,Economie: privé seulement,Feministre: NEUTRE féministe,Féministe: POUR féministe,Risque difficile,PQ,BQ,Femme,Francophones,18-39 ans,Né Canada,Universitaire,Revenus élevés
Ind_2185,0.909281,1.157166,0.479563,Sou_NON,CONTRE,CONTRE,POUR,POUR,CONTRE,NEUTRE,NEUTRE,DÉSACCORD,OPTIMISTE,PESSIMISTE,NEUTRE,CONTRE,Responsabilité mixte,Economie: neutre,Feministre: NEUTRE féministe,Feministre: NEUTRE féministe,Risque facile,NSP,Vote fed: NSP,Homme,Non francophones,40-59 ans,Né Canada,Universitaire,Revenus élevés
Ind_2186,0.041138,-0.957162,2.617944,Sou_NSP,NSP,NSP,NSP,NEUTRE,NEUTRE,NEUTRE,NEUTRE,DÉSACCORD,PESSIMISTE,NSP,PESSIMISTE,CONTRE,Responsabilité mixte,Economie: privé et public,NSP,NSP,Risque difficile,NSP,Vote fed: NSP,Femme,Francophones,60 ans et plus,Né Canada,Collégial,NSP
Ind_2187,0.511629,0.586722,0.219854,Sou_NSP,CONTRE,CONTRE,POUR,NSP,NEUTRE,NSP,ACCORD,DÉSACCORD,OPTIMISTE,PESSIMISTE,OPTIMISTE,CONTRE,Responsabilité individuelle,Economie: privé seulement,NSP,Feministe: CONTRE féministe,Risque difficile,PLQ,PLC,Homme,Francophones,40-59 ans,Né Ailleurs,Universitaire,Revenus bas
Ind_2188,-0.845675,-1.800554,-0.578218,Sou_NON,POUR,POUR,POUR,POUR,POUR,NEUTRE,ACCORD,ACCORD,OPTIMISTE,NSP,OPTIMISTE,POUR,Responsabilité collective,Economie: privé et public,Féministe: POUR féministe,Féministe: POUR féministe,Risque difficile,Vote prov: NSP,PLC,Femme,Francophones,40-59 ans,Né Canada,Collégial,Revenus moyens
Ind_2189,-2.066297,0.622095,-0.168922,Sou_OUI,POUR,POUR,CONTRE,POUR,POUR,CONTRE,DÉSACCORD,DÉSACCORD,NEUTRE,NEUTRE,OPTIMISTE,CONTRE,Responsabilité mixte,Economie: privé et public,Feministre: NEUTRE féministe,Féministe: POUR féministe,Risque difficile,PQ,BQ,Homme,Francophones,40-59 ans,Né Canada,Secondaire,Revenus moyens
Ind_2190,1.570095,-0.277181,0.711776,Sou_NON,CONTRE,CONTRE,POUR,CONTRE,CONTRE,NEUTRE,ACCORD,NEUTRE,OPTIMISTE,PESSIMISTE,NEUTRE,CONTRE,Responsabilité mixte,Economie: neutre,Feministe: CONTRE féministe,Feministe: CONTRE féministe,Risque difficile,NSP,NPD,Femme,Non francophones,40-59 ans,Né Canada,Collégial,Revenus moyens
Ind_2191,-2.21649,-0.087673,-0.076884,Sou_OUI,POUR,POUR,POUR,POUR,POUR,POUR,ACCORD,ACCORD,OPTIMISTE,OPTIMISTE,OPTIMISTE,CONTRE,Responsabilité mixte,Economie: privé seulement,Féministe: POUR féministe,Feministre: NEUTRE féministe,Risque facile,PQ,BQ,Femme,Francophones,60 ans et plus,Né Canada,Collégial,Revenus bas
Ind_2192,-1.825626,-0.269316,0.248159,Sou_OUI,POUR,POUR,CONTRE,POUR,POUR,POUR,NSP,NSP,OPTIMISTE,PESSIMISTE,NSP,CONTRE,Responsabilité collective,Economie: privé et public,NSP,NSP,Risque difficile,QS,BQ,Homme,Francophones,18-39 ans,Né Canada,Collégial,Revenus élevés
Ind_2193,-2.854265,0.456689,-0.680729,Sou_OUI,POUR,POUR,CONTRE,POUR,POUR,POUR,NEUTRE,DÉSACCORD,OPTIMISTE,OPTIMISTE,OPTIMISTE,CONTRE,Responsabilité mixte,Economie: privé et public,Féministe: POUR féministe,NSP,Risque facile,PQ,BQ,Homme,Francophones,60 ans et plus,Né Canada,Universitaire,Revenus bas
Ind_2194,-0.303011,-1.941121,0.463374,Sou_NSP,NSP,POUR,POUR,NEUTRE,NEUTRE,CONTRE,NEUTRE,ACCORD,NEUTRE,NEUTRE,NEUTRE,NEUTRE,Responsabilité mixte,Economie: privé et public,Féministe: POUR féministe,Féministe: POUR féministe,Risque difficile,PQ,BQ,Femme,Francophones,18-39 ans,Né Canada,Universitaire,Revenus moyens
Ind_2195,-2.347531,1.08368,0.342127,Sou_OUI,POUR,CONTRE,CONTRE,POUR,POUR,POUR,DÉSACCORD,DÉSACCORD,OPTIMISTE,OPTIMISTE,OPTIMISTE,CONTRE,Responsabilité mixte,Economie: neutre,Feministre: NEUTRE féministe,Feministre: NEUTRE féministe,Risque facile,PQ,BQ,Femme,Francophones,60 ans et plus,Né Canada,Secondaire,Revenus bas
Ind_2196,-0.084942,-0.200264,0.540334,Sou_NON,CONTRE,POUR,CONTRE,POUR,CONTRE,NEUTRE,ACCORD,NEUTRE,NEUTRE,PESSIMISTE,OPTIMISTE,CONTRE,Responsabilité mixte,Economie: privé et public,Feministe: CONTRE féministe,Feministre: NEUTRE féministe,Risque difficile,CAQ,BQ,Femme,Francophones,60 ans et plus,Né Canada,Secondaire,NSP
Ind_2197,2.306921,-0.098845,0.262042,Sou_NON,CONTRE,CONTRE,POUR,CONTRE,CONTRE,CONTRE,NEUTRE,NEUTRE,NEUTRE,PESSIMISTE,PESSIMISTE,NEUTRE,Responsabilité mixte,Economie: neutre,Feministre: NEUTRE féministe,Feministre: NEUTRE féministe,Risque difficile,NSP,PLC,Femme,Non francophones,40-59 ans,Né Ailleurs,Universitaire,Revenus bas
Ind_2198,-2.69957,0.114416,-0.386446,Sou_OUI,POUR,POUR,CONTRE,POUR,POUR,POUR,NEUTRE,DÉSACCORD,OPTIMISTE,OPTIMISTE,OPTIMISTE,NEUTRE,Responsabilité mixte,Economie: privé et public,Feministre: NEUTRE féministe,Féministe: POUR féministe,Risque difficile,PQ,BQ,Homme,Francophones,40-59 ans,Né Canada,Collégial,Revenus moyens
Ind_2199,1.497736,0.504181,-0.346008,Sou_NON,CONTRE,POUR,POUR,CONTRE,CONTRE,CONTRE,DÉSACCORD,DÉSACCORD,PESSIMISTE,PESSIMISTE,PESSIMISTE,CONTRE,Responsabilité mixte,Economie: privé et public,Feministre: NEUTRE féministe,Féministe: POUR féministe,Risque facile,PLQ,PLC,Femme,Francophones,40-59 ans,Né Canada,Collégial,Revenus moyens
Ind_2200,1.665331,0.794549,-1.143153,Sou_NON,CONTRE,CONTRE,POUR,CONTRE,CONTRE,CONTRE,NEUTRE,DÉSACCORD,NEUTRE,PESSIMISTE,PESSIMISTE,CONTRE,Responsabilité individuelle,Economie: privé et public,Féministe: POUR féministe,Féministe: POUR féministe,Risque facile,PLQ,PCC,Homme,Francophones,60 ans et plus,Né Canada,Universitaire,Revenus bas
Ind_2201,-1.756572,-0.154667,-0.264658,Sou_OUI,POUR,CONTRE,CONTRE,POUR,CONTRE,POUR,NEUTRE,ACCORD,OPTIMISTE,OPTIMISTE,OPTIMISTE,CONTRE,Responsabilité collective,Economie: privé et public,Feministe: CONTRE féministe,Feministe: CONTRE féministe,Risque difficile,PQ,BQ,Femme,Francophones,60 ans et plus,Né Canada,Secondaire,Revenus bas
Ind_2202,0.415396,0.273592,-0.224861,Sou_OUI,CONTRE,CONTRE,CONTRE,CONTRE,CONTRE,CONTRE,NSP,NSP,PESSIMISTE,PESSIMISTE,NSP,POUR,Responsabilité collective,Economie: neutre,NSP,NSP,Risque facile,PQ,BQ,Homme,Francophones,40-59 ans,Né Canada,Universitaire,Revenus élevés
Ind_2203,1.802384,-0.010612,-0.480599,Sou_NON,CONTRE,CONTRE,POUR,CONTRE,CONTRE,CONTRE,NEUTRE,DÉSACCORD,NEUTRE,PESSIMISTE,NEUTRE,CONTRE,Responsabilité mixte,Economie: privé et public,Féministe: POUR féministe,Féministe: POUR féministe,Risque difficile,PLQ,PCC,Homme,Non francophones,18-39 ans,Né Canada,Collégial,Revenus bas
Ind_2204,1.92582,-1.35952,-0.880085,Sou_NON,CONTRE,CONTRE,POUR,CONTRE,CONTRE,CONTRE,ACCORD,ACCORD,NEUTRE,PESSIMISTE,PESSIMISTE,POUR,Responsabilité individuelle,Economie: privé et public,Féministe: POUR féministe,Féministe: POUR féministe,Risque difficile,QS,PVQ,Femme,Francophones,18-39 ans,Né Canada,Collégial,NSP
Ind_2205,-0.033229,-0.806128,-0.236998,Sou_NON,CONTRE,POUR,NSP,POUR,CONTRE,CONTRE,NEUTRE,DÉSACCORD,OPTIMISTE,PESSIMISTE,OPTIMISTE,POUR,Responsabilité collective,Economie: privé et public,Féministe: POUR féministe,Feministre: NEUTRE féministe,Risque difficile,QS,BQ,Femme,Francophones,18-39 ans,Né Canada,Collégial,NSP
Ind_2206,0.972035,-0.181977,-0.660759,Sou_NON,CONTRE,CONTRE,POUR,CONTRE,CONTRE,CONTRE,NEUTRE,NEUTRE,OPTIMISTE,PESSIMISTE,OPTIMISTE,CONTRE,Responsabilité individuelle,Economie: privé et public,Féministe: POUR féministe,Féministe: POUR féministe,Risque facile,CAQ,BQ,Femme,Francophones,40-59 ans,Né Canada,Collégial,Revenus élevés
Ind_2207,-0.142583,-1.181866,1.116606,Sou_NSP,NSP,POUR,POUR,NEUTRE,NEUTRE,NEUTRE,NEUTRE,DÉSACCORD,NEUTRE,NEUTRE,NSP,NEUTRE,Responsabilité individuelle,Economie: neutre,Féministe: POUR féministe,Féministe: POUR féministe,Risque difficile,CAQ,PLC,Femme,Francophones,60 ans et plus,Né Canada,Universitaire,Revenus moyens
Ind_2208,-1.052321,1.423474,-0.524646,Sou_OUI,POUR,POUR,POUR,POUR,POUR,POUR,ACCORD,DÉSACCORD,NEUTRE,PESSIMISTE,OPTIMISTE,CONTRE,Responsabilité individuelle,Economie: privé seulement,Feministe: CONTRE féministe,Feministe: CONTRE féministe,Risque facile,PCQ,NSP,Homme,Non francophones,40-59 ans,Né Canada,Universitaire,Revenus bas
Ind_2209,0.253584,0.767391,0.559165,Sou_NON,POUR,POUR,POUR,NEUTRE,NEUTRE,POUR,NEUTRE,DÉSACCORD,NEUTRE,PESSIMISTE,PESSIMISTE,CONTRE,Responsabilité collective,Economie: privé seulement,Feministre: NEUTRE féministe,Feministe: CONTRE féministe,Risque difficile,NSP,PVQ,Homme,Non francophones,40-59 ans,Né Canada,Universitaire,Revenus bas
Ind_2210,-1.662243,-1.919638,0.003382,Sou_OUI,POUR,POUR,CONTRE,POUR,NEUTRE,NEUTRE,ACCORD,ACCORD,OPTIMISTE,NSP,OPTIMISTE,CONTRE,Responsabilité collective,Economie: privé et public,Féministe: POUR féministe,Féministe: POUR féministe,Risque difficile,QS,NPD,Femme,Francophones,18-39 ans,Né Canada,Collégial,Revenus bas
Ind_2211,0.790873,1.559457,-0.237915,Sou_NON,CONTRE,CONTRE,POUR,NEUTRE,NEUTRE,POUR,DÉSACCORD,DÉSACCORD,NEUTRE,PESSIMISTE,OPTIMISTE,CONTRE,Responsabilité collective,Economie: privé seulement,Feministe: CONTRE féministe,Feministe: CONTRE féministe,Risque facile,PCQ,PCC,Homme,Non francophones,40-59 ans,Né Ailleurs,Universitaire,Revenus moyens
Ind_2212,-2.732773,0.057084,-0.210101,Sou_OUI,POUR,POUR,CONTRE,POUR,POUR,POUR,NEUTRE,DÉSACCORD,OPTIMISTE,OPTIMISTE,OPTIMISTE,CONTRE,Responsabilité individuelle,Economie: neutre,Féministe: POUR féministe,Féministe: POUR féministe,Risque facile,PQ,BQ,Femme,Francophones,60 ans et plus,Né Canada,Collégial,Revenus bas
Ind_2213,-2.622711,0.034368,-0.951696,Sou_OUI,POUR,POUR,CONTRE,POUR,POUR,POUR,DÉSACCORD,DÉSACCORD,OPTIMISTE,OPTIMISTE,OPTIMISTE,CONTRE,Responsabilité mixte,Economie: privé et public,Féministe: POUR féministe,Féministe: POUR féministe,Risque difficile,PQ,PLC,Homme,Francophones,60 ans et plus,Né Canada,Universitaire,Revenus bas
Ind_2214,0.228991,1.614562,0.784353,Sou_NON,CONTRE,POUR,POUR,CONTRE,NEUTRE,CONTRE,DÉSACCORD,DÉSACCORD,OPTIMISTE,PESSIMISTE,NEUTRE,CONTRE,Responsabilité mixte,Economie: neutre,Feministre: NEUTRE féministe,Feministre: NEUTRE féministe,Risque facile,PQ,BQ,Homme,Francophones,40-59 ans,Né Canada,Collégial,Revenus bas
Ind_2215,-0.920968,-1.414024,-0.418716,Sou_OUI,CONTRE,POUR,CONTRE,POUR,CONTRE,NSP,NEUTRE,NEUTRE,OPTIMISTE,NSP,OPTIMISTE,NSP,Responsabilité collective,Economie: privé et public,Féministe: POUR féministe,Féministe: POUR féministe,Risque facile,NSP,BQ,Femme,Non francophones,18-39 ans,Né Canada,Collégial,Revenus bas
Ind_2216,-2.841884,-0.183556,-1.132362,Sou_OUI,POUR,POUR,CONTRE,POUR,POUR,POUR,NEUTRE,DÉSACCORD,OPTIMISTE,OPTIMISTE,OPTIMISTE,CONTRE,Responsabilité collective,Economie: privé et public,Féministe: POUR féministe,Féministe: POUR féministe,Risque difficile,PQ,BQ,Homme,Francophones,60 ans et plus,Né Canada,Universitaire,Revenus moyens
Ind_2217,1.438443,1.430514,0.49312,Sou_NON,CONTRE,CONTRE,POUR,POUR,CONTRE,CONTRE,DÉSACCORD,DÉSACCORD,NEUTRE,PESSIMISTE,PESSIMISTE,CONTRE,Responsabilité individuelle,Economie: privé seulement,Feministre: NEUTRE féministe,Feministre: NEUTRE féministe,Risque difficile,PCQ,PCC,Femme,Francophones,40-59 ans,Né Canada,Collégial,Revenus moyens
Ind_2218,0.657058,-1.223723,0.384033,Sou_NON,NSP,NSP,POUR,POUR,NEUTRE,NEUTRE,ACCORD,NSP,NEUTRE,PESSIMISTE,NSP,NEUTRE,Responsabilité individuelle,Economie: privé seulement,Féministe: POUR féministe,Féministe: POUR féministe,Risque facile,PLQ,PLC,Femme,Francophones,18-39 ans,Né Canada,Collégial,Revenus moyens
Ind_2219,-2.787212,1.553075,0.359973,Sou_OUI,POUR,POUR,CONTRE,POUR,POUR,POUR,DÉSACCORD,DÉSACCORD,OPTIMISTE,OPTIMISTE,OPTIMISTE,CONTRE,Responsabilité individuelle,Economie: neutre,Feministre: NEUTRE féministe,Feministre: NEUTRE féministe,Risque difficile,PQ,BQ,Homme,Francophones,60 ans et plus,Né Canada,Collégial,Revenus bas
Ind_2220,-2.112147,-1.141749,-0.979577,Sou_OUI,POUR,POUR,CONTRE,POUR,POUR,POUR,ACCORD,DÉSACCORD,NEUTRE,OPTIMISTE,NEUTRE,NEUTRE,Responsabilité mixte,Economie: privé et public,Féministe: POUR féministe,Féministe: POUR féministe,Risque facile,PQ,BQ,Femme,Francophones,18-39 ans,Né Canada,Universitaire,Revenus moyens
Ind_2221,2.178605,0.695576,-0.61518,Sou_NON,CONTRE,CONTRE,POUR,CONTRE,CONTRE,CONTRE,ACCORD,NEUTRE,NEUTRE,PESSIMISTE,PESSIMISTE,POUR,Responsabilité collective,Economie: privé seulement,Feministre: NEUTRE féministe,Feministre: NEUTRE féministe,Risque difficile,PCQ,PLC,Homme,Non francophones,60 ans et plus,Né Canada,Collégial,Revenus élevés
Ind_2222,-2.683595,0.075019,-0.692812,Sou_OUI,POUR,POUR,CONTRE,POUR,POUR,POUR,NEUTRE,ACCORD,OPTIMISTE,NEUTRE,OPTIMISTE,CONTRE,Responsabilité mixte,Economie: privé et public,Feministre: NEUTRE féministe,Féministe: POUR féministe,Risque facile,PQ,BQ,Homme,Francophones,18-39 ans,Né Canada,Universitaire,Revenus bas
Ind_2223,0.97434,1.320245,0.756313,Sou_NON,CONTRE,CONTRE,POUR,NEUTRE,POUR,NEUTRE,NSP,DÉSACCORD,NEUTRE,PESSIMISTE,NEUTRE,CONTRE,Responsabilité individuelle,Economie: neutre,Feministe: CONTRE féministe,Feministe: CONTRE féministe,Risque facile,Vote prov: NSP,PVQ,Homme,Non francophones,40-59 ans,Né Canada,Collégial,Revenus bas
Ind_2224,1.713012,1.159958,-0.839347,Sou_NON,CONTRE,CONTRE,POUR,CONTRE,CONTRE,CONTRE,ACCORD,DÉSACCORD,NEUTRE,PESSIMISTE,PESSIMISTE,CONTRE,Responsabilité collective,Economie: privé seulement,Feministre: NEUTRE féministe,Féministe: POUR féministe,Risque facile,PCQ,PCC,Homme,Francophones,60 ans et plus,Né Canada,Universitaire,Revenus élevés
Ind_2225,-1.130059,0.092162,0.417328,Sou_OUI,POUR,POUR,POUR,POUR,POUR,NSP,ACCORD,DÉSACCORD,OPTIMISTE,NSP,OPTIMISTE,CONTRE,Responsabilité individuelle,Economie: neutre,Feministe: CONTRE féministe,Feministe: CONTRE féministe,Risque difficile,NSP,PCC,Femme,Non francophones,60 ans et plus,Né Ailleurs,Universitaire,NSP
Ind_2226,0.762033,1.008181,-0.674288,Sou_NON,CONTRE,CONTRE,POUR,POUR,POUR,POUR,ACCORD,DÉSACCORD,NEUTRE,PESSIMISTE,PESSIMISTE,POUR,Responsabilité individuelle,Economie: privé seulement,Feministe: CONTRE féministe,Feministe: CONTRE féministe,Risque difficile,PLQ,PLC,Homme,Francophones,60 ans et plus,Né Canada,Collégial,Revenus élevés
Ind_2227,1.752172,-0.31592,-1.470338,Sou_NON,CONTRE,CONTRE,POUR,CONTRE,CONTRE,CONTRE,ACCORD,ACCORD,PESSIMISTE,PESSIMISTE,PESSIMISTE,POUR,Responsabilité individuelle,Economie: privé et public,Féministe: POUR féministe,Féministe: POUR féministe,Risque facile,QS,NPD,Homme,Francophones,18-39 ans,Né Canada,Secondaire,Revenus moyens
Ind_2228,1.908366,-0.406778,-1.712073,Sou_NON,CONTRE,CONTRE,POUR,CONTRE,CONTRE,CONTRE,ACCORD,ACCORD,NEUTRE,PESSIMISTE,PESSIMISTE,POUR,Responsabilité collective,Economie: privé et public,Féministe: POUR féministe,Féministe: POUR féministe,Risque facile,PLQ,PLC,Homme,Francophones,60 ans et plus,Né Canada,Collégial,Revenus bas
Ind_2229,1.631933,1.119592,0.491937,Sou_NON,CONTRE,CONTRE,POUR,NEUTRE,CONTRE,CONTRE,NEUTRE,DÉSACCORD,NEUTRE,PESSIMISTE,PESSIMISTE,POUR,Responsabilité individuelle,Economie: neutre,Feministre: NEUTRE féministe,Feministre: NEUTRE féministe,NSP,NSP,Vote fed: NSP,Homme,Francophones,40-59 ans,Né Canada,Universitaire,Revenus bas
Ind_2230,1.90595,1.027962,-0.66849,Sou_NON,CONTRE,CONTRE,POUR,CONTRE,CONTRE,CONTRE,NEUTRE,DÉSACCORD,NEUTRE,PESSIMISTE,PESSIMISTE,POUR,Responsabilité collective,Economie: privé seulement,Feministre: NEUTRE féministe,Feministre: NEUTRE féministe,Risque difficile,PLQ,PLC,Homme,Francophones,60 ans et plus,Né Canada,Universitaire,Revenus moyens
Ind_2231,-1.174037,-0.021979,1.722201,Sou_NSP,POUR,POUR,POUR,POUR,NSP,NEUTRE,DÉSACCORD,DÉSACCORD,NSP,NSP,OPTIMISTE,CONTRE,Responsabilité mixte,Economie: privé et public,Feministre: NEUTRE féministe,Feministre: NEUTRE féministe,Risque difficile,PQ,Vote fed: NSP,Femme,Francophones,40-59 ans,Né Canada,Secondaire,Revenus bas
Ind_2232,-2.384354,-0.335698,-1.190969,Sou_OUI,POUR,CONTRE,CONTRE,POUR,POUR,POUR,NEUTRE,NEUTRE,OPTIMISTE,OPTIMISTE,OPTIMISTE,NEUTRE,Responsabilité collective,Economie: privé et public,Féministe: POUR féministe,Féministe: POUR féministe,Risque facile,PQ,BQ,Homme,Francophones,60 ans et plus,Né Canada,Collégial,Revenus bas
Ind_2233,1.185205,0.564024,-0.13174,Sou_NON,CONTRE,CONTRE,POUR,POUR,CONTRE,CONTRE,ACCORD,DÉSACCORD,NEUTRE,PESSIMISTE,OPTIMISTE,POUR,Responsabilité individuelle,Economie: privé seulement,Feministre: NEUTRE féministe,NSP,Risque facile,NSP,PLC,Femme,Francophones,60 ans et plus,Né Canada,Collégial,Revenus bas
Ind_2234,0.12817,0.831807,1.58831,Sou_NON,NSP,POUR,NSP,NEUTRE,CONTRE,NEUTRE,DÉSACCORD,DÉSACCORD,OPTIMISTE,PESSIMISTE,NEUTRE,CONTRE,Responsabilité mixte,Economie: privé seulement,Feministre: NEUTRE féministe,Feministre: NEUTRE féministe,Risque facile,PCQ,PCC,Femme,Francophones,18-39 ans,Né Canada,Collégial,Revenus bas
Ind_2235,0.813624,-1.015838,-0.898035,Sou_NON,CONTRE,POUR,POUR,POUR,CONTRE,CONTRE,ACCORD,ACCORD,NEUTRE,PESSIMISTE,NEUTRE,POUR,Responsabilité mixte,Economie: neutre,Féministe: POUR féministe,Féministe: POUR féministe,Risque facile,PQ,PLC,Femme,Francophones,60 ans et plus,Né Canada,Universitaire,Revenus élevés
Ind_2236,0.113204,-2.212548,0.595839,Sou_NSP,CONTRE,NSP,POUR,POUR,NEUTRE,NEUTRE,ACCORD,NEUTRE,OPTIMISTE,NSP,NEUTRE,NEUTRE,Responsabilité mixte,Economie: privé et public,Féministe: POUR féministe,Féministe: POUR féministe,Risque difficile,PLQ,PLC,Femme,Francophones,18-39 ans,Né Canada,Collégial,Revenus bas
Ind_2237,-2.786474,-0.149967,-0.90132,Sou_OUI,POUR,POUR,CONTRE,POUR,POUR,POUR,NEUTRE,NEUTRE,OPTIMISTE,NEUTRE,OPTIMISTE,CONTRE,Responsabilité mixte,Economie: privé et public,Féministe: POUR féministe,Féministe: POUR féministe,Risque facile,PQ,BQ,Homme,Francophones,60 ans et plus,Né Canada,Universitaire,Revenus bas
Ind_2238,-2.669974,0.386815,-0.387094,Sou_OUI,POUR,POUR,CONTRE,POUR,POUR,POUR,ACCORD,DÉSACCORD,OPTIMISTE,NEUTRE,OPTIMISTE,NEUTRE,Responsabilité collective,Economie: privé et public,Feministre: NEUTRE féministe,Feministre: NEUTRE féministe,Risque difficile,PQ,BQ,Homme,Francophones,60 ans et plus,Né Canada,Collégial,Revenus bas
Ind_2239,0.549748,-0.297139,0.954782,Sou_NON,CONTRE,POUR,CONTRE,POUR,CONTRE,CONTRE,NSP,ACCORD,NEUTRE,PESSIMISTE,NEUTRE,CONTRE,Responsabilité individuelle,Economie: neutre,Féministe: POUR féministe,Feministre: NEUTRE féministe,Risque difficile,NSP,Vote fed: NSP,Femme,Francophones,60 ans et plus,Né Canada,Collégial,NSP
Ind_2240,1.631092,0.176046,-0.023711,Sou_NON,CONTRE,CONTRE,POUR,NEUTRE,NEUTRE,CONTRE,NEUTRE,NEUTRE,NEUTRE,PESSIMISTE,NEUTRE,NEUTRE,Responsabilité individuelle,Economie: privé et public,Feministre: NEUTRE féministe,Feministre: NEUTRE féministe,Risque facile,PLQ,PLC,Femme,Francophones,40-59 ans,Né Ailleurs,Universitaire,Revenus moyens
Ind_2241,0.207642,-0.309308,-2.273775,Sou_NON,POUR,POUR,POUR,POUR,CONTRE,CONTRE,ACCORD,DÉSACCORD,OPTIMISTE,PESSIMISTE,OPTIMISTE,POUR,Responsabilité collective,Economie: privé et public,Féministe: POUR féministe,Féministe: POUR féministe,Risque facile,PLQ,PLC,Homme,Non francophones,40-59 ans,Né Ailleurs,Universitaire,Revenus moyens
Ind_2242,1.774845,0.778939,-0.153315,Sou_NON,CONTRE,CONTRE,POUR,CONTRE,CONTRE,CONTRE,NEUTRE,NEUTRE,OPTIMISTE,PESSIMISTE,NSP,POUR,Responsabilité individuelle,Economie: privé seulement,Feministre: NEUTRE féministe,Feministre: NEUTRE féministe,Risque facile,PCQ,PLC,Femme,Non francophones,60 ans et plus,Né Canada,Collégial,Revenus moyens
Ind_2243,1.29281,1.659393,-0.195749,Sou_NON,CONTRE,POUR,POUR,CONTRE,CONTRE,CONTRE,DÉSACCORD,DÉSACCORD,NEUTRE,PESSIMISTE,PESSIMISTE,CONTRE,Responsabilité individuelle,Economie: privé seulement,Feministe: CONTRE féministe,Féministe: POUR féministe,Risque facile,PCQ,PCC,Homme,Francophones,18-39 ans,Né Canada,Secondaire,Revenus moyens
Ind_2244,-2.602855,-0.169887,-0.513428,Sou_OUI,POUR,POUR,CONTRE,POUR,POUR,POUR,NEUTRE,DÉSACCORD,OPTIMISTE,OPTIMISTE,OPTIMISTE,POUR,Responsabilité collective,Economie: privé et public,Feministe: CONTRE féministe,Feministre: NEUTRE féministe,Risque difficile,PQ,BQ,Femme,Francophones,60 ans et plus,Né Canada,Universitaire,NSP
Ind_2245,0.989422,0.62112,-0.36584,Sou_NON,CONTRE,CONTRE,POUR,POUR,POUR,CONTRE,NEUTRE,DÉSACCORD,NEUTRE,PESSIMISTE,PESSIMISTE,CONTRE,Responsabilité mixte,Economie: privé seulement,NSP,Féministe: POUR féministe,Risque difficile,PLQ,PLC,Homme,Francophones,60 ans et plus,Né Canada,Universitaire,Revenus bas
Ind_2246,0.234996,2.201267,0.560075,Sou_NON,CONTRE,POUR,POUR,POUR,POUR,CONTRE,DÉSACCORD,DÉSACCORD,NEUTRE,PESSIMISTE,NSP,CONTRE,Responsabilité individuelle,Economie: privé seulement,Feministre: NEUTRE féministe,Feministre: NEUTRE féministe,Risque facile,PCQ,PCC,Homme,Francophones,60 ans et plus,Né Canada,Collégial,Revenus bas
Ind_2247,-2.370148,-1.002873,-1.401381,Sou_OUI,POUR,POUR,CONTRE,POUR,POUR,POUR,ACCORD,ACCORD,OPTIMISTE,NEUTRE,OPTIMISTE,NEUTRE,Responsabilité mixte,Economie: privé et public,Féministe: POUR féministe,Féministe: POUR féministe,Risque difficile,PQ,PLC,Homme,Francophones,60 ans et plus,Né Canada,Universitaire,Revenus moyens
Ind_2248,-2.342206,0.333356,-0.775717,Sou_OUI,POUR,CONTRE,CONTRE,POUR,POUR,POUR,ACCORD,DÉSACCORD,OPTIMISTE,OPTIMISTE,OPTIMISTE,CONTRE,Responsabilité mixte,Economie: privé seulement,Féministe: POUR féministe,Féministe: POUR féministe,Risque facile,PQ,BQ,Homme,Francophones,40-59 ans,Né Canada,Secondaire,NSP
Ind_2249,-1.602868,0.414979,0.95272,Sou_NSP,POUR,POUR,CONTRE,POUR,POUR,POUR,NEUTRE,ACCORD,OPTIMISTE,PESSIMISTE,OPTIMISTE,CONTRE,Responsabilité individuelle,Economie: neutre,Feministre: NEUTRE féministe,Feministre: NEUTRE féministe,Risque facile,NSP,Vote fed: NSP,Femme,Francophones,60 ans et plus,Né Canada,Collégial,NSP
Ind_2250,-2.645245,-0.141591,0.506222,Sou_OUI,POUR,POUR,CONTRE,POUR,POUR,POUR,NSP,DÉSACCORD,OPTIMISTE,OPTIMISTE,OPTIMISTE,CONTRE,Responsabilité mixte,Economie: neutre,Féministe: POUR féministe,Feministre: NEUTRE féministe,NSP,PQ,BQ,Femme,Francophones,18-39 ans,Né Canada,Collégial,Revenus bas
Ind_2251,-0.252213,0.41065,0.801953,Sou_NSP,CONTRE,POUR,POUR,POUR,NEUTRE,NEUTRE,DÉSACCORD,DÉSACCORD,NEUTRE,NEUTRE,NEUTRE,CONTRE,Responsabilité mixte,Economie: privé et public,NSP,NSP,Risque facile,NSP,PLC,Homme,Francophones,60 ans et plus,Né Canada,Universitaire,NSP
Ind_2252,1.876527,0.892003,-0.878763,Sou_NON,CONTRE,CONTRE,POUR,CONTRE,CONTRE,CONTRE,DÉSACCORD,NEUTRE,NEUTRE,PESSIMISTE,PESSIMISTE,POUR,Responsabilité collective,Economie: privé et public,Feministre: NEUTRE féministe,Feministe: CONTRE féministe,Risque facile,PLQ,PLC,Homme,Francophones,60 ans et plus,Né Canada,Collégial,Revenus bas
Ind_2253,1.011622,0.322699,-0.795738,Sou_NON,CONTRE,CONTRE,POUR,POUR,CONTRE,CONTRE,NEUTRE,NEUTRE,PESSIMISTE,PESSIMISTE,OPTIMISTE,CONTRE,Responsabilité individuelle,Economie: privé et public,Féministe: POUR féministe,Féministe: POUR féministe,Risque facile,NSP,PLC,Homme,Francophones,40-59 ans,Né Canada,Secondaire,Revenus élevés
Ind_2254,1.493074,-1.436752,-1.280399,Sou_NON,CONTRE,CONTRE,POUR,CONTRE,CONTRE,POUR,ACCORD,ACCORD,OPTIMISTE,PESSIMISTE,PESSIMISTE,NEUTRE,Responsabilité collective,Economie: privé et public,Féministe: POUR féministe,Féministe: POUR féministe,Risque difficile,NSP,PLC,Femme,Non francophones,60 ans et plus,Né Canada,Collégial,Revenus moyens
Ind_2255,-0.404851,1.377512,-0.475802,Sou_NON,POUR,POUR,POUR,POUR,POUR,POUR,NEUTRE,ACCORD,PESSIMISTE,PESSIMISTE,OPTIMISTE,CONTRE,Responsabilité individuelle,Economie: privé seulement,Feministre: NEUTRE féministe,Feministre: NEUTRE féministe,Risque facile,PLQ,PLC,Homme,Non francophones,40-59 ans,Né Canada,Universitaire,Revenus bas
Ind_2256,1.643565,0.443054,1.177253,Sou_NON,CONTRE,CONTRE,POUR,CONTRE,CONTRE,CONTRE,NEUTRE,DÉSACCORD,NEUTRE,PESSIMISTE,NEUTRE,CONTRE,Responsabilité collective,Economie: neutre,Feministre: NEUTRE féministe,Feministre: NEUTRE féministe,Risque difficile,NSP,Vote fed: NSP,Femme,Francophones,60 ans et plus,Né Canada,Collégial,Revenus bas
Ind_2257,-0.955034,-1.288552,-1.135987,Sou_OUI,POUR,POUR,POUR,POUR,CONTRE,CONTRE,ACCORD,NEUTRE,OPTIMISTE,NEUTRE,OPTIMISTE,CONTRE,Responsabilité collective,Economie: privé et public,Féministe: POUR féministe,Féministe: POUR féministe,Risque facile,QS,NPD,Femme,Francophones,18-39 ans,Né Canada,Universitaire,Revenus moyens
Ind_2258,1.80475,-0.600533,-0.722379,Sou_NON,CONTRE,CONTRE,POUR,CONTRE,CONTRE,CONTRE,ACCORD,ACCORD,NSP,PESSIMISTE,OPTIMISTE,NEUTRE,Responsabilité individuelle,Economie: neutre,Feministe: CONTRE féministe,Féministe: POUR féministe,Risque difficile,PLQ,PLC,Femme,Francophones,40-59 ans,Né Ailleurs,Universitaire,Revenus élevés
Ind_2259,1.733961,-0.999035,-1.364547,Sou_NON,CONTRE,CONTRE,POUR,CONTRE,CONTRE,POUR,ACCORD,DÉSACCORD,PESSIMISTE,PESSIMISTE,PESSIMISTE,POUR,Responsabilité collective,Economie: privé et public,Féministe: POUR féministe,Féministe: POUR féministe,Risque difficile,PLQ,PLC,Femme,Non francophones,60 ans et plus,Né Canada,Collégial,Revenus bas
Ind_2260,1.720995,-0.901407,-1.660098,Sou_NON,CONTRE,CONTRE,POUR,NEUTRE,CONTRE,CONTRE,ACCORD,ACCORD,NEUTRE,PESSIMISTE,PESSIMISTE,POUR,Responsabilité collective,Economie: privé et public,Féministe: POUR féministe,Féministe: POUR féministe,Risque facile,QS,PLC,Homme,Francophones,18-39 ans,Né Canada,Universitaire,NSP
Ind_2261,-0.266267,-0.212147,1.670514,Sou_NON,POUR,NSP,POUR,NEUTRE,NEUTRE,NEUTRE,NEUTRE,ACCORD,NSP,NSP,OPTIMISTE,NEUTRE,Responsabilité mixte,Economie: neutre,Feministre: NEUTRE féministe,Feministre: NEUTRE féministe,Risque difficile,PQ,PLC,Homme,Francophones,18-39 ans,Né Canada,Secondaire,Revenus bas
Ind_2262,-2.039801,1.391546,0.221528,Sou_OUI,POUR,POUR,POUR,POUR,POUR,POUR,DÉSACCORD,DÉSACCORD,NEUTRE,NEUTRE,OPTIMISTE,CONTRE,Responsabilité individuelle,Economie: neutre,Feministre: NEUTRE féministe,Feministre: NEUTRE féministe,Risque difficile,PQ,BQ,Homme,Francophones,40-59 ans,Né Canada,Universitaire,Revenus moyens
Ind_2263,0.307712,0.726866,0.727916,Sou_NON,CONTRE,POUR,POUR,CONTRE,CONTRE,CONTRE,ACCORD,DÉSACCORD,PESSIMISTE,NEUTRE,OPTIMISTE,CONTRE,Responsabilité individuelle,Economie: neutre,Feministre: NEUTRE féministe,Feministre: NEUTRE féministe,Risque difficile,PQ,BQ,Femme,Francophones,60 ans et plus,Né Canada,Secondaire,Revenus bas
Ind_2264,0.278641,0.535724,-0.43363,Sou_NON,CONTRE,POUR,POUR,POUR,POUR,CONTRE,DÉSACCORD,DÉSACCORD,PESSIMISTE,PESSIMISTE,OPTIMISTE,POUR,Responsabilité individuelle,Economie: privé et public,Feministe: CONTRE féministe,Feministre: NEUTRE féministe,Risque difficile,CAQ,PLC,Femme,Francophones,40-59 ans,Né Canada,Universitaire,Revenus moyens
Ind_2265,-2.317481,-1.02107,-0.660215,Sou_OUI,POUR,POUR,POUR,POUR,POUR,POUR,NEUTRE,DÉSACCORD,OPTIMISTE,OPTIMISTE,OPTIMISTE,CONTRE,Responsabilité collective,Economie: privé et public,Féministe: POUR féministe,Féministe: POUR féministe,Risque difficile,PQ,BQ,Femme,Francophones,18-39 ans,Né Canada,Universitaire,Revenus bas
Ind_2266,1.65791,0.654641,-0.508131,Sou_NON,CONTRE,POUR,POUR,CONTRE,CONTRE,CONTRE,ACCORD,ACCORD,NEUTRE,PESSIMISTE,PESSIMISTE,NEUTRE,Responsabilité individuelle,Economie: privé seulement,Feministe: CONTRE féministe,Feministe: CONTRE féministe,Risque difficile,PLQ,PCC,Homme,Francophones,60 ans et plus,Né Ailleurs,Universitaire,NSP
Ind_2267,-1.312372,-1.191084,0.663707,Sou_NSP,POUR,POUR,CONTRE,POUR,NEUTRE,NEUTRE,ACCORD,NEUTRE,NEUTRE,NSP,OPTIMISTE,CONTRE,Responsabilité mixte,Economie: neutre,Féministe: POUR féministe,Féministe: POUR féministe,Risque facile,PQ,PLC,Femme,Francophones,60 ans et plus,Né Canada,Collégial,NSP
Ind_2268,0.46463,-0.326275,-1.643548,Sou_NON,POUR,CONTRE,POUR,POUR,CONTRE,CONTRE,ACCORD,ACCORD,PESSIMISTE,OPTIMISTE,OPTIMISTE,POUR,Responsabilité individuelle,Economie: neutre,Féministe: POUR féministe,Féministe: POUR féministe,Risque facile,PLQ,NPD,Homme,Non francophones,18-39 ans,Né Canada,Universitaire,Revenus élevés
Ind_2269,-0.36397,-0.603405,-0.848439,Sou_NON,CONTRE,CONTRE,POUR,POUR,POUR,POUR,NEUTRE,NEUTRE,OPTIMISTE,NEUTRE,OPTIMISTE,NEUTRE,Responsabilité mixte,Economie: privé et public,Féministe: POUR féministe,Féministe: POUR féministe,Risque difficile,PLQ,PLC,Homme,Francophones,60 ans et plus,Né Canada,Collégial,Revenus moyens
Ind_2270,-2.775347,0.337118,-0.343794,Sou_OUI,POUR,POUR,CONTRE,POUR,POUR,POUR,NEUTRE,DÉSACCORD,OPTIMISTE,NEUTRE,OPTIMISTE,CONTRE,Responsabilité collective,Economie: privé et public,Feministre: NEUTRE féministe,Féministe: POUR féministe,Risque difficile,PQ,BQ,Homme,Francophones,60 ans et plus,Né Canada,Collégial,Revenus bas
Ind_2271,-1.46187,0.946228,0.322424,Sou_OUI,POUR,POUR,POUR,POUR,CONTRE,CONTRE,NEUTRE,NEUTRE,OPTIMISTE,OPTIMISTE,OPTIMISTE,CONTRE,Responsabilité collective,Economie: privé seulement,Feministre: NEUTRE féministe,Feministre: NEUTRE féministe,Risque difficile,PQ,BQ,Homme,Francophones,60 ans et plus,Né Canada,Secondaire,Revenus bas
Ind_2272,1.84963,0.981931,0.319361,Sou_NON,CONTRE,CONTRE,POUR,CONTRE,CONTRE,CONTRE,DÉSACCORD,DÉSACCORD,NEUTRE,PESSIMISTE,PESSIMISTE,POUR,Responsabilité individuelle,Economie: neutre,Feministre: NEUTRE féministe,Feministre: NEUTRE féministe,Risque facile,NSP,NPD,Femme,Francophones,40-59 ans,Né Canada,Collégial,NSP
Ind_2273,0.392336,-0.460969,0.42038,Sou_NON,CONTRE,POUR,POUR,NEUTRE,CONTRE,CONTRE,NEUTRE,DÉSACCORD,OPTIMISTE,NEUTRE,NSP,NEUTRE,Responsabilité mixte,Economie: privé seulement,Féministe: POUR féministe,Féministe: POUR féministe,Risque facile,CAQ,NPD,Femme,Francophones,60 ans et plus,Né Canada,Collégial,Revenus bas
Ind_2274,1.576781,-0.31033,-0.818346,Sou_NON,CONTRE,CONTRE,NSP,CONTRE,CONTRE,CONTRE,ACCORD,DÉSACCORD,NSP,PESSIMISTE,PESSIMISTE,POUR,Responsabilité collective,Economie: privé et public,NSP,NSP,Risque difficile,QS,NPD,Homme,Francophones,18-39 ans,Né Ailleurs,Universitaire,Revenus moyens
Ind_2275,-2.271811,-0.227031,-0.474451,Sou_OUI,POUR,CONTRE,CONTRE,POUR,POUR,POUR,ACCORD,DÉSACCORD,OPTIMISTE,OPTIMISTE,OPTIMISTE,CONTRE,Responsabilité individuelle,Economie: privé seulement,Féministe: POUR féministe,Féministe: POUR féministe,Risque difficile,PQ,BQ,Femme,Francophones,60 ans et plus,Né Canada,Secondaire,Revenus bas
Ind_2276,0.955159,0.950113,0.793114,Sou_NON,CONTRE,CONTRE,CONTRE,CONTRE,POUR,CONTRE,NEUTRE,NEUTRE,PESSIMISTE,PESSIMISTE,NEUTRE,CONTRE,Responsabilité individuelle,Economie: privé seulement,Feministre: NEUTRE féministe,Feministre: NEUTRE féministe,Risque difficile,PCQ,PCC,Femme,Francophones,40-59 ans,Né Canada,Secondaire,Revenus élevés
Ind_2277,1.440592,-0.895477,0.357829,Sou_NON,CONTRE,POUR,POUR,CONTRE,CONTRE,NSP,ACCORD,ACCORD,PESSIMISTE,PESSIMISTE,NSP,NEUTRE,Responsabilité mixte,Economie: privé seulement,NSP,Féministe: POUR féministe,NSP,NSP,PLC,Femme,Non francophones,60 ans et plus,Né Canada,Secondaire,Revenus bas
Ind_2278,-2.169129,0.89882,0.131872,Sou_NON,POUR,POUR,CONTRE,POUR,POUR,POUR,ACCORD,DÉSACCORD,OPTIMISTE,NEUTRE,OPTIMISTE,CONTRE,Responsabilité mixte,Economie: privé seulement,Feministe: CONTRE féministe,Feministe: CONTRE féministe,Risque difficile,PQ,BQ,Homme,Francophones,60 ans et plus,Né Canada,Collégial,Revenus bas
Ind_2279,0.72528,-1.802332,-1.032263,Sou_NON,CONTRE,POUR,POUR,POUR,CONTRE,CONTRE,ACCORD,ACCORD,NEUTRE,PESSIMISTE,NEUTRE,POUR,Responsabilité collective,Economie: privé et public,Féministe: POUR féministe,Féministe: POUR féministe,Risque difficile,PQ,NPD,Femme,Francophones,18-39 ans,Né Canada,Universitaire,Revenus bas
Ind_2280,1.348625,-0.224968,-0.704083,Sou_NON,CONTRE,CONTRE,POUR,CONTRE,POUR,POUR,ACCORD,NEUTRE,NEUTRE,PESSIMISTE,PESSIMISTE,CONTRE,Responsabilité individuelle,Economie: privé et public,Feministre: NEUTRE féministe,Féministe: POUR féministe,Risque difficile,PLQ,PCC,Femme,Non francophones,40-59 ans,Né Canada,Universitaire,Revenus bas
Ind_2281,-2.318041,0.169671,0.486469,Sou_OUI,POUR,POUR,CONTRE,POUR,POUR,POUR,NSP,NSP,NEUTRE,NSP,OPTIMISTE,CONTRE,Responsabilité individuelle,Economie: neutre,Féministe: POUR féministe,NSP,Risque difficile,PQ,BQ,Homme,Francophones,60 ans et plus,Né Canada,Secondaire,Revenus moyens
Ind_2282,0.925635,-0.264392,0.090197,Sou_NON,CONTRE,CONTRE,POUR,POUR,NEUTRE,CONTRE,NEUTRE,NEUTRE,NSP,NEUTRE,PESSIMISTE,NEUTRE,Responsabilité individuelle,Economie: privé et public,Feministre: NEUTRE féministe,Féministe: POUR féministe,Risque facile,NSP,PLC,Femme,Francophones,60 ans et plus,Né Canada,Collégial,Revenus bas
Ind_2283,0.563038,0.752315,-0.583136,Sou_NON,CONTRE,CONTRE,POUR,POUR,CONTRE,POUR,DÉSACCORD,NEUTRE,OPTIMISTE,NEUTRE,NSP,CONTRE,Responsabilité individuelle,Economie: privé et public,Feministre: NEUTRE féministe,Feministre: NEUTRE féministe,Risque difficile,PLQ,PLC,Homme,Non francophones,18-39 ans,Né Canada,Universitaire,Revenus moyens
Ind_2284,1.676249,-0.656198,-0.994097,Sou_NON,CONTRE,CONTRE,POUR,CONTRE,CONTRE,CONTRE,ACCORD,ACCORD,NEUTRE,PESSIMISTE,PESSIMISTE,CONTRE,Responsabilité individuelle,Economie: privé et public,Féministe: POUR féministe,Féministe: POUR féministe,Risque facile,QS,BQ,Femme,Francophones,18-39 ans,Né Canada,Collégial,Revenus moyens
Ind_2285,1.522263,-0.966725,1.347431,Sou_NON,CONTRE,NSP,NSP,CONTRE,CONTRE,CONTRE,NEUTRE,NSP,NEUTRE,PESSIMISTE,PESSIMISTE,NEUTRE,Responsabilité mixte,Economie: neutre,NSP,Féministe: POUR féministe,Risque difficile,NSP,Vote fed: NSP,Femme,Francophones,40-59 ans,Né Canada,Secondaire,Revenus bas
Ind_2286,-0.268706,-1.152801,0.741835,Sou_NSP,CONTRE,POUR,POUR,POUR,NEUTRE,NEUTRE,NEUTRE,NEUTRE,NEUTRE,NEUTRE,NEUTRE,CONTRE,Responsabilité individuelle,Economie: privé et public,Féministe: POUR féministe,Féministe: POUR féministe,Risque difficile,PQ,PLC,Femme,Francophones,40-59 ans,Né Canada,Collégial,Revenus bas
Ind_2287,0.979678,0.689527,-0.173264,Sou_NON,CONTRE,CONTRE,POUR,POUR,CONTRE,NEUTRE,ACCORD,DÉSACCORD,NEUTRE,PESSIMISTE,OPTIMISTE,NEUTRE,Responsabilité individuelle,Economie: privé seulement,NSP,Feministe: CONTRE féministe,Risque difficile,PLQ,PLC,Homme,Francophones,60 ans et plus,Né Canada,Collégial,Revenus moyens
Ind_2288,0.144791,0.307407,0.528775,Sou_NON,CONTRE,NSP,CONTRE,POUR,NSP,CONTRE,NSP,NSP,OPTIMISTE,PESSIMISTE,NSP,NSP,NSP,Economie: privé et public,Feministre: NEUTRE féministe,Feministre: NEUTRE féministe,Risque facile,NSP,Vote fed: NSP,Homme,Francophones,60 ans et plus,Né Canada,Universitaire,NSP
Ind_2289,-2.524985,1.097386,-0.010272,Sou_OUI,POUR,POUR,CONTRE,POUR,POUR,POUR,DÉSACCORD,DÉSACCORD,OPTIMISTE,OPTIMISTE,OPTIMISTE,CONTRE,Responsabilité individuelle,Economie: privé et public,Feministe: CONTRE féministe,Feministre: NEUTRE féministe,Risque difficile,PQ,Vote fed: NSP,Homme,Francophones,18-39 ans,Né Canada,Collégial,Revenus élevés
Ind_2290,-0.062633,1.452543,0.765695,Sou_NSP,POUR,POUR,POUR,POUR,CONTRE,CONTRE,DÉSACCORD,DÉSACCORD,NEUTRE,NSP,NEUTRE,CONTRE,Responsabilité mixte,Economie: privé seulement,Feministe: CONTRE féministe,Feministre: NEUTRE féministe,Risque facile,PCQ,PCC,Homme,Non francophones,18-39 ans,Né Canada,Collégial,Revenus bas
Ind_2291,-2.576019,1.713973,-0.227746,Sou_OUI,POUR,POUR,CONTRE,POUR,POUR,POUR,DÉSACCORD,DÉSACCORD,OPTIMISTE,NEUTRE,OPTIMISTE,CONTRE,Responsabilité individuelle,Economie: neutre,Feministe: CONTRE féministe,Feministe: CONTRE féministe,Risque facile,PQ,PCC,Homme,Francophones,60 ans et plus,Né Canada,Universitaire,Revenus bas
Ind_2292,2.029876,0.14917,0.243577,Sou_NON,CONTRE,CONTRE,POUR,CONTRE,CONTRE,CONTRE,NEUTRE,NEUTRE,NEUTRE,PESSIMISTE,PESSIMISTE,CONTRE,Responsabilité mixte,Economie: neutre,Feministe: CONTRE féministe,Féministe: POUR féministe,Risque difficile,NSP,NSP,Homme,Non francophones,18-39 ans,Né Canada,Collégial,NSP
Ind_2293,-2.345913,1.325507,-0.556487,Sou_OUI,POUR,CONTRE,CONTRE,POUR,POUR,POUR,DÉSACCORD,DÉSACCORD,OPTIMISTE,OPTIMISTE,OPTIMISTE,CONTRE,Responsabilité mixte,Economie: privé et public,Feministe: CONTRE féministe,Feministe: CONTRE féministe,Risque facile,PQ,BQ,Homme,Francophones,40-59 ans,Né Canada,Collégial,Revenus élevés
Ind_2294,1.856911,0.768571,-1.081159,Sou_NON,CONTRE,CONTRE,POUR,CONTRE,CONTRE,POUR,ACCORD,ACCORD,PESSIMISTE,PESSIMISTE,PESSIMISTE,NEUTRE,Responsabilité individuelle,Economie: neutre,Feministre: NEUTRE féministe,Feministe: CONTRE féministe,Risque facile,PLQ,PLC,Homme,Non francophones,60 ans et plus,Né Ailleurs,Universitaire,NSP
Ind_2295,0.46499,-2.312304,0.417791,Sou_NSP,CONTRE,POUR,NSP,NEUTRE,CONTRE,NEUTRE,ACCORD,ACCORD,NSP,PESSIMISTE,NSP,POUR,Responsabilité collective,Economie: privé et public,Féministe: POUR féministe,Féministe: POUR féministe,Risque difficile,NSP,Vote fed: NSP,Femme,Francophones,40-59 ans,Né Canada,Universitaire,NSP
Ind_2296,-1.641725,-0.557836,0.916625,Sou_OUI,POUR,NSP,NSP,POUR,POUR,NEUTRE,NEUTRE,DÉSACCORD,OPTIMISTE,OPTIMISTE,OPTIMISTE,CONTRE,Responsabilité individuelle,Economie: neutre,Féministe: POUR féministe,Féministe: POUR féministe,NSP,NSP,Vote fed: NSP,Femme,Francophones,40-59 ans,Né Canada,Secondaire,Revenus élevés
Ind_2297,-1.391229,0.871888,0.561536,Sou_NSP,POUR,POUR,CONTRE,POUR,NEUTRE,NEUTRE,DÉSACCORD,DÉSACCORD,NEUTRE,NEUTRE,OPTIMISTE,CONTRE,Responsabilité mixte,Economie: privé et public,Feministre: NEUTRE féministe,Feministre: NEUTRE féministe,Risque facile,NSP,PLC,Homme,Francophones,60 ans et plus,Né Canada,Universitaire,NSP
Ind_2298,1.81585,0.001798,0.480154,Sou_NON,CONTRE,CONTRE,POUR,CONTRE,CONTRE,CONTRE,NEUTRE,NEUTRE,NEUTRE,PESSIMISTE,NEUTRE,CONTRE,Responsabilité collective,Economie: neutre,Feministre: NEUTRE féministe,Feministre: NEUTRE féministe,Risque difficile,CAQ,PLC,Femme,Francophones,18-39 ans,Né Canada,Universitaire,Revenus bas
Ind_2299,-1.980013,-0.127226,-0.056442,Sou_OUI,POUR,CONTRE,CONTRE,POUR,POUR,POUR,NEUTRE,DÉSACCORD,PESSIMISTE,OPTIMISTE,OPTIMISTE,CONTRE,Responsabilité mixte,Economie: privé et public,Feministre: NEUTRE féministe,Féministe: POUR féministe,Risque difficile,PQ,BQ,Femme,Francophones,40-59 ans,Né Canada,Collégial,Revenus moyens
Ind_2300,-0.825697,-0.500853,-0.05885,Sou_NON,POUR,POUR,POUR,NEUTRE,NEUTRE,NEUTRE,ACCORD,NEUTRE,OPTIMISTE,OPTIMISTE,NEUTRE,NEUTRE,Responsabilité mixte,Economie: privé et public,Feministre: NEUTRE féministe,Féministe: POUR féministe,Risque facile,PQ,BQ,Homme,Francophones,18-39 ans,Né Canada,Universitaire,Revenus moyens
Ind_2301,-2.087188,-0.714024,0.340172,Sou_OUI,NSP,POUR,CONTRE,POUR,POUR,NSP,ACCORD,DÉSACCORD,OPTIMISTE,NSP,OPTIMISTE,CONTRE,Responsabilité individuelle,Economie: neutre,Féministe: POUR féministe,Féministe: POUR féministe,Risque difficile,PQ,BQ,Femme,Francophones,60 ans et plus,Né Canada,Collégial,Revenus bas
Ind_2302,0.136094,-1.298345,1.529424,Sou_OUI,NSP,NSP,CONTRE,CONTRE,CONTRE,NEUTRE,NSP,NSP,PESSIMISTE,PESSIMISTE,NSP,CONTRE,Responsabilité mixte,Economie: privé et public,NSP,Féministe: POUR féministe,Risque difficile,Vote prov: NSP,Vote fed: NSP,Femme,Francophones,18-39 ans,Né Canada,Secondaire,Revenus bas
Ind_2303,-2.383027,0.320987,-0.471387,Sou_OUI,POUR,POUR,POUR,POUR,POUR,POUR,DÉSACCORD,ACCORD,OPTIMISTE,OPTIMISTE,OPTIMISTE,CONTRE,Responsabilité individuelle,Economie: neutre,Féministe: POUR féministe,Féministe: POUR féministe,Risque facile,PQ,BQ,Homme,Francophones,18-39 ans,Né Canada,Secondaire,Revenus bas
Ind_2304,1.586625,0.32865,-1.290474,Sou_NON,CONTRE,CONTRE,POUR,CONTRE,CONTRE,CONTRE,DÉSACCORD,NEUTRE,OPTIMISTE,PESSIMISTE,PESSIMISTE,NEUTRE,Responsabilité collective,Economie: privé et public,Feministe: CONTRE féministe,Féministe: POUR féministe,Risque facile,NSP,PLC,Homme,Francophones,40-59 ans,Né Canada,Universitaire,Revenus élevés
Ind_2305,1.329236,-1.101783,-1.539155,Sou_NON,CONTRE,CONTRE,POUR,CONTRE,CONTRE,CONTRE,ACCORD,ACCORD,OPTIMISTE,PESSIMISTE,OPTIMISTE,POUR,Responsabilité collective,Economie: privé et public,Féministe: POUR féministe,Féministe: POUR féministe,Risque difficile,Vote prov: NSP,Vote fed: NSP,Homme,Non francophones,18-39 ans,Né Canada,Universitaire,Revenus bas
Ind_2306,-0.077419,0.851539,0.346679,Sou_NON,NSP,POUR,CONTRE,CONTRE,CONTRE,NSP,DÉSACCORD,DÉSACCORD,NSP,NSP,NEUTRE,NEUTRE,Responsabilité individuelle,Economie: privé et public,Feministe: CONTRE féministe,Feministe: CONTRE féministe,Risque facile,CAQ,Vote fed: NSP,Homme,Francophones,60 ans et plus,Né Canada,Universitaire,Revenus bas
Ind_2307,1.302257,2.077443,0.320827,Sou_NON,CONTRE,CONTRE,POUR,POUR,CONTRE,CONTRE,DÉSACCORD,DÉSACCORD,PESSIMISTE,PESSIMISTE,PESSIMISTE,CONTRE,Responsabilité individuelle,Economie: privé seulement,Feministe: CONTRE féministe,Feministre: NEUTRE féministe,Risque difficile,PCQ,PCC,Homme,Francophones,40-59 ans,Né Canada,Secondaire,Revenus bas
Ind_2308,1.577117,1.795795,0.059089,Sou_NON,CONTRE,CONTRE,NSP,CONTRE,CONTRE,CONTRE,DÉSACCORD,ACCORD,PESSIMISTE,PESSIMISTE,PESSIMISTE,CONTRE,Responsabilité individuelle,Economie: privé seulement,Feministe: CONTRE féministe,Feministe: CONTRE féministe,Risque facile,PCQ,PCC,Homme,Francophones,40-59 ans,Né Canada,Secondaire,NSP
Ind_2309,1.546552,-0.316575,1.10348,Sou_NON,CONTRE,NSP,NSP,CONTRE,CONTRE,NSP,NSP,NSP,NSP,PESSIMISTE,PESSIMISTE,CONTRE,Responsabilité collective,Economie: neutre,Feministre: NEUTRE féministe,Feministe: CONTRE féministe,Risque difficile,CAQ,PLC,Femme,Non francophones,40-59 ans,Né Canada,Secondaire,NSP
Ind_2310,-2.497767,-0.072428,-0.783039,Sou_OUI,POUR,POUR,CONTRE,POUR,POUR,POUR,ACCORD,ACCORD,OPTIMISTE,NEUTRE,OPTIMISTE,POUR,Responsabilité collective,Economie: neutre,Feministre: NEUTRE féministe,Féministe: POUR féministe,Risque facile,PQ,BQ,Homme,Francophones,40-59 ans,Né Ailleurs,Collégial,Revenus bas
Ind_2311,-2.712271,1.316078,-0.392296,Sou_OUI,POUR,POUR,CONTRE,POUR,POUR,POUR,ACCORD,DÉSACCORD,OPTIMISTE,NEUTRE,OPTIMISTE,CONTRE,Responsabilité individuelle,Economie: privé et public,Feministre: NEUTRE féministe,Feministre: NEUTRE féministe,Risque facile,PQ,BQ,Homme,Francophones,60 ans et plus,Né Canada,Collégial,Revenus bas
Ind_2312,1.549876,0.452459,0.182202,Sou_NON,CONTRE,CONTRE,POUR,NEUTRE,CONTRE,CONTRE,DÉSACCORD,DÉSACCORD,NSP,PESSIMISTE,PESSIMISTE,CONTRE,Responsabilité individuelle,Economie: privé et public,Feministe: CONTRE féministe,Feministe: CONTRE féministe,Risque difficile,Vote prov: NSP,PVQ,Femme,Francophones,18-39 ans,Né Canada,Universitaire,Revenus bas
Ind_2313,1.902837,-0.687732,-1.470501,Sou_NON,CONTRE,CONTRE,POUR,CONTRE,CONTRE,CONTRE,ACCORD,ACCORD,NEUTRE,PESSIMISTE,OPTIMISTE,POUR,Responsabilité mixte,Economie: neutre,Féministe: POUR féministe,Féministe: POUR féministe,Risque difficile,PLQ,PLC,Homme,Non francophones,40-59 ans,Né Ailleurs,Universitaire,Revenus moyens
Ind_2314,1.907651,-0.237503,-0.019904,Sou_NON,CONTRE,CONTRE,POUR,CONTRE,CONTRE,CONTRE,NSP,NEUTRE,NEUTRE,PESSIMISTE,NEUTRE,POUR,Responsabilité collective,Economie: privé et public,Feministre: NEUTRE féministe,Feministre: NEUTRE féministe,Risque difficile,PLQ,PLC,Femme,Francophones,60 ans et plus,Né Canada,Collégial,Revenus bas
Ind_2315,0.062534,-0.35931,0.179559,Sou_NON,CONTRE,NSP,POUR,POUR,NSP,NSP,NEUTRE,ACCORD,NEUTRE,PESSIMISTE,OPTIMISTE,CONTRE,Responsabilité individuelle,Economie: privé et public,NSP,Féministe: POUR féministe,Risque facile,PQ,BQ,Femme,Francophones,40-59 ans,Né Canada,Secondaire,Revenus moyens
Ind_2316,-2.137008,1.040634,0.189279,Sou_OUI,POUR,POUR,POUR,POUR,POUR,POUR,DÉSACCORD,DÉSACCORD,OPTIMISTE,NSP,OPTIMISTE,CONTRE,Responsabilité mixte,Economie: neutre,Feministe: CONTRE féministe,Féministe: POUR féministe,Risque facile,PQ,PCC,Homme,Francophones,60 ans et plus,Né Canada,Secondaire,NSP
Ind_2317,0.959014,0.821414,1.241957,Sou_NON,CONTRE,CONTRE,POUR,NEUTRE,NSP,CONTRE,DÉSACCORD,NSP,NSP,PESSIMISTE,NSP,NEUTRE,Responsabilité mixte,Economie: privé seulement,Feministre: NEUTRE féministe,Feministre: NEUTRE féministe,Risque difficile,PCQ,BQ,Homme,Francophones,60 ans et plus,Né Canada,Collégial,Revenus bas
Ind_2318,-1.002367,0.66947,0.576144,Sou_NON,CONTRE,POUR,POUR,POUR,POUR,NEUTRE,NEUTRE,DÉSACCORD,OPTIMISTE,OPTIMISTE,OPTIMISTE,CONTRE,Responsabilité mixte,Economie: neutre,Feministre: NEUTRE féministe,Féministe: POUR féministe,Risque difficile,PQ,PCC,Homme,Francophones,60 ans et plus,Né Canada,Collégial,Revenus moyens
Ind_2319,-1.404986,-0.822516,0.156954,Sou_OUI,POUR,POUR,POUR,POUR,NEUTRE,POUR,NSP,NSP,NEUTRE,OPTIMISTE,NSP,NEUTRE,Responsabilité collective,Economie: privé et public,Feministe: CONTRE féministe,Féministe: POUR féministe,Risque facile,PQ,BQ,Femme,Francophones,40-59 ans,Né Canada,Collégial,Revenus élevés
Ind_2320,-0.832682,-0.589488,1.009101,Sou_NSP,POUR,POUR,CONTRE,NEUTRE,CONTRE,NEUTRE,NEUTRE,DÉSACCORD,OPTIMISTE,PESSIMISTE,NEUTRE,CONTRE,Responsabilité mixte,Economie: privé seulement,Féministe: POUR féministe,Féministe: POUR féministe,Risque difficile,CAQ,BQ,Femme,Francophones,60 ans et plus,Né Canada,Secondaire,Revenus bas
Ind_2321,1.018661,0.129853,0.53649,Sou_NON,CONTRE,POUR,POUR,NEUTRE,CONTRE,NEUTRE,NEUTRE,ACCORD,NSP,PESSIMISTE,NEUTRE,NEUTRE,Responsabilité individuelle,Economie: neutre,Féministe: POUR féministe,Feministe: CONTRE féministe,Risque facile,Vote prov: NSP,Vote fed: NSP,Homme,Non francophones,40-59 ans,Né Canada,Collégial,Revenus moyens
Ind_2322,1.036528,1.195328,0.072796,Sou_NON,CONTRE,CONTRE,POUR,CONTRE,CONTRE,CONTRE,ACCORD,DÉSACCORD,PESSIMISTE,NEUTRE,NEUTRE,CONTRE,Responsabilité collective,Economie: neutre,Feministe: CONTRE féministe,Feministe: CONTRE féministe,Risque facile,CAQ,BQ,Homme,Francophones,60 ans et plus,Né Canada,Collégial,Revenus bas
Ind_2323,2.220795,0.096522,-0.660545,Sou_NON,CONTRE,CONTRE,POUR,CONTRE,CONTRE,CONTRE,ACCORD,ACCORD,NEUTRE,PESSIMISTE,PESSIMISTE,CONTRE,Responsabilité collective,Economie: privé et public,Feministe: CONTRE féministe,Feministe: CONTRE féministe,Risque facile,PCQ,PCC,Femme,Non francophones,18-39 ans,Né Ailleurs,Collégial,Revenus bas
Ind_2324,-1.211168,1.626456,-0.713028,Sou_NON,POUR,POUR,CONTRE,POUR,POUR,CONTRE,DÉSACCORD,DÉSACCORD,OPTIMISTE,PESSIMISTE,OPTIMISTE,CONTRE,Responsabilité individuelle,Economie: privé et public,Feministe: CONTRE féministe,Feministe: CONTRE féministe,Risque facile,PQ,PLC,Homme,Francophones,40-59 ans,Né Canada,Collégial,Revenus moyens
Ind_2325,1.473793,0.638281,0.347048,Sou_NON,CONTRE,CONTRE,POUR,NEUTRE,CONTRE,CONTRE,DÉSACCORD,DÉSACCORD,NEUTRE,PESSIMISTE,PESSIMISTE,CONTRE,Responsabilité mixte,Economie: privé et public,Feministe: CONTRE féministe,Féministe: POUR féministe,Risque difficile,NSP,Vote fed: NSP,Homme,Francophones,60 ans et plus,Né Canada,Collégial,Revenus bas
Ind_2326,1.980715,-0.247066,0.525956,Sou_NON,CONTRE,CONTRE,POUR,CONTRE,CONTRE,CONTRE,ACCORD,DÉSACCORD,NEUTRE,PESSIMISTE,PESSIMISTE,NEUTRE,Responsabilité mixte,Economie: neutre,NSP,NSP,Risque difficile,NSP,PLC,Femme,Francophones,60 ans et plus,Né Canada,Secondaire,Revenus bas
Ind_2327,-2.378336,-0.212245,-0.42752,Sou_OUI,POUR,CONTRE,CONTRE,POUR,POUR,POUR,DÉSACCORD,DÉSACCORD,OPTIMISTE,OPTIMISTE,OPTIMISTE,NEUTRE,Responsabilité mixte,Economie: neutre,Féministe: POUR féministe,Féministe: POUR féministe,Risque facile,PQ,BQ,Femme,Francophones,60 ans et plus,Né Canada,Secondaire,Revenus bas
Ind_2328,0.155617,1.313419,0.163427,Sou_NON,CONTRE,POUR,NSP,CONTRE,POUR,POUR,NEUTRE,NEUTRE,PESSIMISTE,OPTIMISTE,PESSIMISTE,CONTRE,Responsabilité individuelle,Economie: privé seulement,Feministe: CONTRE féministe,Feministre: NEUTRE féministe,Risque facile,CAQ,NPD,Homme,Non francophones,18-39 ans,Né Canada,Collégial,Revenus moyens
Ind_2329,0.998791,0.239052,1.278181,Sou_NON,CONTRE,CONTRE,POUR,NEUTRE,CONTRE,NEUTRE,NEUTRE,DÉSACCORD,OPTIMISTE,PESSIMISTE,PESSIMISTE,CONTRE,Responsabilité mixte,Economie: neutre,Feministre: NEUTRE féministe,Feministre: NEUTRE féministe,Risque difficile,QS,BQ,Femme,Francophones,18-39 ans,Né Canada,Collégial,Revenus bas
Ind_2330,0.053694,0.899938,0.716118,Sou_NON,POUR,POUR,CONTRE,NEUTRE,NEUTRE,NEUTRE,DÉSACCORD,DÉSACCORD,PESSIMISTE,PESSIMISTE,PESSIMISTE,CONTRE,Responsabilité mixte,Economie: neutre,Feministe: CONTRE féministe,Feministe: CONTRE féministe,Risque difficile,CAQ,PCC,Homme,Non francophones,18-39 ans,Né Canada,Universitaire,Revenus moyens
Ind_2331,0.871021,0.891995,1.291739,Sou_NON,CONTRE,POUR,POUR,NEUTRE,CONTRE,NEUTRE,DÉSACCORD,NEUTRE,NEUTRE,PESSIMISTE,NEUTRE,CONTRE,Responsabilité mixte,Economie: neutre,Feministe: CONTRE féministe,Feministre: NEUTRE féministe,Risque difficile,CAQ,PLC,Homme,Francophones,60 ans et plus,Né Canada,Secondaire,Revenus bas
Ind_2332,0.929442,-1.136939,-0.192495,Sou_NSP,CONTRE,CONTRE,POUR,NEUTRE,NEUTRE,CONTRE,ACCORD,ACCORD,NEUTRE,PESSIMISTE,OPTIMISTE,POUR,Responsabilité collective,Economie: privé et public,Feministre: NEUTRE féministe,Féministe: POUR féministe,Risque facile,NSP,Vote fed: NSP,Femme,Francophones,60 ans et plus,Né Ailleurs,Universitaire,NSP
Ind_2333,0.42105,0.560402,1.817244,Sou_NSP,NSP,NSP,NSP,NEUTRE,NEUTRE,NEUTRE,NSP,DÉSACCORD,PESSIMISTE,PESSIMISTE,PESSIMISTE,CONTRE,Responsabilité collective,Economie: privé seulement,Feministre: NEUTRE féministe,Feministre: NEUTRE féministe,NSP,NSP,NSP,Homme,Non francophones,40-59 ans,Né Canada,Collégial,NSP
Ind_2334,-2.484826,-0.721949,-0.346972,Sou_OUI,POUR,POUR,CONTRE,POUR,NSP,POUR,DÉSACCORD,DÉSACCORD,OPTIMISTE,NEUTRE,OPTIMISTE,CONTRE,Responsabilité mixte,Economie: privé et public,Féministe: POUR féministe,Féministe: POUR féministe,Risque difficile,PQ,BQ,Femme,Francophones,40-59 ans,Né Canada,Universitaire,Revenus bas
Ind_2335,-2.410168,0.822492,-0.198003,Sou_OUI,POUR,POUR,CONTRE,POUR,POUR,POUR,DÉSACCORD,NEUTRE,OPTIMISTE,NEUTRE,OPTIMISTE,NEUTRE,Responsabilité mixte,Economie: neutre,Feministre: NEUTRE féministe,Feministre: NEUTRE féministe,Risque facile,PQ,PLC,Homme,Francophones,60 ans et plus,Né Canada,Universitaire,NSP
Ind_2336,-1.639573,-1.404766,0.148356,Sou_OUI,CONTRE,POUR,CONTRE,NEUTRE,POUR,NEUTRE,NEUTRE,NEUTRE,OPTIMISTE,NEUTRE,OPTIMISTE,NEUTRE,Responsabilité mixte,Economie: privé et public,Féministe: POUR féministe,Féministe: POUR féministe,Risque difficile,PQ,BQ,Femme,Francophones,60 ans et plus,Né Canada,Collégial,Revenus moyens
Ind_2337,-0.458086,-1.255692,1.946591,Sou_NSP,NSP,POUR,POUR,NEUTRE,POUR,NEUTRE,NSP,DÉSACCORD,NEUTRE,NEUTRE,NEUTRE,CONTRE,Responsabilité mixte,NSP,Féministe: POUR féministe,Féministe: POUR féministe,Risque difficile,NSP,Vote fed: NSP,Femme,Francophones,60 ans et plus,Né Canada,Secondaire,NSP
Ind_2338,0.460121,-1.228381,-1.30708,Sou_NON,CONTRE,CONTRE,POUR,POUR,POUR,CONTRE,ACCORD,ACCORD,NEUTRE,NEUTRE,NEUTRE,POUR,Responsabilité mixte,Economie: privé et public,Féministe: POUR féministe,Féministe: POUR féministe,Risque facile,PQ,PLC,Femme,Francophones,40-59 ans,Né Canada,Universitaire,Revenus moyens
Ind_2339,0.74896,0.402088,-0.263599,Sou_NON,CONTRE,CONTRE,POUR,POUR,CONTRE,NEUTRE,NSP,DÉSACCORD,PESSIMISTE,PESSIMISTE,NSP,POUR,Responsabilité collective,Economie: privé et public,Feministre: NEUTRE féministe,Feministre: NEUTRE féministe,Risque facile,QS,BQ,Homme,Francophones,18-39 ans,Né Canada,Universitaire,NSP
Ind_2340,0.702269,-0.867147,1.339505,Sou_NON,CONTRE,NSP,POUR,NEUTRE,NEUTRE,NEUTRE,ACCORD,NSP,NEUTRE,PESSIMISTE,NEUTRE,CONTRE,Responsabilité mixte,Economie: privé et public,Féministe: POUR féministe,Feministre: NEUTRE féministe,Risque difficile,CAQ,BQ,Femme,Francophones,60 ans et plus,Né Canada,Secondaire,Revenus bas
Ind_2341,-2.810398,0.556987,-0.98633,Sou_OUI,POUR,POUR,CONTRE,POUR,POUR,POUR,DÉSACCORD,DÉSACCORD,OPTIMISTE,NEUTRE,OPTIMISTE,POUR,Responsabilité mixte,Economie: privé et public,Feministre: NEUTRE féministe,Féministe: POUR féministe,Risque facile,PQ,BQ,Homme,Francophones,60 ans et plus,Né Canada,Universitaire,Revenus bas
Ind_2342,-1.451191,0.448306,1.423909,Sou_NSP,NSP,POUR,POUR,NSP,POUR,POUR,DÉSACCORD,DÉSACCORD,OPTIMISTE,NEUTRE,OPTIMISTE,CONTRE,Responsabilité mixte,Economie: neutre,NSP,NSP,Risque difficile,NSP,BQ,Homme,Francophones,60 ans et plus,Né Canada,Collégial,NSP
Ind_2343,0.994429,-0.791208,-0.319003,Sou_NON,CONTRE,CONTRE,POUR,POUR,CONTRE,CONTRE,NSP,NEUTRE,NEUTRE,PESSIMISTE,PESSIMISTE,CONTRE,Responsabilité mixte,Economie: privé et public,Féministe: POUR féministe,Féministe: POUR féministe,Risque difficile,PQ,BQ,Femme,Francophones,60 ans et plus,Né Canada,Collégial,Revenus moyens
Ind_2344,-1.985564,0.583911,0.595989,Sou_OUI,POUR,POUR,POUR,POUR,POUR,POUR,DÉSACCORD,NSP,OPTIMISTE,NSP,OPTIMISTE,CONTRE,Responsabilité mixte,Economie: privé seulement,Feministre: NEUTRE féministe,Feministre: NEUTRE féministe,Risque facile,PQ,Vote fed: NSP,Femme,Francophones,60 ans et plus,Né Canada,Universitaire,Revenus moyens
Ind_2345,1.893562,-0.682614,0.443247,Sou_NON,CONTRE,CONTRE,POUR,CONTRE,CONTRE,CONTRE,DÉSACCORD,NEUTRE,NEUTRE,PESSIMISTE,PESSIMISTE,NEUTRE,Responsabilité collective,Economie: privé et public,NSP,NSP,Risque difficile,NSP,Vote fed: NSP,Femme,Francophones,18-39 ans,Né Canada,Collégial,Revenus bas
Ind_2346,1.067139,0.036317,0.254657,Sou_NON,CONTRE,NSP,POUR,CONTRE,NEUTRE,CONTRE,DÉSACCORD,DÉSACCORD,OPTIMISTE,PESSIMISTE,PESSIMISTE,CONTRE,NSP,Economie: neutre,Féministe: POUR féministe,Féministe: POUR féministe,Risque facile,PCQ,PCC,Femme,Francophones,18-39 ans,Né Canada,Collégial,Revenus moyens
Ind_2347,-2.215661,-0.604941,-1.389601,Sou_OUI,POUR,POUR,CONTRE,POUR,POUR,CONTRE,ACCORD,NEUTRE,OPTIMISTE,NEUTRE,OPTIMISTE,POUR,Responsabilité mixte,Economie: privé et public,Féministe: POUR féministe,Féministe: POUR féministe,Risque facile,PQ,BQ,Homme,Francophones,40-59 ans,Né Canada,Universitaire,Revenus bas
Ind_2348,-1.893358,-0.714971,-0.32095,Sou_OUI,POUR,POUR,CONTRE,POUR,POUR,POUR,ACCORD,NEUTRE,OPTIMISTE,PESSIMISTE,NEUTRE,CONTRE,Responsabilité individuelle,Economie: privé et public,Féministe: POUR féministe,Feministe: CONTRE féministe,Risque difficile,PQ,BQ,Femme,Francophones,18-39 ans,Né Canada,Collégial,Revenus élevés
Ind_2349,0.570917,1.294762,-0.030774,Sou_NON,CONTRE,POUR,POUR,POUR,NEUTRE,CONTRE,DÉSACCORD,DÉSACCORD,NEUTRE,PESSIMISTE,NEUTRE,CONTRE,Responsabilité individuelle,Economie: privé seulement,Feministre: NEUTRE féministe,Féministe: POUR féministe,Risque facile,PLQ,PCC,Homme,Francophones,18-39 ans,Né Canada,Universitaire,Revenus bas
Ind_2350,1.747647,0.68115,-1.511461,Sou_NON,CONTRE,CONTRE,POUR,POUR,CONTRE,CONTRE,ACCORD,DÉSACCORD,PESSIMISTE,PESSIMISTE,PESSIMISTE,NEUTRE,Responsabilité collective,Economie: privé et public,Feministre: NEUTRE féministe,Feministre: NEUTRE féministe,Risque facile,PLQ,PLC,Homme,Non francophones,18-39 ans,Né Canada,Universitaire,Revenus élevés
Ind_2351,1.790363,-1.180443,-1.634833,Sou_NON,CONTRE,CONTRE,POUR,POUR,CONTRE,CONTRE,ACCORD,NEUTRE,NEUTRE,PESSIMISTE,PESSIMISTE,POUR,Responsabilité mixte,Economie: privé et public,Féministe: POUR féministe,Féministe: POUR féministe,Risque facile,CAQ,PLC,Femme,Non francophones,18-39 ans,Né Canada,Universitaire,Revenus élevés
Ind_2352,1.656666,0.542607,-0.550317,Sou_NON,CONTRE,CONTRE,POUR,CONTRE,CONTRE,CONTRE,ACCORD,NSP,NEUTRE,PESSIMISTE,NSP,CONTRE,Responsabilité individuelle,Economie: privé et public,Feministe: CONTRE féministe,Feministe: CONTRE féministe,Risque difficile,PQ,PLC,Homme,Francophones,40-59 ans,Né Ailleurs,Universitaire,Revenus moyens
Ind_2353,0.96048,-0.072476,1.159114,Sou_NON,CONTRE,CONTRE,POUR,NSP,NSP,NSP,DÉSACCORD,DÉSACCORD,NSP,NSP,NSP,CONTRE,Responsabilité individuelle,NSP,Feministe: CONTRE féministe,Féministe: POUR féministe,Risque difficile,PCQ,PCC,Femme,Non francophones,18-39 ans,Né Canada,Collégial,Revenus bas
Ind_2354,1.705087,-0.685438,-0.403356,Sou_NON,CONTRE,CONTRE,POUR,CONTRE,NEUTRE,CONTRE,ACCORD,DÉSACCORD,PESSIMISTE,PESSIMISTE,PESSIMISTE,NEUTRE,Responsabilité individuelle,Economie: neutre,Féministe: POUR féministe,Féministe: POUR féministe,Risque difficile,NSP,PLC,Femme,Francophones,60 ans et plus,Né Canada,Universitaire,Revenus moyens
Ind_2355,0.310775,0.393628,1.169344,Sou_NSP,CONTRE,CONTRE,POUR,NEUTRE,NEUTRE,NEUTRE,NEUTRE,NEUTRE,NEUTRE,NEUTRE,NEUTRE,NEUTRE,Responsabilité mixte,Economie: neutre,Feministre: NEUTRE féministe,Feministre: NEUTRE féministe,Risque facile,PLQ,BQ,Homme,Francophones,60 ans et plus,Né Canada,Universitaire,Revenus bas
Ind_2356,-0.02704,-1.254834,2.267847,Sou_NSP,NSP,NSP,POUR,CONTRE,NSP,NSP,NSP,NSP,NEUTRE,NSP,NSP,CONTRE,Responsabilité mixte,Economie: neutre,NSP,NSP,Risque difficile,PQ,BQ,Femme,Francophones,18-39 ans,Né Canada,Universitaire,Revenus bas
Ind_2357,-1.821917,0.254642,-0.321542,Sou_OUI,POUR,CONTRE,CONTRE,POUR,POUR,CONTRE,DÉSACCORD,DÉSACCORD,OPTIMISTE,NSP,OPTIMISTE,NEUTRE,Responsabilité mixte,Economie: privé et public,Feministre: NEUTRE féministe,Féministe: POUR féministe,Risque difficile,PQ,BQ,Homme,Francophones,40-59 ans,Né Canada,Secondaire,NSP
Ind_2358,-2.675002,0.826616,-0.145932,Sou_OUI,POUR,POUR,CONTRE,POUR,POUR,POUR,NSP,DÉSACCORD,OPTIMISTE,NEUTRE,OPTIMISTE,POUR,Responsabilité individuelle,Economie: privé et public,Feministre: NEUTRE féministe,Feministre: NEUTRE féministe,Risque difficile,PQ,BQ,Homme,Francophones,60 ans et plus,Né Canada,Collégial,Revenus bas
Ind_2359,1.732912,-1.409275,-0.221922,Sou_NON,CONTRE,CONTRE,POUR,NEUTRE,NEUTRE,CONTRE,ACCORD,ACCORD,NEUTRE,PESSIMISTE,PESSIMISTE,NEUTRE,Responsabilité mixte,Economie: neutre,Féministe: POUR féministe,Féministe: POUR féministe,Risque difficile,PLQ,PLC,Femme,Francophones,40-59 ans,Né Canada,Universitaire,Revenus bas
Ind_2360,0.855808,-1.423065,1.831884,Sou_NON,NSP,NSP,NSP,CONTRE,CONTRE,NSP,NEUTRE,NSP,NSP,PESSIMISTE,NSP,NEUTRE,Responsabilité mixte,NSP,Feministre: NEUTRE féministe,Féministe: POUR féministe,Risque difficile,NSP,Vote fed: NSP,Femme,Francophones,18-39 ans,Né Canada,Collégial,Revenus moyens
Ind_2361,0.135179,-1.266966,0.254356,Sou_NON,CONTRE,POUR,CONTRE,POUR,CONTRE,NEUTRE,NEUTRE,NSP,NEUTRE,PESSIMISTE,NEUTRE,NEUTRE,Responsabilité mixte,Economie: neutre,Féministe: POUR féministe,Féministe: POUR féministe,Risque difficile,PQ,PLC,Femme,Francophones,60 ans et plus,Né Canada,Universitaire,Revenus bas
Ind_2362,1.689431,2.400086,0.119862,Sou_NON,CONTRE,CONTRE,POUR,CONTRE,CONTRE,CONTRE,DÉSACCORD,DÉSACCORD,PESSIMISTE,PESSIMISTE,PESSIMISTE,CONTRE,Responsabilité individuelle,Economie: privé seulement,Feministe: CONTRE féministe,Feministre: NEUTRE féministe,Risque facile,PCQ,PCC,Homme,Francophones,40-59 ans,Né Canada,Collégial,Revenus bas
Ind_2363,1.666644,-0.182276,-0.332379,Sou_NON,CONTRE,CONTRE,POUR,POUR,CONTRE,CONTRE,NSP,NSP,NEUTRE,PESSIMISTE,PESSIMISTE,POUR,Responsabilité mixte,Economie: privé et public,Feministre: NEUTRE féministe,Feministre: NEUTRE féministe,Risque difficile,PLQ,PLC,Femme,Francophones,60 ans et plus,Né Canada,Universitaire,Revenus moyens
Ind_2364,-2.780356,0.407061,-0.822947,Sou_OUI,POUR,POUR,CONTRE,POUR,POUR,POUR,NEUTRE,DÉSACCORD,OPTIMISTE,OPTIMISTE,OPTIMISTE,CONTRE,Responsabilité individuelle,Economie: privé et public,Féministe: POUR féministe,Féministe: POUR féministe,Risque facile,PQ,BQ,Homme,Francophones,40-59 ans,Né Canada,Collégial,NSP
Ind_2365,-0.650842,-0.207369,2.418436,Sou_NSP,NSP,NSP,NSP,NEUTRE,NEUTRE,NEUTRE,DÉSACCORD,DÉSACCORD,PESSIMISTE,NSP,NSP,NEUTRE,Responsabilité mixte,Economie: neutre,NSP,NSP,Risque difficile,PQ,BQ,Homme,Francophones,60 ans et plus,Né Canada,Collégial,Revenus bas
Ind_2366,1.790559,0.451735,0.606187,Sou_NON,CONTRE,CONTRE,POUR,CONTRE,CONTRE,CONTRE,DÉSACCORD,ACCORD,OPTIMISTE,PESSIMISTE,PESSIMISTE,CONTRE,Responsabilité mixte,Economie: neutre,Feministe: CONTRE féministe,Feministre: NEUTRE féministe,Risque difficile,Vote prov: NSP,Vote fed: NSP,Femme,Non francophones,40-59 ans,Né Canada,Secondaire,Revenus bas
Ind_2367,1.400781,1.537722,-0.137815,Sou_NON,CONTRE,CONTRE,POUR,CONTRE,CONTRE,POUR,DÉSACCORD,DÉSACCORD,PESSIMISTE,PESSIMISTE,PESSIMISTE,CONTRE,Responsabilité individuelle,Economie: privé seulement,Feministe: CONTRE féministe,Feministe: CONTRE féministe,Risque facile,PCQ,PCC,Femme,Francophones,40-59 ans,Né Canada,Universitaire,Revenus élevés
Ind_2368,-1.101915,-0.338626,1.823872,Sou_NSP,NSP,POUR,NSP,NSP,NSP,NEUTRE,DÉSACCORD,DÉSACCORD,OPTIMISTE,NSP,OPTIMISTE,CONTRE,Responsabilité individuelle,NSP,Féministe: POUR féministe,Feministre: NEUTRE féministe,Risque difficile,NSP,BQ,Femme,Francophones,60 ans et plus,Né Canada,Secondaire,NSP
Ind_2369,1.854086,-1.274237,-1.287384,Sou_NON,CONTRE,CONTRE,POUR,CONTRE,CONTRE,CONTRE,ACCORD,NEUTRE,NEUTRE,PESSIMISTE,PESSIMISTE,POUR,Responsabilité mixte,Economie: privé et public,Féministe: POUR féministe,Féministe: POUR féministe,Risque facile,QS,NPD,Femme,Francophones,18-39 ans,Né Canada,Universitaire,Revenus moyens
Ind_2370,0.10389,-0.357885,-0.503007,Sou_NON,CONTRE,POUR,POUR,POUR,POUR,NEUTRE,DÉSACCORD,ACCORD,NEUTRE,NSP,PESSIMISTE,NEUTRE,Responsabilité mixte,Economie: privé et public,Féministe: POUR féministe,Féministe: POUR féministe,Risque facile,PLQ,PLC,Homme,Francophones,60 ans et plus,Né Canada,Collégial,Revenus bas
Ind_2371,-2.03082,-0.431842,-0.548217,Sou_OUI,POUR,CONTRE,CONTRE,POUR,POUR,POUR,ACCORD,DÉSACCORD,OPTIMISTE,OPTIMISTE,OPTIMISTE,NEUTRE,Responsabilité individuelle,Economie: privé seulement,Féministe: POUR féministe,Féministe: POUR féministe,Risque difficile,PQ,PCC,Femme,Francophones,60 ans et plus,Né Canada,Collégial,Revenus bas
Ind_2372,1.928658,0.344136,-0.781578,Sou_NON,CONTRE,CONTRE,POUR,CONTRE,CONTRE,CONTRE,DÉSACCORD,DÉSACCORD,NEUTRE,PESSIMISTE,PESSIMISTE,CONTRE,Responsabilité mixte,Economie: privé et public,Feministe: CONTRE féministe,Féministe: POUR féministe,Risque facile,PLQ,PLC,Femme,Francophones,40-59 ans,Né Canada,Universitaire,NSP
Ind_2373,1.204246,-1.222012,2.031006,Sou_NON,CONTRE,NSP,POUR,NEUTRE,NEUTRE,CONTRE,NSP,NSP,PESSIMISTE,NSP,PESSIMISTE,POUR,NSP,NSP,NSP,NSP,Risque difficile,NSP,Vote fed: NSP,Femme,Francophones,18-39 ans,Né Canada,Collégial,NSP
Ind_2374,1.834922,0.082587,-1.384861,Sou_NON,CONTRE,CONTRE,POUR,CONTRE,CONTRE,CONTRE,DÉSACCORD,DÉSACCORD,PESSIMISTE,PESSIMISTE,PESSIMISTE,NEUTRE,Responsabilité individuelle,Economie: privé et public,Féministe: POUR féministe,Féministe: POUR féministe,Risque difficile,PLQ,PLC,Homme,Francophones,18-39 ans,Né Canada,Universitaire,Revenus élevés
Ind_2375,1.318914,0.342217,0.474507,Sou_NON,CONTRE,POUR,POUR,CONTRE,CONTRE,CONTRE,NSP,NSP,PESSIMISTE,PESSIMISTE,NSP,CONTRE,NSP,Economie: privé seulement,Féministe: POUR féministe,Feministe: CONTRE féministe,Risque difficile,CAQ,PLC,Homme,Francophones,40-59 ans,Né Canada,Collégial,Revenus élevés
Ind_2376,2.27684,-1.261975,-2.089928,Sou_NON,CONTRE,CONTRE,POUR,CONTRE,CONTRE,CONTRE,ACCORD,ACCORD,PESSIMISTE,PESSIMISTE,PESSIMISTE,POUR,Responsabilité collective,Economie: privé et public,Féministe: POUR féministe,Féministe: POUR féministe,Risque facile,PLQ,PLC,Femme,Non francophones,18-39 ans,Né Canada,Universitaire,Revenus élevés
Ind_2377,0.858762,-1.151107,0.247709,Sou_NON,CONTRE,CONTRE,POUR,NEUTRE,POUR,NEUTRE,NEUTRE,NEUTRE,PESSIMISTE,PESSIMISTE,OPTIMISTE,POUR,Responsabilité mixte,Economie: neutre,Féministe: POUR féministe,Féministe: POUR féministe,Risque difficile,PLQ,PLC,Femme,Francophones,40-59 ans,Né Canada,Collégial,Revenus moyens
Ind_2378,2.121845,-0.55939,-0.784249,Sou_NON,CONTRE,CONTRE,POUR,CONTRE,CONTRE,CONTRE,ACCORD,DÉSACCORD,NEUTRE,PESSIMISTE,PESSIMISTE,NEUTRE,NSP,Economie: privé et public,Feministre: NEUTRE féministe,Féministe: POUR féministe,NSP,QS,NPD,Femme,Non francophones,18-39 ans,Né Ailleurs,Collégial,Revenus moyens
Ind_2379,-0.79327,-0.095083,1.248043,Sou_NSP,POUR,POUR,POUR,CONTRE,POUR,NEUTRE,DÉSACCORD,ACCORD,OPTIMISTE,OPTIMISTE,NSP,CONTRE,Responsabilité individuelle,Economie: neutre,Feministre: NEUTRE féministe,Féministe: POUR féministe,Risque facile,NSP,Vote fed: NSP,Femme,Francophones,60 ans et plus,Né Canada,Collégial,NSP
Ind_2380,-0.438737,0.028868,-0.172319,Sou_NON,POUR,CONTRE,POUR,POUR,POUR,CONTRE,NSP,ACCORD,OPTIMISTE,PESSIMISTE,OPTIMISTE,CONTRE,Responsabilité mixte,Economie: privé seulement,Féministe: POUR féministe,Féministe: POUR féministe,Risque difficile,PCQ,BQ,Homme,Francophones,40-59 ans,Né Canada,Secondaire,Revenus bas
Ind_2381,-0.242214,1.375073,0.228429,Sou_NON,CONTRE,POUR,POUR,POUR,NEUTRE,CONTRE,DÉSACCORD,DÉSACCORD,OPTIMISTE,NSP,OPTIMISTE,CONTRE,Responsabilité mixte,Economie: privé et public,Feministre: NEUTRE féministe,Feministre: NEUTRE féministe,Risque facile,CAQ,PLC,Homme,Francophones,60 ans et plus,Né Canada,Collégial,Revenus moyens
Ind_2382,0.675938,-0.28499,0.469274,Sou_NON,CONTRE,CONTRE,CONTRE,POUR,CONTRE,CONTRE,ACCORD,NEUTRE,NEUTRE,PESSIMISTE,OPTIMISTE,POUR,Responsabilité mixte,Economie: neutre,Feministre: NEUTRE féministe,Feministre: NEUTRE féministe,Risque difficile,NSP,BQ,Femme,Francophones,40-59 ans,Né Canada,Collégial,NSP
Ind_2383,-1.926481,-0.799768,-0.777385,Sou_OUI,POUR,POUR,CONTRE,POUR,POUR,POUR,NEUTRE,DÉSACCORD,NEUTRE,NEUTRE,NEUTRE,POUR,Responsabilité collective,Economie: privé et public,Féministe: POUR féministe,Féministe: POUR féministe,Risque difficile,QS,BQ,Homme,Francophones,18-39 ans,Né Ailleurs,Collégial,Revenus moyens
Ind_2384,-1.111211,1.027349,1.011108,Sou_OUI,POUR,POUR,CONTRE,NEUTRE,CONTRE,NEUTRE,DÉSACCORD,DÉSACCORD,OPTIMISTE,NEUTRE,NEUTRE,CONTRE,Responsabilité mixte,Economie: privé seulement,Feministe: CONTRE féministe,Feministe: CONTRE féministe,Risque difficile,PCQ,PCC,Homme,Francophones,18-39 ans,Né Canada,Collégial,Revenus moyens
Ind_2385,2.312516,-0.222602,-0.423685,Sou_NON,CONTRE,CONTRE,POUR,CONTRE,CONTRE,CONTRE,ACCORD,ACCORD,NEUTRE,PESSIMISTE,PESSIMISTE,POUR,Responsabilité mixte,Economie: neutre,NSP,NSP,Risque facile,PLQ,PLC,Femme,Non francophones,60 ans et plus,Né Canada,Secondaire,Revenus bas
Ind_2386,-0.166414,0.513024,1.769266,Sou_OUI,POUR,POUR,POUR,NEUTRE,NEUTRE,NEUTRE,NEUTRE,NEUTRE,PESSIMISTE,PESSIMISTE,NEUTRE,CONTRE,Responsabilité individuelle,Economie: privé seulement,Feministre: NEUTRE féministe,Feministre: NEUTRE féministe,Risque difficile,PCQ,PCC,Femme,Francophones,40-59 ans,Né Canada,Collégial,Revenus moyens
Ind_2387,1.619189,0.23288,-0.495954,Sou_NON,CONTRE,CONTRE,POUR,NEUTRE,CONTRE,NEUTRE,NEUTRE,NEUTRE,NEUTRE,PESSIMISTE,PESSIMISTE,CONTRE,Responsabilité individuelle,Economie: neutre,Féministe: POUR féministe,Féministe: POUR féministe,Risque facile,PLQ,PLC,Homme,Francophones,40-59 ans,Né Ailleurs,Universitaire,Revenus élevés
Ind_2388,1.347309,0.338822,-1.024381,Sou_NON,CONTRE,POUR,POUR,CONTRE,POUR,CONTRE,ACCORD,ACCORD,NEUTRE,PESSIMISTE,PESSIMISTE,CONTRE,Responsabilité mixte,Economie: privé et public,Feministre: NEUTRE féministe,Féministe: POUR féministe,Risque facile,PLQ,PLC,Homme,Non francophones,40-59 ans,Né Canada,Collégial,Revenus moyens
Ind_2389,1.786025,1.671958,0.090937,Sou_NON,CONTRE,CONTRE,POUR,CONTRE,CONTRE,CONTRE,DÉSACCORD,DÉSACCORD,NEUTRE,PESSIMISTE,PESSIMISTE,CONTRE,Responsabilité individuelle,Economie: privé seulement,Feministe: CONTRE féministe,Feministe: CONTRE féministe,Risque facile,PCQ,PCC,Femme,Francophones,60 ans et plus,Né Canada,Collégial,Revenus moyens
Ind_2390,-1.818978,0.744149,0.368391,Sou_NSP,POUR,POUR,CONTRE,POUR,POUR,CONTRE,DÉSACCORD,DÉSACCORD,OPTIMISTE,NEUTRE,OPTIMISTE,CONTRE,Responsabilité individuelle,NSP,Feministre: NEUTRE féministe,Feministre: NEUTRE féministe,Risque facile,PQ,Vote fed: NSP,Femme,Francophones,18-39 ans,Né Canada,Universitaire,Revenus moyens
Ind_2391,-1.78531,0.584064,-0.015032,Sou_OUI,POUR,POUR,POUR,POUR,POUR,POUR,NEUTRE,NEUTRE,PESSIMISTE,OPTIMISTE,OPTIMISTE,CONTRE,Responsabilité mixte,Economie: neutre,NSP,NSP,Risque facile,PQ,BQ,Homme,Non francophones,40-59 ans,Né Canada,Universitaire,Revenus élevés
Ind_2392,-2.760943,0.304445,-0.363049,Sou_OUI,POUR,POUR,CONTRE,POUR,POUR,POUR,DÉSACCORD,DÉSACCORD,OPTIMISTE,OPTIMISTE,OPTIMISTE,CONTRE,Responsabilité collective,Economie: neutre,Féministe: POUR féministe,Feministre: NEUTRE féministe,Risque facile,PQ,BQ,Femme,Francophones,60 ans et plus,Né Canada,Universitaire,NSP
Ind_2393,-2.56662,-1.259815,0.063376,Sou_OUI,POUR,POUR,CONTRE,POUR,POUR,POUR,NSP,ACCORD,OPTIMISTE,NEUTRE,OPTIMISTE,NEUTRE,Responsabilité mixte,Economie: neutre,Féministe: POUR féministe,Féministe: POUR féministe,Risque difficile,PQ,BQ,Femme,Francophones,60 ans et plus,Né Canada,Collégial,Revenus bas
Ind_2394,-2.022553,-0.104426,0.016341,Sou_OUI,POUR,POUR,POUR,POUR,POUR,POUR,DÉSACCORD,DÉSACCORD,OPTIMISTE,NEUTRE,OPTIMISTE,CONTRE,Responsabilité mixte,Economie: privé et public,Feministre: NEUTRE féministe,Féministe: POUR féministe,Risque difficile,PQ,PLC,Femme,Francophones,60 ans et plus,Né Canada,Collégial,NSP
Ind_2395,-1.362929,-0.501367,1.666088,Sou_OUI,POUR,POUR,CONTRE,NEUTRE,NEUTRE,POUR,NEUTRE,NEUTRE,OPTIMISTE,NEUTRE,NEUTRE,CONTRE,Responsabilité mixte,Economie: neutre,NSP,NSP,Risque facile,NSP,Vote fed: NSP,Femme,Francophones,18-39 ans,Né Canada,Collégial,Revenus moyens
Ind_2396,0.02622,2.251962,0.175253,Sou_NON,CONTRE,CONTRE,POUR,POUR,POUR,POUR,DÉSACCORD,DÉSACCORD,PESSIMISTE,NEUTRE,PESSIMISTE,CONTRE,Responsabilité individuelle,Economie: privé seulement,Feministe: CONTRE féministe,Feministre: NEUTRE féministe,Risque facile,CAQ,PCC,Homme,Francophones,60 ans et plus,Né Canada,Collégial,Revenus bas
Ind_2397,1.078673,-0.608322,-0.629682,Sou_NON,CONTRE,POUR,POUR,CONTRE,CONTRE,CONTRE,ACCORD,ACCORD,OPTIMISTE,PESSIMISTE,OPTIMISTE,POUR,Responsabilité collective,Economie: privé et public,Feministre: NEUTRE féministe,Feministe: CONTRE féministe,Risque difficile,PLQ,PLC,Femme,Francophones,60 ans et plus,Né Canada,Collégial,NSP
Ind_2398,0.25234,1.261405,0.297769,Sou_NON,CONTRE,POUR,POUR,POUR,CONTRE,CONTRE,DÉSACCORD,DÉSACCORD,OPTIMISTE,PESSIMISTE,OPTIMISTE,CONTRE,Responsabilité collective,Economie: neutre,Feministe: CONTRE féministe,Feministe: CONTRE féministe,Risque difficile,CAQ,PCC,Homme,Francophones,40-59 ans,Né Canada,Secondaire,NSP
Ind_2399,0.36513,0.796859,-0.193059,Sou_NON,CONTRE,POUR,POUR,POUR,CONTRE,CONTRE,DÉSACCORD,DÉSACCORD,OPTIMISTE,PESSIMISTE,OPTIMISTE,CONTRE,Responsabilité individuelle,Economie: privé et public,Feministe: CONTRE féministe,Feministe: CONTRE féministe,Risque difficile,CAQ,PCC,Femme,Francophones,40-59 ans,Né Canada,Universitaire,Revenus élevés
Ind_2400,-2.806631,1.407334,-0.129251,Sou_OUI,POUR,POUR,CONTRE,POUR,POUR,POUR,DÉSACCORD,DÉSACCORD,OPTIMISTE,OPTIMISTE,OPTIMISTE,CONTRE,Responsabilité individuelle,Economie: privé et public,Feministe: CONTRE féministe,Feministre: NEUTRE féministe,Risque difficile,PQ,BQ,Homme,Francophones,60 ans et plus,Né Canada,Secondaire,Revenus bas
Ind_2401,-0.06264,-0.903098,-0.327471,Sou_NON,CONTRE,POUR,NSP,NEUTRE,NEUTRE,CONTRE,DÉSACCORD,DÉSACCORD,NEUTRE,NSP,OPTIMISTE,NEUTRE,Responsabilité collective,Economie: privé et public,Féministe: POUR féministe,Féministe: POUR féministe,Risque facile,PQ,PLC,Femme,Francophones,60 ans et plus,Né Canada,Universitaire,NSP
Ind_2402,-0.65595,-0.938098,2.156263,Sou_NSP,NSP,NSP,NSP,POUR,NEUTRE,NEUTRE,NEUTRE,NEUTRE,NEUTRE,NSP,NEUTRE,NEUTRE,Responsabilité collective,Economie: neutre,Feministre: NEUTRE féministe,Feministre: NEUTRE féministe,Risque difficile,PQ,BQ,Femme,Francophones,60 ans et plus,Né Canada,Collégial,NSP
Ind_2403,1.299279,2.012847,0.232648,Sou_NON,CONTRE,POUR,POUR,CONTRE,CONTRE,CONTRE,DÉSACCORD,DÉSACCORD,NEUTRE,PESSIMISTE,PESSIMISTE,CONTRE,Responsabilité individuelle,Economie: privé seulement,Feministre: NEUTRE féministe,Feministe: CONTRE féministe,Risque facile,PCQ,NSP,Homme,Francophones,40-59 ans,Né Canada,Collégial,NSP
Ind_2404,1.018133,-0.028408,-1.366135,Sou_NON,CONTRE,CONTRE,POUR,POUR,POUR,POUR,ACCORD,ACCORD,PESSIMISTE,PESSIMISTE,PESSIMISTE,CONTRE,Responsabilité collective,Economie: privé seulement,Feministe: CONTRE féministe,Féministe: POUR féministe,Risque difficile,PLQ,PLC,Homme,Non francophones,18-39 ans,Né Ailleurs,Universitaire,Revenus moyens
Ind_2405,-0.302571,0.646998,0.430276,Sou_NSP,CONTRE,POUR,POUR,NEUTRE,NEUTRE,CONTRE,ACCORD,DÉSACCORD,OPTIMISTE,PESSIMISTE,OPTIMISTE,CONTRE,Responsabilité individuelle,Economie: privé et public,Feministre: NEUTRE féministe,Feministre: NEUTRE féministe,Risque facile,PQ,BQ,Femme,Francophones,60 ans et plus,Né Canada,Secondaire,Revenus moyens
Ind_2406,-1.289923,-1.585777,-0.914658,Sou_OUI,CONTRE,POUR,CONTRE,POUR,POUR,CONTRE,ACCORD,ACCORD,NEUTRE,NEUTRE,OPTIMISTE,NEUTRE,Responsabilité mixte,Economie: privé et public,Féministe: POUR féministe,Féministe: POUR féministe,Risque difficile,PQ,BQ,Femme,Francophones,40-59 ans,Né Canada,Universitaire,Revenus élevés
Ind_2407,1.131898,-0.520049,0.362016,Sou_NON,CONTRE,POUR,POUR,CONTRE,NEUTRE,CONTRE,NEUTRE,NEUTRE,PESSIMISTE,PESSIMISTE,NEUTRE,CONTRE,Responsabilité collective,Economie: privé seulement,Féministe: POUR féministe,Féministe: POUR féministe,Risque facile,NSP,PLC,Femme,Francophones,40-59 ans,Né Canada,Collégial,Revenus bas
Ind_2408,2.276817,-0.223239,-0.785617,Sou_NON,CONTRE,CONTRE,POUR,CONTRE,CONTRE,CONTRE,ACCORD,NSP,NEUTRE,PESSIMISTE,PESSIMISTE,CONTRE,Responsabilité individuelle,Economie: neutre,Féministe: POUR féministe,Féministe: POUR féministe,Risque facile,PLQ,PLC,Femme,Non francophones,40-59 ans,Né Canada,Secondaire,Revenus élevés
Ind_2409,0.965035,0.078689,0.23386,Sou_NON,CONTRE,NSP,POUR,CONTRE,POUR,CONTRE,ACCORD,ACCORD,NEUTRE,PESSIMISTE,OPTIMISTE,CONTRE,Responsabilité individuelle,Economie: privé et public,Feministre: NEUTRE féministe,Feministre: NEUTRE féministe,Risque difficile,CAQ,PLC,Femme,Francophones,60 ans et plus,Né Canada,Secondaire,NSP
Ind_2410,0.987983,-0.982975,0.995732,Sou_NON,NSP,NSP,POUR,NEUTRE,CONTRE,CONTRE,ACCORD,DÉSACCORD,NEUTRE,NSP,PESSIMISTE,CONTRE,Responsabilité collective,Economie: privé et public,Féministe: POUR féministe,Feministre: NEUTRE féministe,Risque difficile,NSP,Vote fed: NSP,Femme,Francophones,18-39 ans,Né Canada,Collégial,Revenus bas
Ind_2411,1.017792,-1.540459,0.065506,Sou_NON,CONTRE,POUR,POUR,NEUTRE,CONTRE,CONTRE,ACCORD,NEUTRE,NEUTRE,PESSIMISTE,OPTIMISTE,POUR,Responsabilité mixte,Economie: privé et public,Féministe: POUR féministe,Féministe: POUR féministe,Risque difficile,NSP,Vote fed: NSP,Femme,Francophones,40-59 ans,Né Canada,Collégial,Revenus élevés
Ind_2412,0.437199,2.019473,0.029176,Sou_NON,CONTRE,CONTRE,POUR,POUR,POUR,POUR,DÉSACCORD,DÉSACCORD,NEUTRE,PESSIMISTE,NEUTRE,CONTRE,Responsabilité individuelle,Economie: privé seulement,Feministe: CONTRE féministe,NSP,Risque facile,PCQ,PCC,Homme,Non francophones,60 ans et plus,Né Canada,Secondaire,Revenus bas
Ind_2413,1.768175,1.117224,0.187725,Sou_NON,CONTRE,CONTRE,POUR,CONTRE,CONTRE,CONTRE,ACCORD,NEUTRE,PESSIMISTE,PESSIMISTE,PESSIMISTE,CONTRE,Responsabilité collective,Economie: privé seulement,Feministre: NEUTRE féministe,Feministre: NEUTRE féministe,Risque difficile,CAQ,PCC,Homme,Francophones,60 ans et plus,Né Canada,Collégial,Revenus bas
Ind_2414,-1.991341,0.264755,-0.196192,Sou_OUI,POUR,POUR,POUR,POUR,POUR,NEUTRE,DÉSACCORD,DÉSACCORD,OPTIMISTE,NEUTRE,OPTIMISTE,CONTRE,Responsabilité collective,Economie: privé et public,Féministe: POUR féministe,Feministre: NEUTRE féministe,Risque difficile,PQ,Vote fed: NSP,Homme,Francophones,40-59 ans,Né Canada,Universitaire,Revenus élevés
Ind_2415,0.435434,1.721009,0.344508,Sou_NON,CONTRE,POUR,POUR,NEUTRE,CONTRE,CONTRE,DÉSACCORD,DÉSACCORD,OPTIMISTE,PESSIMISTE,NEUTRE,CONTRE,Responsabilité collective,Economie: privé seulement,Feministre: NEUTRE féministe,Feministe: CONTRE féministe,Risque facile,PQ,PCC,Homme,Francophones,60 ans et plus,Né Canada,Collégial,Revenus bas
Ind_2416,1.406614,0.229683,1.059551,Sou_NON,CONTRE,CONTRE,POUR,NEUTRE,CONTRE,NEUTRE,ACCORD,NEUTRE,PESSIMISTE,PESSIMISTE,NEUTRE,NEUTRE,Responsabilité mixte,Economie: neutre,Feministre: NEUTRE féministe,Feministre: NEUTRE féministe,Risque difficile,NSP,PLC,Homme,Francophones,60 ans et plus,Né Canada,Collégial,Revenus bas
Ind_2417,-2.763847,0.282505,-0.950185,Sou_OUI,POUR,POUR,CONTRE,POUR,POUR,POUR,NEUTRE,DÉSACCORD,OPTIMISTE,NEUTRE,OPTIMISTE,NEUTRE,Responsabilité individuelle,Economie: neutre,Féministe: POUR féministe,Féministe: POUR féministe,Risque facile,PQ,BQ,Homme,Francophones,60 ans et plus,Né Canada,Universitaire,Revenus moyens
Ind_2418,1.666277,2.017564,-0.331275,Sou_NON,CONTRE,CONTRE,POUR,CONTRE,CONTRE,CONTRE,DÉSACCORD,DÉSACCORD,NEUTRE,PESSIMISTE,PESSIMISTE,CONTRE,Responsabilité individuelle,Economie: privé seulement,Feministe: CONTRE féministe,NSP,Risque facile,Vote prov: NSP,PCC,Homme,Francophones,60 ans et plus,Né Canada,Universitaire,Revenus élevés
Ind_2419,1.666643,0.159333,0.424905,Sou_NON,CONTRE,CONTRE,POUR,NSP,CONTRE,NSP,DÉSACCORD,ACCORD,NEUTRE,PESSIMISTE,PESSIMISTE,CONTRE,Responsabilité collective,Economie: neutre,NSP,NSP,Risque facile,QS,PCC,Femme,Non francophones,40-59 ans,Né Canada,Collégial,Revenus bas
Ind_2420,1.544222,-1.152074,-0.371789,Sou_NON,CONTRE,CONTRE,POUR,POUR,CONTRE,CONTRE,ACCORD,ACCORD,NEUTRE,PESSIMISTE,PESSIMISTE,POUR,Responsabilité mixte,Economie: neutre,Féministe: POUR féministe,Féministe: POUR féministe,Risque facile,NSP,Vote fed: NSP,Femme,Francophones,18-39 ans,Né Canada,Collégial,Revenus moyens
Ind_2421,0.188631,-0.733703,0.089359,Sou_NON,CONTRE,POUR,POUR,NEUTRE,CONTRE,CONTRE,NEUTRE,NEUTRE,NEUTRE,NEUTRE,OPTIMISTE,CONTRE,Responsabilité individuelle,Economie: privé et public,Féministe: POUR féministe,Féministe: POUR féministe,Risque difficile,PQ,BQ,Femme,Francophones,40-59 ans,Né Canada,Collégial,Revenus moyens
Ind_2422,0.463753,-1.199877,0.901601,Sou_NON,POUR,CONTRE,POUR,NEUTRE,NEUTRE,NEUTRE,NEUTRE,DÉSACCORD,NEUTRE,PESSIMISTE,NEUTRE,NEUTRE,Responsabilité mixte,Economie: neutre,Féministe: POUR féministe,Féministe: POUR féministe,Risque difficile,PQ,PLC,Femme,Francophones,18-39 ans,Né Canada,Collégial,Revenus bas
Ind_2423,1.825203,1.227284,0.585468,Sou_NON,CONTRE,CONTRE,POUR,CONTRE,CONTRE,CONTRE,DÉSACCORD,DÉSACCORD,NEUTRE,PESSIMISTE,PESSIMISTE,CONTRE,Responsabilité mixte,Economie: neutre,Feministe: CONTRE féministe,Feministre: NEUTRE féministe,Risque facile,NSP,PCC,Femme,Francophones,40-59 ans,Né Canada,Collégial,Revenus moyens
Ind_2424,-0.184798,0.640098,0.492312,Sou_NON,CONTRE,POUR,POUR,NEUTRE,NEUTRE,POUR,NEUTRE,ACCORD,PESSIMISTE,PESSIMISTE,OPTIMISTE,NEUTRE,Responsabilité individuelle,Economie: neutre,Feministre: NEUTRE féministe,Feministre: NEUTRE féministe,Risque difficile,PQ,BQ,Homme,Francophones,60 ans et plus,Né Canada,Universitaire,Revenus moyens
Ind_2425,1.333709,0.12634,1.266389,Sou_NON,CONTRE,CONTRE,POUR,NEUTRE,NEUTRE,NEUTRE,NEUTRE,NEUTRE,NEUTRE,PESSIMISTE,NEUTRE,CONTRE,Responsabilité collective,Economie: neutre,Feministre: NEUTRE féministe,Feministre: NEUTRE féministe,Risque facile,PCQ,PVQ,Femme,Non francophones,18-39 ans,Né Canada,Collégial,Revenus bas
Ind_2426,1.225085,-1.373626,-2.096125,Sou_NON,CONTRE,POUR,POUR,POUR,CONTRE,CONTRE,ACCORD,ACCORD,OPTIMISTE,PESSIMISTE,PESSIMISTE,POUR,Responsabilité collective,Economie: privé et public,Féministe: POUR féministe,Féministe: POUR féministe,Risque facile,PLQ,PLC,Femme,Non francophones,18-39 ans,Né Canada,Universitaire,Revenus élevés
Ind_2427,-1.534661,-1.570028,0.43355,Sou_OUI,POUR,NSP,NSP,NEUTRE,POUR,NEUTRE,NEUTRE,NEUTRE,OPTIMISTE,OPTIMISTE,OPTIMISTE,NEUTRE,Responsabilité mixte,Economie: privé et public,Féministe: POUR féministe,Féministe: POUR féministe,Risque difficile,PQ,PLC,Femme,Francophones,60 ans et plus,Né Canada,Secondaire,Revenus bas
Ind_2428,-2.605848,0.048731,-0.057344,Sou_OUI,POUR,POUR,CONTRE,POUR,POUR,POUR,NEUTRE,DÉSACCORD,OPTIMISTE,NEUTRE,OPTIMISTE,CONTRE,Responsabilité individuelle,Economie: privé et public,Féministe: POUR féministe,Feministre: NEUTRE féministe,Risque difficile,PQ,BQ,Femme,Francophones,60 ans et plus,Né Ailleurs,Collégial,Revenus bas
Ind_2429,1.41002,0.617435,-0.538586,Sou_NON,CONTRE,CONTRE,POUR,CONTRE,CONTRE,CONTRE,DÉSACCORD,DÉSACCORD,PESSIMISTE,PESSIMISTE,OPTIMISTE,CONTRE,Responsabilité individuelle,Economie: privé seulement,Féministe: POUR féministe,Féministe: POUR féministe,Risque facile,PLQ,PLC,Femme,Francophones,60 ans et plus,Né Canada,Secondaire,Revenus bas
Ind_2430,0.387849,0.156483,-1.336819,Sou_NON,CONTRE,CONTRE,POUR,POUR,POUR,CONTRE,DÉSACCORD,DÉSACCORD,PESSIMISTE,PESSIMISTE,NEUTRE,POUR,Responsabilité collective,Economie: privé et public,Féministe: POUR féministe,Féministe: POUR féministe,Risque facile,NSP,BQ,Homme,Francophones,60 ans et plus,Né Canada,Universitaire,Revenus moyens
Ind_2431,-0.517622,-1.525174,0.166917,Sou_NSP,CONTRE,CONTRE,POUR,NSP,POUR,POUR,ACCORD,ACCORD,OPTIMISTE,NEUTRE,NEUTRE,POUR,Responsabilité mixte,Economie: neutre,Féministe: POUR féministe,Féministe: POUR féministe,Risque difficile,PQ,BQ,Femme,Francophones,40-59 ans,Né Canada,Collégial,Revenus bas
Ind_2432,0.087755,-0.669883,-1.472289,Sou_NON,CONTRE,POUR,CONTRE,POUR,CONTRE,CONTRE,ACCORD,ACCORD,NEUTRE,PESSIMISTE,OPTIMISTE,CONTRE,Responsabilité collective,Economie: privé et public,Féministe: POUR féministe,Féministe: POUR féministe,Risque difficile,PQ,PLC,Homme,Francophones,40-59 ans,Né Canada,Universitaire,Revenus élevés
Ind_2433,1.846601,0.972542,0.162173,Sou_NON,CONTRE,CONTRE,POUR,CONTRE,CONTRE,CONTRE,DÉSACCORD,NEUTRE,NEUTRE,PESSIMISTE,PESSIMISTE,CONTRE,Responsabilité collective,Economie: neutre,Feministre: NEUTRE féministe,Feministre: NEUTRE féministe,Risque difficile,CAQ,PLC,Homme,Francophones,18-39 ans,Né Canada,Collégial,Revenus moyens
Ind_2434,1.390847,1.206586,-0.997128,Sou_NON,CONTRE,CONTRE,POUR,NEUTRE,CONTRE,CONTRE,DÉSACCORD,DÉSACCORD,OPTIMISTE,PESSIMISTE,PESSIMISTE,NEUTRE,Responsabilité collective,Economie: privé et public,Feministre: NEUTRE féministe,Feministre: NEUTRE féministe,Risque facile,PLQ,PLC,Homme,Francophones,60 ans et plus,Né Canada,Universitaire,Revenus élevés
Ind_2435,-1.942821,0.580654,1.06089,Sou_OUI,POUR,POUR,CONTRE,POUR,NSP,POUR,DÉSACCORD,DÉSACCORD,NSP,NSP,OPTIMISTE,CONTRE,Responsabilité individuelle,Economie: privé seulement,Feministe: CONTRE féministe,Feministe: CONTRE féministe,Risque difficile,PQ,Vote fed: NSP,Femme,Francophones,60 ans et plus,Né Canada,Collégial,Revenus bas
Ind_2436,0.116862,-1.529474,0.747055,Sou_NON,CONTRE,POUR,POUR,POUR,POUR,NSP,NEUTRE,NEUTRE,NEUTRE,NEUTRE,NSP,CONTRE,Responsabilité mixte,Economie: privé et public,Féministe: POUR féministe,Féministe: POUR féministe,Risque difficile,NSP,Vote fed: NSP,Femme,Non francophones,18-39 ans,Né Canada,Collégial,Revenus bas
Ind_2437,1.315758,0.473057,0.772652,Sou_NON,CONTRE,CONTRE,NSP,CONTRE,NEUTRE,NEUTRE,NEUTRE,DÉSACCORD,PESSIMISTE,PESSIMISTE,PESSIMISTE,NEUTRE,Responsabilité individuelle,NSP,NSP,Feministe: CONTRE féministe,Risque difficile,PLQ,PCC,Homme,Francophones,18-39 ans,Né Ailleurs,Secondaire,NSP
Ind_2438,1.130385,0.000783,0.38869,Sou_NON,CONTRE,CONTRE,POUR,CONTRE,NEUTRE,CONTRE,ACCORD,NEUTRE,PESSIMISTE,PESSIMISTE,OPTIMISTE,CONTRE,Responsabilité mixte,Economie: privé et public,Feministre: NEUTRE féministe,Feministre: NEUTRE féministe,Risque difficile,PQ,PLC,Femme,Francophones,60 ans et plus,Né Canada,Collégial,Revenus bas
Ind_2439,-2.022891,0.511305,0.133423,Sou_OUI,POUR,CONTRE,CONTRE,POUR,POUR,POUR,DÉSACCORD,DÉSACCORD,OPTIMISTE,OPTIMISTE,OPTIMISTE,CONTRE,Responsabilité collective,Economie: neutre,Feministre: NEUTRE féministe,Feministe: CONTRE féministe,Risque difficile,PQ,PLC,Femme,Francophones,60 ans et plus,Né Canada,Collégial,Revenus bas
Ind_2440,1.455449,-0.26703,-0.354848,Sou_NON,CONTRE,CONTRE,POUR,CONTRE,CONTRE,CONTRE,NSP,NEUTRE,PESSIMISTE,PESSIMISTE,OPTIMISTE,POUR,Responsabilité mixte,Economie: privé seulement,Féministe: POUR féministe,Féministe: POUR féministe,Risque difficile,NSP,PLC,Homme,Francophones,60 ans et plus,Né Canada,Collégial,Revenus moyens
Ind_2441,2.009223,0.857192,-1.233501,Sou_NON,CONTRE,CONTRE,POUR,NEUTRE,CONTRE,CONTRE,ACCORD,ACCORD,PESSIMISTE,PESSIMISTE,PESSIMISTE,CONTRE,Responsabilité individuelle,Economie: privé seulement,Feministe: CONTRE féministe,Féministe: POUR féministe,Risque facile,PLQ,PLC,Homme,Non francophones,60 ans et plus,Né Canada,Universitaire,Revenus moyens
Ind_2442,0.782927,0.00587,-0.305555,Sou_NON,CONTRE,CONTRE,POUR,POUR,CONTRE,CONTRE,DÉSACCORD,NEUTRE,NEUTRE,PESSIMISTE,OPTIMISTE,CONTRE,Responsabilité mixte,Economie: privé et public,Feministre: NEUTRE féministe,Féministe: POUR féministe,Risque facile,NSP,BQ,Femme,Francophones,60 ans et plus,Né Canada,Universitaire,NSP
Ind_2443,-2.767031,0.991048,-0.614361,Sou_OUI,POUR,POUR,CONTRE,POUR,POUR,POUR,NEUTRE,DÉSACCORD,OPTIMISTE,NEUTRE,OPTIMISTE,CONTRE,Responsabilité individuelle,Economie: privé et public,Feministre: NEUTRE féministe,Féministe: POUR féministe,Risque facile,PQ,BQ,Homme,Francophones,60 ans et plus,Né Canada,Collégial,Revenus moyens
Ind_2444,1.194778,0.323457,0.894487,Sou_NON,CONTRE,CONTRE,POUR,NEUTRE,CONTRE,NSP,DÉSACCORD,NSP,PESSIMISTE,PESSIMISTE,OPTIMISTE,CONTRE,Responsabilité individuelle,NSP,NSP,Feministe: CONTRE féministe,Risque difficile,PCQ,PCC,Femme,Francophones,40-59 ans,Né Ailleurs,Universitaire,Revenus bas
Ind_2445,-2.059229,-0.583322,0.603811,Sou_OUI,POUR,POUR,CONTRE,POUR,POUR,NEUTRE,ACCORD,ACCORD,OPTIMISTE,OPTIMISTE,OPTIMISTE,CONTRE,Responsabilité mixte,Economie: privé et public,Feministre: NEUTRE féministe,Feministre: NEUTRE féministe,Risque difficile,NSP,BQ,Femme,Francophones,18-39 ans,Né Canada,Collégial,Revenus bas
Ind_2446,2.059379,-1.228308,-0.279622,Sou_NON,CONTRE,CONTRE,POUR,CONTRE,CONTRE,CONTRE,ACCORD,ACCORD,NEUTRE,PESSIMISTE,PESSIMISTE,NEUTRE,Responsabilité mixte,Economie: neutre,Féministe: POUR féministe,Féministe: POUR féministe,Risque difficile,NSP,PLC,Femme,Francophones,40-59 ans,Né Canada,Collégial,Revenus moyens
Ind_2447,1.562059,-0.861474,-1.020659,Sou_NON,CONTRE,CONTRE,POUR,CONTRE,POUR,CONTRE,ACCORD,ACCORD,NEUTRE,NSP,PESSIMISTE,CONTRE,Responsabilité mixte,Economie: privé et public,Féministe: POUR féministe,Féministe: POUR féministe,Risque facile,PLQ,PLC,Femme,Non francophones,40-59 ans,Né Canada,Collégial,Revenus moyens
Ind_2448,-1.777536,-1.674319,-0.68788,Sou_NSP,POUR,POUR,CONTRE,POUR,POUR,NEUTRE,ACCORD,ACCORD,OPTIMISTE,NEUTRE,OPTIMISTE,POUR,Responsabilité collective,Economie: privé et public,Féministe: POUR féministe,Féministe: POUR féministe,Risque facile,QS,NPD,Femme,Francophones,60 ans et plus,Né Canada,Collégial,NSP
Ind_2449,-0.306369,-1.131249,2.894284,Sou_OUI,NSP,NSP,NSP,NEUTRE,NEUTRE,NEUTRE,NSP,NSP,NSP,NSP,NSP,CONTRE,Responsabilité mixte,Economie: neutre,NSP,NSP,NSP,Vote prov: NSP,Vote fed: NSP,Femme,Francophones,40-59 ans,Né Canada,Universitaire,Revenus bas
Ind_2450,-0.771936,0.46776,0.4815,Sou_NON,CONTRE,POUR,POUR,POUR,CONTRE,POUR,NEUTRE,ACCORD,OPTIMISTE,OPTIMISTE,OPTIMISTE,CONTRE,Responsabilité individuelle,Economie: privé seulement,Feministre: NEUTRE féministe,Feministe: CONTRE féministe,Risque difficile,PQ,BQ,Femme,Francophones,60 ans et plus,Né Canada,Secondaire,Revenus bas
Ind_2451,1.333219,0.604543,0.24471,Sou_NON,CONTRE,POUR,POUR,CONTRE,CONTRE,NEUTRE,NEUTRE,NEUTRE,OPTIMISTE,PESSIMISTE,PESSIMISTE,CONTRE,Responsabilité individuelle,Economie: privé seulement,Feministre: NEUTRE féministe,Feministe: CONTRE féministe,Risque facile,CAQ,PLC,Femme,Non francophones,18-39 ans,Né Canada,Collégial,Revenus élevés
Ind_2452,-0.2193,1.134508,0.208947,Sou_OUI,CONTRE,CONTRE,POUR,POUR,POUR,CONTRE,ACCORD,DÉSACCORD,NEUTRE,NEUTRE,OPTIMISTE,CONTRE,Responsabilité individuelle,Economie: privé seulement,Feministe: CONTRE féministe,Feministe: CONTRE féministe,Risque facile,NSP,Vote fed: NSP,Homme,Francophones,18-39 ans,Né Canada,Secondaire,NSP
Ind_2453,1.494488,0.345313,-0.640519,Sou_NON,CONTRE,CONTRE,POUR,NEUTRE,CONTRE,NEUTRE,NEUTRE,NEUTRE,NEUTRE,PESSIMISTE,PESSIMISTE,CONTRE,Responsabilité individuelle,Economie: privé et public,Féministe: POUR féministe,Féministe: POUR féministe,Risque facile,PCQ,PCC,Homme,Non francophones,60 ans et plus,Né Canada,Universitaire,Revenus bas
Ind_2454,0.361215,0.87634,1.034997,Sou_NON,CONTRE,POUR,POUR,CONTRE,NSP,CONTRE,NEUTRE,DÉSACCORD,OPTIMISTE,NSP,NSP,CONTRE,Responsabilité individuelle,Economie: neutre,Feministre: NEUTRE féministe,Feministre: NEUTRE féministe,Risque facile,PQ,PLC,Femme,Francophones,60 ans et plus,Né Canada,Collégial,Revenus bas
Ind_2455,-2.327404,-0.498145,-1.184634,Sou_OUI,POUR,CONTRE,CONTRE,POUR,POUR,POUR,DÉSACCORD,DÉSACCORD,OPTIMISTE,OPTIMISTE,OPTIMISTE,POUR,Responsabilité collective,Economie: privé et public,Féministe: POUR féministe,Féministe: POUR féministe,Risque facile,PQ,BQ,Femme,Francophones,40-59 ans,Né Canada,Collégial,Revenus bas
Ind_2456,0.872188,-0.633682,1.345656,Sou_NON,CONTRE,CONTRE,POUR,CONTRE,NEUTRE,NEUTRE,NSP,NEUTRE,NSP,PESSIMISTE,NSP,CONTRE,Responsabilité mixte,NSP,NSP,NSP,Risque difficile,PQ,BQ,Femme,Francophones,60 ans et plus,Né Ailleurs,Universitaire,Revenus bas
Ind_2457,1.617413,-0.835414,-1.909954,Sou_NON,CONTRE,CONTRE,POUR,POUR,CONTRE,CONTRE,ACCORD,ACCORD,NSP,PESSIMISTE,PESSIMISTE,POUR,Responsabilité collective,Economie: privé et public,Féministe: POUR féministe,Féministe: POUR féministe,Risque facile,NSP,PLC,Homme,Non francophones,18-39 ans,Né Canada,Universitaire,Revenus bas
Ind_2458,0.343534,0.14062,0.317571,Sou_NON,CONTRE,POUR,POUR,POUR,NEUTRE,NEUTRE,DÉSACCORD,NEUTRE,NEUTRE,PESSIMISTE,NEUTRE,CONTRE,Responsabilité individuelle,Economie: neutre,Feministe: CONTRE féministe,Féministe: POUR féministe,Risque facile,PQ,PLC,Femme,Francophones,40-59 ans,Né Canada,Universitaire,Revenus moyens
Ind_2459,1.457209,-0.089364,-0.034593,Sou_NON,CONTRE,CONTRE,POUR,NSP,CONTRE,CONTRE,NSP,NEUTRE,NEUTRE,NEUTRE,NEUTRE,NEUTRE,Responsabilité mixte,Economie: privé et public,Feministe: CONTRE féministe,Féministe: POUR féministe,Risque facile,NSP,Vote fed: NSP,Homme,Non francophones,40-59 ans,Né Ailleurs,Collégial,Revenus élevés
Ind_2460,-2.825588,1.552727,-0.161697,Sou_OUI,POUR,POUR,CONTRE,POUR,POUR,POUR,DÉSACCORD,DÉSACCORD,OPTIMISTE,OPTIMISTE,OPTIMISTE,CONTRE,Responsabilité mixte,Economie: neutre,Feministre: NEUTRE féministe,Feministre: NEUTRE féministe,Risque facile,PQ,BQ,Homme,Francophones,60 ans et plus,Né Canada,Universitaire,Revenus moyens
Ind_2461,-2.524438,1.582605,0.267989,Sou_OUI,POUR,POUR,CONTRE,POUR,NEUTRE,POUR,DÉSACCORD,DÉSACCORD,OPTIMISTE,OPTIMISTE,OPTIMISTE,CONTRE,Responsabilité individuelle,Economie: privé seulement,Feministe: CONTRE féministe,Feministre: NEUTRE féministe,Risque difficile,PQ,BQ,Homme,Francophones,60 ans et plus,Né Canada,Collégial,Revenus moyens
Ind_2462,0.877634,-0.328424,0.387726,Sou_NON,CONTRE,NSP,POUR,NEUTRE,CONTRE,NEUTRE,DÉSACCORD,NEUTRE,OPTIMISTE,PESSIMISTE,NSP,CONTRE,Responsabilité mixte,NSP,Féministe: POUR féministe,Féministe: POUR féministe,Risque facile,PLQ,PLC,Homme,Francophones,18-39 ans,Né Canada,Collégial,NSP
Ind_2463,-2.119766,1.19062,-0.038427,Sou_OUI,POUR,CONTRE,CONTRE,POUR,POUR,NEUTRE,NEUTRE,DÉSACCORD,OPTIMISTE,OPTIMISTE,OPTIMISTE,CONTRE,Responsabilité mixte,Economie: privé et public,Feministre: NEUTRE féministe,Feministre: NEUTRE féministe,Risque facile,PQ,BQ,Homme,Francophones,40-59 ans,Né Canada,Collégial,Revenus élevés
Ind_2464,-0.870916,-0.514922,-1.298704,Sou_OUI,POUR,CONTRE,CONTRE,CONTRE,CONTRE,CONTRE,ACCORD,DÉSACCORD,OPTIMISTE,OPTIMISTE,OPTIMISTE,POUR,Responsabilité collective,Economie: privé et public,Féministe: POUR féministe,Féministe: POUR féministe,Risque difficile,PQ,PVQ,Homme,Francophones,40-59 ans,Né Canada,Collégial,Revenus bas
Ind_2465,1.911872,0.26742,-0.16063,Sou_NON,CONTRE,CONTRE,POUR,CONTRE,CONTRE,CONTRE,DÉSACCORD,DÉSACCORD,PESSIMISTE,PESSIMISTE,PESSIMISTE,CONTRE,Responsabilité mixte,Economie: neutre,Feministe: CONTRE féministe,Féministe: POUR féministe,Risque difficile,PLQ,PLC,Femme,Francophones,60 ans et plus,Né Canada,Universitaire,NSP
Ind_2466,1.040658,-1.476689,-0.467398,Sou_NSP,CONTRE,CONTRE,POUR,CONTRE,NEUTRE,CONTRE,NEUTRE,NEUTRE,NEUTRE,PESSIMISTE,OPTIMISTE,POUR,Responsabilité collective,Economie: privé et public,Féministe: POUR féministe,Féministe: POUR féministe,Risque facile,NSP,Vote fed: NSP,Femme,Francophones,18-39 ans,Né Ailleurs,Universitaire,Revenus élevés
Ind_2467,0.504465,-0.855372,0.739639,Sou_NSP,CONTRE,POUR,POUR,POUR,CONTRE,NSP,NEUTRE,ACCORD,NEUTRE,PESSIMISTE,NEUTRE,POUR,Responsabilité collective,Economie: privé et public,Feministre: NEUTRE féministe,Feministre: NEUTRE féministe,Risque difficile,Vote prov: NSP,Vote fed: NSP,Femme,Francophones,18-39 ans,Né Canada,Collégial,Revenus moyens
Ind_2468,2.143372,-0.058352,-0.073344,Sou_NON,CONTRE,CONTRE,POUR,CONTRE,CONTRE,CONTRE,ACCORD,NEUTRE,NEUTRE,PESSIMISTE,PESSIMISTE,CONTRE,Responsabilité mixte,Economie: privé et public,NSP,NSP,Risque facile,PCQ,PCC,Femme,Non francophones,18-39 ans,Né Canada,Collégial,Revenus bas
Ind_2469,2.088292,1.00915,-0.057194,Sou_NON,CONTRE,CONTRE,POUR,CONTRE,CONTRE,CONTRE,ACCORD,DÉSACCORD,NEUTRE,PESSIMISTE,PESSIMISTE,CONTRE,Responsabilité mixte,Economie: privé seulement,Feministe: CONTRE féministe,Feministre: NEUTRE féministe,Risque facile,PCQ,NSP,Femme,Non francophones,40-59 ans,Né Canada,Collégial,Revenus moyens
Ind_2470,-0.140026,-2.27006,2.256636,Sou_NSP,NSP,NSP,NSP,NEUTRE,NSP,NSP,NEUTRE,NSP,NSP,NSP,NSP,NEUTRE,Responsabilité collective,NSP,Féministe: POUR féministe,Féministe: POUR féministe,Risque difficile,NSP,Vote fed: NSP,Femme,Francophones,60 ans et plus,Né Canada,Secondaire,NSP
Ind_2471,1.103839,0.712045,-0.06566,Sou_NON,CONTRE,POUR,POUR,CONTRE,CONTRE,CONTRE,NEUTRE,ACCORD,NEUTRE,OPTIMISTE,PESSIMISTE,CONTRE,Responsabilité collective,Economie: privé seulement,Feministe: CONTRE féministe,Feministe: CONTRE féministe,Risque difficile,PCQ,PCC,Homme,Francophones,18-39 ans,Né Canada,Universitaire,Revenus moyens
Ind_2472,1.720515,0.836033,-1.102144,Sou_NON,CONTRE,CONTRE,POUR,CONTRE,CONTRE,CONTRE,DÉSACCORD,DÉSACCORD,PESSIMISTE,PESSIMISTE,PESSIMISTE,POUR,Responsabilité individuelle,Economie: privé et public,Feministre: NEUTRE féministe,Féministe: POUR féministe,Risque difficile,CAQ,PLC,Homme,Francophones,60 ans et plus,Né Canada,Universitaire,Revenus moyens
Ind_2473,1.890162,1.057944,-0.057935,Sou_NON,CONTRE,CONTRE,POUR,NEUTRE,CONTRE,NSP,ACCORD,ACCORD,NEUTRE,PESSIMISTE,PESSIMISTE,CONTRE,Responsabilité individuelle,Economie: neutre,Feministre: NEUTRE féministe,Feministre: NEUTRE féministe,Risque facile,PLQ,PLC,Homme,Non francophones,40-59 ans,Né Canada,Secondaire,NSP
Ind_2474,-2.684721,-1.008443,-0.760431,Sou_OUI,POUR,POUR,CONTRE,POUR,POUR,POUR,NEUTRE,NSP,OPTIMISTE,OPTIMISTE,OPTIMISTE,NEUTRE,Responsabilité mixte,Economie: privé et public,Féministe: POUR féministe,Féministe: POUR féministe,Risque facile,PQ,BQ,Femme,Francophones,60 ans et plus,Né Canada,Universitaire,Revenus bas
Ind_2475,1.415583,1.233351,0.34277,Sou_NON,CONTRE,POUR,POUR,CONTRE,CONTRE,CONTRE,NSP,ACCORD,PESSIMISTE,PESSIMISTE,PESSIMISTE,CONTRE,Responsabilité mixte,Economie: privé seulement,NSP,Feministre: NEUTRE féministe,Risque facile,PCQ,PLC,Homme,Francophones,60 ans et plus,Né Canada,Secondaire,Revenus bas
Ind_2476,-0.492533,-1.56328,1.664636,Sou_OUI,POUR,POUR,POUR,NEUTRE,NEUTRE,NEUTRE,NEUTRE,ACCORD,NEUTRE,NSP,NEUTRE,CONTRE,Responsabilité mixte,Economie: neutre,Féministe: POUR féministe,Féministe: POUR féministe,Risque difficile,Vote prov: NSP,Vote fed: NSP,Femme,Francophones,18-39 ans,Né Canada,Collégial,Revenus moyens
Ind_2477,0.777656,-0.52284,-0.991372,Sou_NON,CONTRE,CONTRE,POUR,NEUTRE,CONTRE,CONTRE,ACCORD,ACCORD,OPTIMISTE,PESSIMISTE,OPTIMISTE,CONTRE,Responsabilité collective,Economie: privé et public,Féministe: POUR féministe,Féministe: POUR féministe,Risque difficile,PQ,PLC,Homme,Francophones,60 ans et plus,Né Canada,Collégial,Revenus bas
Ind_2478,-2.276739,0.489527,0.15973,Sou_OUI,POUR,POUR,CONTRE,POUR,POUR,NEUTRE,DÉSACCORD,DÉSACCORD,OPTIMISTE,NEUTRE,OPTIMISTE,CONTRE,Responsabilité individuelle,Economie: neutre,Féministe: POUR féministe,Feministre: NEUTRE féministe,Risque facile,NSP,BQ,Femme,Francophones,60 ans et plus,Né Canada,Universitaire,Revenus moyens
Ind_2479,-1.457916,-2.210236,-0.662935,Sou_OUI,POUR,NSP,POUR,POUR,POUR,POUR,ACCORD,ACCORD,OPTIMISTE,NSP,OPTIMISTE,POUR,Responsabilité collective,Economie: privé et public,Féministe: POUR féministe,Féministe: POUR féministe,Risque difficile,QS,Vote fed: NSP,Femme,Francophones,18-39 ans,Né Canada,Universitaire,Revenus bas
Ind_2480,-1.40727,-0.342482,0.746232,Sou_NSP,NSP,NSP,NSP,POUR,POUR,POUR,DÉSACCORD,ACCORD,NEUTRE,NSP,OPTIMISTE,POUR,Responsabilité mixte,Economie: privé et public,Feministre: NEUTRE féministe,Feministre: NEUTRE féministe,Risque facile,PQ,BQ,Femme,Francophones,60 ans et plus,Né Canada,Collégial,NSP
Ind_2481,-0.074164,-1.23841,-0.976869,Sou_NON,CONTRE,CONTRE,POUR,POUR,POUR,CONTRE,NEUTRE,ACCORD,OPTIMISTE,NEUTRE,NEUTRE,POUR,Responsabilité individuelle,Economie: privé et public,Féministe: POUR féministe,Féministe: POUR féministe,Risque difficile,PQ,BQ,Femme,Francophones,18-39 ans,Né Canada,Universitaire,Revenus élevés
Ind_2482,-0.322066,-1.00121,1.423188,Sou_NSP,CONTRE,POUR,POUR,NEUTRE,NEUTRE,NEUTRE,ACCORD,ACCORD,OPTIMISTE,OPTIMISTE,OPTIMISTE,CONTRE,Responsabilité individuelle,NSP,Féministe: POUR féministe,Feministre: NEUTRE féministe,Risque difficile,NSP,Vote fed: NSP,Femme,Francophones,18-39 ans,Né Canada,Secondaire,Revenus moyens
Ind_2483,0.684326,-0.433248,0.101701,Sou_NON,CONTRE,POUR,CONTRE,CONTRE,CONTRE,CONTRE,DÉSACCORD,ACCORD,OPTIMISTE,PESSIMISTE,NEUTRE,CONTRE,Responsabilité individuelle,Economie: neutre,Féministe: POUR féministe,Féministe: POUR féministe,Risque difficile,NSP,PLC,Femme,Francophones,60 ans et plus,Né Canada,Secondaire,NSP
Ind_2484,0.938042,-0.344029,-0.788801,Sou_NON,CONTRE,CONTRE,POUR,POUR,CONTRE,CONTRE,DÉSACCORD,DÉSACCORD,NEUTRE,PESSIMISTE,PESSIMISTE,CONTRE,Responsabilité individuelle,Economie: privé et public,Féministe: POUR féministe,Féministe: POUR féministe,Risque difficile,PQ,BQ,Femme,Francophones,18-39 ans,Né Canada,Universitaire,NSP
Ind_2485,-0.186677,0.849407,0.60039,Sou_NSP,NSP,POUR,POUR,NEUTRE,CONTRE,NEUTRE,DÉSACCORD,DÉSACCORD,NEUTRE,PESSIMISTE,OPTIMISTE,CONTRE,Responsabilité collective,Economie: privé et public,Feministre: NEUTRE féministe,Feministre: NEUTRE féministe,Risque facile,PQ,PLC,Homme,Francophones,18-39 ans,Né Canada,Collégial,Revenus bas
Ind_2486,0.416804,0.074086,0.930564,Sou_NSP,CONTRE,POUR,POUR,NEUTRE,CONTRE,CONTRE,NSP,DÉSACCORD,OPTIMISTE,PESSIMISTE,OPTIMISTE,CONTRE,Responsabilité individuelle,Economie: neutre,Feministre: NEUTRE féministe,Féministe: POUR féministe,Risque facile,NSP,Vote fed: NSP,Femme,Francophones,18-39 ans,Né Ailleurs,Collégial,Revenus moyens
Ind_2487,-2.377608,0.866628,-0.282397,Sou_OUI,POUR,POUR,CONTRE,NSP,POUR,POUR,DÉSACCORD,DÉSACCORD,OPTIMISTE,OPTIMISTE,OPTIMISTE,CONTRE,Responsabilité collective,Economie: privé et public,Feministre: NEUTRE féministe,Feministe: CONTRE féministe,Risque difficile,PQ,BQ,Homme,Non francophones,60 ans et plus,Né Canada,Secondaire,NSP
Ind_2488,0.315912,-1.311571,-1.123736,Sou_NSP,CONTRE,POUR,POUR,POUR,CONTRE,CONTRE,ACCORD,ACCORD,NEUTRE,PESSIMISTE,OPTIMISTE,NEUTRE,Responsabilité individuelle,Economie: privé et public,Féministe: POUR féministe,Féministe: POUR féministe,Risque facile,PQ,PLC,Femme,Francophones,18-39 ans,Né Canada,Universitaire,NSP
Ind_2489,1.354868,1.378821,-0.478914,Sou_NON,CONTRE,CONTRE,POUR,CONTRE,CONTRE,CONTRE,DÉSACCORD,DÉSACCORD,PESSIMISTE,PESSIMISTE,NEUTRE,CONTRE,Responsabilité mixte,Economie: privé et public,Feministre: NEUTRE féministe,Feministre: NEUTRE féministe,Risque facile,PQ,PLC,Homme,Francophones,18-39 ans,Né Canada,Universitaire,Revenus moyens
Ind_2490,-0.547189,-0.913271,-0.366135,Sou_NSP,CONTRE,POUR,CONTRE,POUR,CONTRE,CONTRE,NEUTRE,NEUTRE,OPTIMISTE,PESSIMISTE,OPTIMISTE,POUR,Responsabilité collective,Economie: privé et public,Feministe: CONTRE féministe,Féministe: POUR féministe,Risque difficile,PQ,BQ,Femme,Francophones,40-59 ans,Né Ailleurs,Collégial,Revenus bas
Ind_2491,1.366067,0.709131,-1.144029,Sou_NON,CONTRE,CONTRE,POUR,NEUTRE,POUR,CONTRE,ACCORD,DÉSACCORD,NEUTRE,PESSIMISTE,PESSIMISTE,POUR,Responsabilité individuelle,Economie: privé et public,Féministe: POUR féministe,Feministre: NEUTRE féministe,Risque facile,PLQ,PLC,Homme,Francophones,60 ans et plus,Né Ailleurs,Collégial,Revenus moyens
Ind_2492,1.215442,0.877685,0.640006,Sou_NON,CONTRE,CONTRE,POUR,NEUTRE,NEUTRE,CONTRE,DÉSACCORD,DÉSACCORD,OPTIMISTE,PESSIMISTE,PESSIMISTE,CONTRE,Responsabilité collective,Economie: privé seulement,Feministre: NEUTRE féministe,Feministre: NEUTRE féministe,Risque facile,NSP,PLC,Femme,Francophones,18-39 ans,Né Canada,Secondaire,Revenus bas
Ind_2493,0.013759,-0.757636,2.768185,Sou_NSP,POUR,POUR,POUR,NEUTRE,NEUTRE,NEUTRE,NSP,NSP,PESSIMISTE,PESSIMISTE,NSP,CONTRE,Responsabilité mixte,Economie: privé seulement,NSP,NSP,Risque difficile,NSP,Vote fed: NSP,Femme,Francophones,40-59 ans,Né Canada,Collégial,Revenus bas
Ind_2494,1.689897,-1.086027,-0.681743,Sou_NON,CONTRE,CONTRE,POUR,CONTRE,CONTRE,CONTRE,NEUTRE,ACCORD,NEUTRE,NEUTRE,PESSIMISTE,CONTRE,Responsabilité collective,Economie: privé et public,Féministe: POUR féministe,Féministe: POUR féministe,NSP,PLQ,PLC,Femme,Francophones,18-39 ans,Né Canada,Collégial,NSP
Ind_2495,1.663359,-0.328695,0.131249,Sou_NON,CONTRE,CONTRE,POUR,CONTRE,CONTRE,CONTRE,NEUTRE,NEUTRE,OPTIMISTE,PESSIMISTE,PESSIMISTE,NEUTRE,Responsabilité collective,Economie: privé et public,Feministre: NEUTRE féministe,NSP,Risque difficile,PCQ,PCC,Femme,Francophones,18-39 ans,Né Canada,Collégial,Revenus bas
Ind_2496,-0.344137,-0.574615,0.550223,Sou_NON,POUR,POUR,CONTRE,CONTRE,CONTRE,NEUTRE,NEUTRE,ACCORD,PESSIMISTE,OPTIMISTE,NEUTRE,NEUTRE,Responsabilité mixte,Economie: privé seulement,Féministe: POUR féministe,Feministre: NEUTRE féministe,Risque facile,PQ,NPD,Femme,Francophones,18-39 ans,Né Canada,Collégial,NSP
Ind_2497,0.838217,-0.980989,0.698256,Sou_NON,CONTRE,CONTRE,POUR,CONTRE,NEUTRE,NEUTRE,ACCORD,NSP,OPTIMISTE,NEUTRE,NSP,POUR,Responsabilité mixte,Economie: privé et public,Feministre: NEUTRE féministe,NSP,Risque facile,NSP,Vote fed: NSP,Femme,Francophones,18-39 ans,Né Ailleurs,Universitaire,Revenus bas
Ind_2498,-1.457191,0.510627,0.658737,Sou_OUI,POUR,POUR,NSP,POUR,POUR,NEUTRE,ACCORD,DÉSACCORD,OPTIMISTE,PESSIMISTE,OPTIMISTE,CONTRE,Responsabilité collective,Economie: neutre,Feministe: CONTRE féministe,Feministe: CONTRE féministe,Risque difficile,NSP,PCC,Homme,Francophones,40-59 ans,Né Canada,Secondaire,NSP
Ind_2499,-2.555181,0.78998,-0.328671,Sou_OUI,POUR,POUR,CONTRE,POUR,POUR,POUR,DÉSACCORD,DÉSACCORD,OPTIMISTE,NEUTRE,OPTIMISTE,CONTRE,Responsabilité individuelle,Economie: privé et public,Feministe: CONTRE féministe,Féministe: POUR féministe,Risque difficile,CAQ,BQ,Homme,Francophones,60 ans et plus,Né Canada,Collégial,NSP
Ind_2500,1.602285,1.180042,0.906435,Sou_NON,CONTRE,CONTRE,POUR,NEUTRE,CONTRE,CONTRE,NEUTRE,NEUTRE,PESSIMISTE,PESSIMISTE,PESSIMISTE,CONTRE,Responsabilité mixte,Economie: neutre,Feministe: CONTRE féministe,Feministre: NEUTRE féministe,Risque facile,Vote prov: NSP,Vote fed: NSP,Homme,Francophones,40-59 ans,Né Canada,Collégial,Revenus bas
Ind_2501,0.263849,-0.82192,2.20974,Sou_NON,CONTRE,NSP,POUR,NEUTRE,POUR,NEUTRE,DÉSACCORD,NEUTRE,PESSIMISTE,NSP,OPTIMISTE,NEUTRE,Responsabilité mixte,Economie: neutre,NSP,NSP,Risque difficile,NSP,Vote fed: NSP,Femme,Francophones,40-59 ans,Né Canada,Collégial,Revenus bas
Ind_2502,-1.79445,-0.533702,-0.210908,Sou_OUI,POUR,CONTRE,NSP,POUR,POUR,POUR,DÉSACCORD,ACCORD,OPTIMISTE,OPTIMISTE,OPTIMISTE,CONTRE,Responsabilité individuelle,Economie: neutre,Féministe: POUR féministe,Féministe: POUR féministe,Risque difficile,PQ,PLC,Femme,Francophones,60 ans et plus,Né Canada,Collégial,NSP
Ind_2503,2.065201,0.045328,0.174699,Sou_NON,CONTRE,CONTRE,POUR,CONTRE,CONTRE,CONTRE,DÉSACCORD,NEUTRE,NEUTRE,PESSIMISTE,PESSIMISTE,CONTRE,Responsabilité mixte,Economie: privé et public,Feministre: NEUTRE féministe,Feministre: NEUTRE féministe,Risque difficile,NSP,Vote fed: NSP,Femme,Non francophones,18-39 ans,Né Canada,Universitaire,Revenus moyens
Ind_2504,1.212553,0.432916,0.344423,Sou_NON,CONTRE,CONTRE,POUR,NEUTRE,NSP,NEUTRE,ACCORD,NEUTRE,NEUTRE,NEUTRE,NEUTRE,CONTRE,Responsabilité individuelle,NSP,NSP,NSP,Risque facile,PLQ,PLC,Homme,Non francophones,60 ans et plus,Né Ailleurs,Collégial,Revenus moyens
Ind_2505,1.578966,0.908735,-0.731679,Sou_NON,CONTRE,NSP,POUR,CONTRE,CONTRE,CONTRE,DÉSACCORD,DÉSACCORD,NEUTRE,PESSIMISTE,PESSIMISTE,POUR,Responsabilité individuelle,Economie: privé et public,Feministe: CONTRE féministe,Féministe: POUR féministe,Risque facile,NSP,PLC,Homme,Francophones,60 ans et plus,Né Canada,Collégial,Revenus moyens
Ind_2506,1.134971,-0.395275,2.18883,Sou_NON,CONTRE,CONTRE,POUR,NEUTRE,NEUTRE,NEUTRE,DÉSACCORD,DÉSACCORD,NEUTRE,NSP,NSP,CONTRE,Responsabilité mixte,Economie: neutre,NSP,NSP,Risque difficile,NSP,Vote fed: NSP,Femme,Non francophones,40-59 ans,Né Ailleurs,Collégial,NSP
Ind_2507,1.772256,-0.88613,-0.076621,Sou_NON,CONTRE,CONTRE,POUR,CONTRE,CONTRE,NEUTRE,NSP,ACCORD,NEUTRE,PESSIMISTE,PESSIMISTE,CONTRE,Responsabilité mixte,Economie: privé seulement,Féministe: POUR féministe,Féministe: POUR féministe,Risque difficile,NSP,PLC,Femme,Francophones,60 ans et plus,Né Ailleurs,Universitaire,Revenus moyens
Ind_2508,-2.246912,-0.610069,-0.301475,Sou_OUI,POUR,CONTRE,CONTRE,POUR,POUR,POUR,NEUTRE,NSP,OPTIMISTE,OPTIMISTE,OPTIMISTE,NEUTRE,Responsabilité mixte,Economie: privé et public,Féministe: POUR féministe,NSP,Risque facile,PQ,BQ,Femme,Francophones,60 ans et plus,Né Canada,Collégial,Revenus bas
Ind_2509,1.258884,0.913003,-1.202918,Sou_NON,CONTRE,CONTRE,POUR,POUR,CONTRE,CONTRE,NEUTRE,DÉSACCORD,PESSIMISTE,PESSIMISTE,OPTIMISTE,NEUTRE,Responsabilité individuelle,Economie: privé et public,Feministre: NEUTRE féministe,Féministe: POUR féministe,Risque facile,PLQ,PLC,Homme,Non francophones,60 ans et plus,Né Canada,Collégial,Revenus élevés
Ind_2510,-0.008452,-1.019168,2.382241,Sou_OUI,CONTRE,NSP,NSP,NEUTRE,NEUTRE,NEUTRE,DÉSACCORD,NEUTRE,NSP,NSP,NSP,NEUTRE,Responsabilité individuelle,Economie: neutre,NSP,NSP,Risque difficile,NSP,Vote fed: NSP,Femme,Francophones,40-59 ans,Né Canada,Universitaire,Revenus bas
Ind_2511,1.241926,-0.583807,1.234759,Sou_NON,CONTRE,CONTRE,POUR,NSP,CONTRE,NEUTRE,NSP,DÉSACCORD,PESSIMISTE,PESSIMISTE,NSP,CONTRE,Responsabilité individuelle,Economie: neutre,Féministe: POUR féministe,Féministe: POUR féministe,Risque difficile,NSP,Vote fed: NSP,Femme,Francophones,40-59 ans,Né Canada,Collégial,Revenus bas
Ind_2512,1.241361,-0.453239,0.053995,Sou_NON,CONTRE,POUR,POUR,NSP,CONTRE,CONTRE,ACCORD,ACCORD,NEUTRE,PESSIMISTE,NSP,NEUTRE,Responsabilité individuelle,NSP,Feministre: NEUTRE féministe,Féministe: POUR féministe,Risque facile,QS,PLC,Femme,Francophones,60 ans et plus,Né Canada,Collégial,Revenus bas
Ind_2513,2.236256,0.769931,-0.848191,Sou_NON,CONTRE,CONTRE,POUR,CONTRE,CONTRE,CONTRE,ACCORD,NEUTRE,NEUTRE,PESSIMISTE,PESSIMISTE,CONTRE,Responsabilité mixte,Economie: privé et public,Feministe: CONTRE féministe,Feministre: NEUTRE féministe,Risque facile,PLQ,PLC,Homme,Non francophones,18-39 ans,Né Canada,Collégial,Revenus élevés
Ind_2514,-2.665703,-1.10367,-0.812133,Sou_OUI,POUR,POUR,CONTRE,POUR,POUR,POUR,DÉSACCORD,DÉSACCORD,OPTIMISTE,OPTIMISTE,OPTIMISTE,POUR,Responsabilité collective,Economie: privé et public,Féministe: POUR féministe,Féministe: POUR féministe,Risque difficile,PQ,BQ,Femme,Francophones,18-39 ans,Né Canada,Collégial,NSP
Ind_2515,-2.213029,0.287358,0.242464,Sou_NSP,POUR,POUR,CONTRE,POUR,POUR,POUR,NEUTRE,DÉSACCORD,OPTIMISTE,NSP,OPTIMISTE,CONTRE,Responsabilité mixte,Economie: privé et public,Feministre: NEUTRE féministe,Féministe: POUR féministe,Risque difficile,PQ,PCC,Homme,Francophones,40-59 ans,Né Canada,Collégial,Revenus élevés
Ind_2516,-2.573877,-1.266586,-1.245643,Sou_OUI,POUR,POUR,CONTRE,POUR,POUR,POUR,ACCORD,ACCORD,OPTIMISTE,NEUTRE,OPTIMISTE,POUR,Responsabilité collective,Economie: privé et public,Féministe: POUR féministe,Féministe: POUR féministe,Risque facile,PQ,BQ,Femme,Francophones,60 ans et plus,Né Canada,Collégial,Revenus bas
Ind_2517,-0.956503,0.947552,0.620472,Sou_NON,POUR,POUR,POUR,POUR,POUR,POUR,ACCORD,NEUTRE,PESSIMISTE,NSP,OPTIMISTE,CONTRE,Responsabilité individuelle,Economie: privé seulement,Feministe: CONTRE féministe,Feministe: CONTRE féministe,Risque facile,NSP,Vote fed: NSP,Homme,Francophones,40-59 ans,Né Canada,Secondaire,Revenus bas
Ind_2518,1.005638,-1.034236,0.177243,Sou_NON,CONTRE,CONTRE,POUR,CONTRE,CONTRE,NEUTRE,NEUTRE,NEUTRE,OPTIMISTE,PESSIMISTE,OPTIMISTE,CONTRE,Responsabilité collective,Economie: neutre,Féministe: POUR féministe,Féministe: POUR féministe,Risque difficile,PLQ,PVQ,Femme,Francophones,18-39 ans,Né Canada,Secondaire,Revenus bas
Ind_2519,1.013615,0.023656,1.735275,Sou_NON,CONTRE,CONTRE,POUR,NEUTRE,CONTRE,NEUTRE,NSP,NSP,NSP,NSP,NSP,NEUTRE,Responsabilité individuelle,NSP,NSP,NSP,Risque facile,NSP,Vote fed: NSP,Homme,Francophones,40-59 ans,Né Canada,Collégial,Revenus bas
Ind_2520,1.904469,0.626943,-0.003984,Sou_NON,CONTRE,CONTRE,POUR,CONTRE,CONTRE,CONTRE,ACCORD,ACCORD,NEUTRE,PESSIMISTE,PESSIMISTE,CONTRE,Responsabilité mixte,Economie: privé seulement,NSP,NSP,Risque facile,Vote prov: NSP,NPD,Homme,Francophones,40-59 ans,Né Ailleurs,Collégial,NSP
Ind_2521,0.564207,0.48729,1.052083,Sou_NON,CONTRE,CONTRE,NSP,CONTRE,NEUTRE,NEUTRE,DÉSACCORD,DÉSACCORD,OPTIMISTE,NSP,PESSIMISTE,CONTRE,Responsabilité mixte,Economie: neutre,Feministe: CONTRE féministe,Féministe: POUR féministe,Risque difficile,PCQ,PCC,Homme,Francophones,18-39 ans,Né Canada,Secondaire,NSP
Ind_2522,1.621069,1.492736,-0.18303,Sou_NON,CONTRE,CONTRE,POUR,CONTRE,CONTRE,CONTRE,ACCORD,DÉSACCORD,NEUTRE,PESSIMISTE,NSP,NEUTRE,Responsabilité individuelle,Economie: privé seulement,Feministre: NEUTRE féministe,Feministre: NEUTRE féministe,Risque facile,PCQ,PCC,Homme,Francophones,60 ans et plus,Né Canada,Universitaire,NSP
Ind_2523,-0.167497,0.566341,-0.640735,Sou_OUI,POUR,POUR,POUR,POUR,NEUTRE,NSP,ACCORD,DÉSACCORD,PESSIMISTE,PESSIMISTE,PESSIMISTE,POUR,Responsabilité individuelle,Economie: privé seulement,Feministe: CONTRE féministe,Féministe: POUR féministe,Risque facile,Vote prov: NSP,Vote fed: NSP,Homme,Non francophones,60 ans et plus,Né Ailleurs,Universitaire,Revenus élevés
Ind_2524,1.593081,-1.234073,-0.761441,Sou_NON,CONTRE,POUR,POUR,CONTRE,CONTRE,CONTRE,ACCORD,ACCORD,NEUTRE,PESSIMISTE,PESSIMISTE,CONTRE,Responsabilité collective,Economie: privé et public,Féministe: POUR féministe,Féministe: POUR féministe,Risque difficile,PCQ,PLC,Femme,Francophones,18-39 ans,Né Canada,Collégial,Revenus moyens
Ind_2525,1.569027,0.338395,-0.6478,Sou_NON,CONTRE,CONTRE,POUR,POUR,CONTRE,CONTRE,ACCORD,NEUTRE,PESSIMISTE,PESSIMISTE,PESSIMISTE,NEUTRE,Responsabilité collective,Economie: neutre,Feministre: NEUTRE féministe,Feministe: CONTRE féministe,Risque facile,NSP,PLC,Homme,Francophones,18-39 ans,Né Canada,Universitaire,Revenus élevés
Ind_2526,-0.919967,0.287727,-0.979125,Sou_OUI,CONTRE,CONTRE,POUR,POUR,CONTRE,POUR,DÉSACCORD,DÉSACCORD,OPTIMISTE,OPTIMISTE,OPTIMISTE,CONTRE,Responsabilité individuelle,Economie: privé et public,Féministe: POUR féministe,Féministe: POUR féministe,Risque difficile,PQ,PCC,Homme,Francophones,18-39 ans,Né Canada,Universitaire,Revenus bas
Ind_2527,1.347453,0.177392,0.406126,Sou_NON,CONTRE,NSP,POUR,CONTRE,CONTRE,CONTRE,NEUTRE,DÉSACCORD,NEUTRE,PESSIMISTE,OPTIMISTE,CONTRE,Responsabilité mixte,Economie: privé et public,Feministre: NEUTRE féministe,Feministre: NEUTRE féministe,Risque difficile,NSP,PLC,Femme,Francophones,40-59 ans,Né Canada,Universitaire,Revenus moyens
Ind_2528,-0.628438,1.602325,0.227282,Sou_NON,CONTRE,POUR,POUR,POUR,NEUTRE,POUR,NEUTRE,DÉSACCORD,OPTIMISTE,PESSIMISTE,OPTIMISTE,CONTRE,Responsabilité collective,Economie: privé seulement,Feministre: NEUTRE féministe,Feministre: NEUTRE féministe,Risque facile,PQ,PCC,Homme,Francophones,60 ans et plus,Né Canada,Collégial,Revenus élevés
Ind_2529,1.791532,0.308867,-0.444064,Sou_NON,CONTRE,CONTRE,POUR,CONTRE,CONTRE,CONTRE,NEUTRE,DÉSACCORD,PESSIMISTE,PESSIMISTE,PESSIMISTE,CONTRE,Responsabilité collective,Economie: privé et public,Feministre: NEUTRE féministe,Féministe: POUR féministe,Risque facile,CAQ,PLC,Femme,Francophones,60 ans et plus,Né Canada,Collégial,NSP
Ind_2530,-2.686107,-1.019426,-0.458524,Sou_OUI,POUR,POUR,CONTRE,POUR,POUR,POUR,NSP,DÉSACCORD,OPTIMISTE,OPTIMISTE,OPTIMISTE,CONTRE,Responsabilité mixte,Economie: privé et public,Féministe: POUR féministe,Féministe: POUR féministe,Risque difficile,PQ,BQ,Femme,Francophones,18-39 ans,Né Canada,Universitaire,Revenus bas
Ind_2531,1.55526,-0.14237,0.97823,Sou_NON,CONTRE,NSP,POUR,CONTRE,CONTRE,CONTRE,NSP,NSP,NEUTRE,PESSIMISTE,NEUTRE,NEUTRE,Responsabilité individuelle,Economie: neutre,NSP,NSP,Risque difficile,NSP,Vote fed: NSP,Homme,Francophones,18-39 ans,Né Canada,Universitaire,Revenus moyens
Ind_2532,2.208668,-0.691081,-1.599741,Sou_NON,CONTRE,CONTRE,POUR,CONTRE,CONTRE,CONTRE,NSP,NEUTRE,NEUTRE,PESSIMISTE,PESSIMISTE,NEUTRE,Responsabilité collective,Economie: privé et public,Féministe: POUR féministe,Féministe: POUR féministe,Risque difficile,PLQ,PLC,Homme,Non francophones,40-59 ans,Né Ailleurs,Universitaire,Revenus moyens
Ind_2533,0.741647,0.916853,-0.135446,Sou_OUI,CONTRE,CONTRE,POUR,NEUTRE,CONTRE,POUR,NEUTRE,NEUTRE,PESSIMISTE,PESSIMISTE,NEUTRE,CONTRE,Responsabilité collective,Economie: privé seulement,Feministre: NEUTRE féministe,Feministre: NEUTRE féministe,Risque facile,PLQ,PLC,Homme,Francophones,18-39 ans,Né Canada,Universitaire,Revenus élevés
Ind_2534,0.600881,-0.256234,0.759805,Sou_NSP,CONTRE,CONTRE,POUR,NSP,POUR,CONTRE,ACCORD,NEUTRE,NEUTRE,NEUTRE,NSP,CONTRE,Responsabilité individuelle,Economie: privé et public,NSP,Feministre: NEUTRE féministe,Risque difficile,CAQ,PLC,Femme,Francophones,60 ans et plus,Né Canada,Collégial,Revenus bas
Ind_2535,1.704723,0.569194,-1.191476,Sou_NON,CONTRE,CONTRE,POUR,CONTRE,NEUTRE,CONTRE,ACCORD,DÉSACCORD,NEUTRE,PESSIMISTE,PESSIMISTE,POUR,Responsabilité collective,Economie: privé seulement,Feministre: NEUTRE féministe,Féministe: POUR féministe,Risque facile,PLQ,PLC,Homme,Francophones,60 ans et plus,Né Canada,Universitaire,Revenus élevés
Ind_2536,-2.853427,1.442295,-0.730879,Sou_OUI,POUR,POUR,CONTRE,POUR,POUR,POUR,DÉSACCORD,DÉSACCORD,OPTIMISTE,OPTIMISTE,OPTIMISTE,CONTRE,Responsabilité individuelle,Economie: privé seulement,Féministe: POUR féministe,Feministre: NEUTRE féministe,Risque facile,PQ,BQ,Homme,Francophones,60 ans et plus,Né Canada,Universitaire,Revenus moyens
Ind_2537,-1.591455,-0.908694,-0.646021,Sou_OUI,POUR,POUR,POUR,POUR,POUR,POUR,NEUTRE,NEUTRE,OPTIMISTE,NEUTRE,NEUTRE,NEUTRE,Responsabilité collective,Economie: privé et public,Feministre: NEUTRE féministe,Féministe: POUR féministe,Risque facile,PQ,PLC,Femme,Francophones,18-39 ans,Né Ailleurs,Universitaire,Revenus bas
Ind_2538,1.621423,1.281994,1.059684,Sou_NON,CONTRE,CONTRE,POUR,NEUTRE,CONTRE,CONTRE,DÉSACCORD,DÉSACCORD,PESSIMISTE,PESSIMISTE,PESSIMISTE,CONTRE,Responsabilité individuelle,Economie: neutre,Feministre: NEUTRE féministe,Feministre: NEUTRE féministe,Risque facile,NSP,Vote fed: NSP,Femme,Francophones,40-59 ans,Né Canada,Collégial,Revenus bas
Ind_2539,0.73096,1.012678,0.964527,Sou_NSP,CONTRE,POUR,POUR,NEUTRE,CONTRE,CONTRE,DÉSACCORD,DÉSACCORD,NEUTRE,PESSIMISTE,NEUTRE,POUR,Responsabilité mixte,Economie: privé seulement,NSP,Feministre: NEUTRE féministe,Risque facile,NSP,Vote fed: NSP,Homme,Francophones,60 ans et plus,Né Canada,Collégial,Revenus élevés
Ind_2540,1.736465,0.940899,-1.036264,Sou_NON,CONTRE,CONTRE,POUR,CONTRE,CONTRE,CONTRE,ACCORD,NEUTRE,OPTIMISTE,PESSIMISTE,PESSIMISTE,CONTRE,Responsabilité individuelle,Economie: privé et public,Féministe: POUR féministe,Feministre: NEUTRE féministe,Risque facile,PLQ,PCC,Homme,Non francophones,60 ans et plus,Né Canada,Secondaire,Revenus bas
Ind_2541,1.909407,-0.863581,-0.974094,Sou_NON,CONTRE,CONTRE,POUR,CONTRE,CONTRE,CONTRE,ACCORD,NEUTRE,NEUTRE,PESSIMISTE,PESSIMISTE,POUR,Responsabilité mixte,Economie: privé et public,Féministe: POUR féministe,Féministe: POUR féministe,Risque facile,CAQ,PLC,Femme,Francophones,60 ans et plus,Né Canada,Collégial,Revenus bas
Ind_2542,1.381013,1.483693,-0.543673,Sou_NON,CONTRE,CONTRE,POUR,POUR,CONTRE,CONTRE,ACCORD,DÉSACCORD,NEUTRE,PESSIMISTE,PESSIMISTE,CONTRE,Responsabilité individuelle,Economie: privé seulement,Feministe: CONTRE féministe,Féministe: POUR féministe,Risque facile,PCQ,PCC,Homme,Francophones,40-59 ans,Né Canada,Secondaire,Revenus moyens
Ind_2543,-2.716893,-0.605172,-1.019879,Sou_OUI,POUR,POUR,CONTRE,POUR,POUR,POUR,DÉSACCORD,DÉSACCORD,OPTIMISTE,NEUTRE,OPTIMISTE,POUR,Responsabilité collective,Economie: privé et public,Féministe: POUR féministe,Féministe: POUR féministe,Risque facile,PQ,BQ,Femme,Francophones,60 ans et plus,Né Canada,Collégial,NSP
Ind_2544,-1.851532,0.998038,0.843454,Sou_NSP,NSP,POUR,CONTRE,POUR,NSP,NSP,DÉSACCORD,DÉSACCORD,OPTIMISTE,NSP,OPTIMISTE,CONTRE,Responsabilité mixte,NSP,Feministre: NEUTRE féministe,Feministre: NEUTRE féministe,Risque facile,PQ,BQ,Homme,Francophones,60 ans et plus,Né Canada,Universitaire,Revenus bas
Ind_2545,-1.457523,-1.376508,0.651091,Sou_OUI,POUR,POUR,CONTRE,POUR,NEUTRE,NEUTRE,ACCORD,DÉSACCORD,OPTIMISTE,OPTIMISTE,NEUTRE,NEUTRE,Responsabilité mixte,Economie: neutre,Féministe: POUR féministe,Féministe: POUR féministe,Risque difficile,NSP,PCC,Femme,Francophones,18-39 ans,Né Canada,Collégial,Revenus moyens
Ind_2546,-2.380209,-0.18256,0.215443,Sou_OUI,POUR,POUR,CONTRE,POUR,POUR,POUR,NEUTRE,DÉSACCORD,NEUTRE,OPTIMISTE,OPTIMISTE,POUR,Responsabilité mixte,Economie: privé seulement,Féministe: POUR féministe,Feministre: NEUTRE féministe,Risque difficile,PQ,BQ,Femme,Francophones,60 ans et plus,Né Canada,Collégial,Revenus bas
Ind_2547,-0.015701,-1.88876,2.99339,Sou_NSP,NSP,NSP,NSP,NEUTRE,NEUTRE,NEUTRE,NSP,NSP,NSP,NSP,NSP,NEUTRE,Responsabilité mixte,NSP,NSP,NSP,NSP,NSP,Vote fed: NSP,Femme,Francophones,18-39 ans,Né Canada,Universitaire,NSP
Ind_2548,0.467853,-1.843884,0.18114,Sou_NSP,NSP,NSP,POUR,POUR,CONTRE,NSP,NEUTRE,NEUTRE,NEUTRE,PESSIMISTE,NSP,POUR,Responsabilité mixte,Economie: privé et public,Féministe: POUR féministe,Féministe: POUR féministe,Risque facile,NSP,PLC,Femme,Francophones,18-39 ans,Né Canada,Universitaire,NSP
Ind_2549,0.862746,-1.144334,1.852962,Sou_NON,CONTRE,NSP,POUR,NSP,NSP,NSP,NSP,NSP,NSP,PESSIMISTE,NSP,CONTRE,NSP,NSP,Feministe: CONTRE féministe,Féministe: POUR féministe,Risque difficile,QS,Vote fed: NSP,Femme,Francophones,18-39 ans,Né Canada,Secondaire,Revenus bas
Ind_2550,1.778475,0.161791,-1.252238,Sou_NON,CONTRE,POUR,POUR,CONTRE,CONTRE,CONTRE,ACCORD,ACCORD,PESSIMISTE,PESSIMISTE,PESSIMISTE,POUR,Responsabilité mixte,Economie: privé et public,Féministe: POUR féministe,Feministre: NEUTRE féministe,Risque facile,PLQ,PLC,Homme,Non francophones,60 ans et plus,Né Ailleurs,Secondaire,Revenus bas
Ind_2551,0.312701,-1.201247,2.14214,Sou_NSP,NSP,NSP,POUR,NSP,NSP,NSP,NEUTRE,NEUTRE,NEUTRE,NSP,NEUTRE,NSP,Responsabilité mixte,NSP,NSP,NSP,Risque facile,NSP,PLC,Femme,Francophones,18-39 ans,Né Canada,Collégial,Revenus bas
Ind_2552,-2.796029,1.590887,0.304506,Sou_OUI,POUR,POUR,CONTRE,POUR,POUR,POUR,DÉSACCORD,DÉSACCORD,OPTIMISTE,OPTIMISTE,OPTIMISTE,CONTRE,Responsabilité mixte,Economie: neutre,Feministre: NEUTRE féministe,Feministre: NEUTRE féministe,Risque facile,PQ,BQ,Homme,Francophones,40-59 ans,Né Canada,Secondaire,Revenus bas
Ind_2553,0.055925,0.902329,-0.596029,Sou_NON,CONTRE,CONTRE,CONTRE,POUR,POUR,POUR,NEUTRE,NEUTRE,NEUTRE,NEUTRE,NEUTRE,CONTRE,Responsabilité individuelle,Economie: privé seulement,Feministe: CONTRE féministe,Féministe: POUR féministe,Risque facile,PLQ,PLC,Homme,Non francophones,40-59 ans,Né Canada,Collégial,Revenus moyens
Ind_2554,1.212076,0.770231,0.115436,Sou_NON,CONTRE,CONTRE,POUR,CONTRE,CONTRE,CONTRE,NEUTRE,NEUTRE,PESSIMISTE,PESSIMISTE,OPTIMISTE,NEUTRE,Responsabilité mixte,Economie: privé et public,Feministre: NEUTRE féministe,Feministre: NEUTRE féministe,Risque facile,NSP,BQ,Homme,Francophones,40-59 ans,Né Canada,Secondaire,NSP
Ind_2555,2.051777,1.007245,-0.698508,Sou_NON,CONTRE,CONTRE,POUR,CONTRE,CONTRE,CONTRE,ACCORD,NEUTRE,NSP,PESSIMISTE,PESSIMISTE,NEUTRE,Responsabilité individuelle,Economie: privé et public,Feministre: NEUTRE féministe,Feministre: NEUTRE féministe,Risque facile,PLQ,PCC,Homme,Non francophones,60 ans et plus,Né Canada,Collégial,NSP
Ind_2556,-2.551485,-1.293815,-0.093278,Sou_OUI,POUR,POUR,CONTRE,POUR,POUR,POUR,ACCORD,NEUTRE,OPTIMISTE,NEUTRE,OPTIMISTE,NEUTRE,Responsabilité mixte,Economie: neutre,Féministe: POUR féministe,Féministe: POUR féministe,Risque difficile,PQ,BQ,Femme,Francophones,60 ans et plus,Né Canada,Secondaire,Revenus bas
Ind_2557,0.087928,-0.531896,0.578126,Sou_NSP,CONTRE,POUR,POUR,NSP,NSP,NSP,ACCORD,ACCORD,NEUTRE,NEUTRE,NEUTRE,CONTRE,Responsabilité individuelle,Economie: neutre,Féministe: POUR féministe,Féministe: POUR féministe,Risque difficile,PCQ,BQ,Homme,Non francophones,40-59 ans,Né Canada,Secondaire,Revenus bas
Ind_2558,-0.353692,-0.022613,0.998482,Sou_NSP,NSP,POUR,CONTRE,NEUTRE,CONTRE,CONTRE,NEUTRE,DÉSACCORD,OPTIMISTE,PESSIMISTE,OPTIMISTE,CONTRE,Responsabilité mixte,Economie: privé et public,Feministre: NEUTRE féministe,Feministre: NEUTRE féministe,Risque difficile,NSP,Vote fed: NSP,Femme,Francophones,60 ans et plus,Né Canada,Universitaire,Revenus moyens
Ind_2559,-0.284256,-0.122491,1.674248,Sou_NSP,NSP,NSP,POUR,POUR,CONTRE,NEUTRE,ACCORD,NSP,PESSIMISTE,NEUTRE,NEUTRE,CONTRE,Responsabilité individuelle,NSP,Feministre: NEUTRE féministe,Feministre: NEUTRE féministe,NSP,PQ,BQ,Femme,Francophones,40-59 ans,Né Canada,Collégial,Revenus bas
Ind_2560,-2.403998,1.30178,-0.598603,Sou_OUI,POUR,POUR,CONTRE,POUR,POUR,POUR,DÉSACCORD,DÉSACCORD,OPTIMISTE,PESSIMISTE,OPTIMISTE,CONTRE,Responsabilité individuelle,Economie: privé et public,Feministe: CONTRE féministe,Feministe: CONTRE féministe,NSP,PQ,BQ,Homme,Francophones,40-59 ans,Né Canada,Universitaire,Revenus bas
Ind_2561,0.641727,-0.781212,0.272953,Sou_NON,CONTRE,POUR,POUR,NEUTRE,NEUTRE,CONTRE,ACCORD,ACCORD,NEUTRE,PESSIMISTE,OPTIMISTE,CONTRE,Responsabilité mixte,Economie: privé et public,Feministe: CONTRE féministe,Féministe: POUR féministe,Risque difficile,PQ,PLC,Femme,Francophones,40-59 ans,Né Canada,Secondaire,Revenus bas
Ind_2562,-2.756354,1.24837,-0.228732,Sou_OUI,POUR,POUR,CONTRE,POUR,POUR,POUR,NEUTRE,DÉSACCORD,OPTIMISTE,NEUTRE,OPTIMISTE,CONTRE,Responsabilité mixte,Economie: privé et public,Feministe: CONTRE féministe,Feministre: NEUTRE féministe,Risque facile,PQ,BQ,Homme,Francophones,60 ans et plus,Né Canada,Secondaire,Revenus moyens
Ind_2563,-1.010039,0.82032,-0.597606,Sou_NSP,POUR,CONTRE,POUR,POUR,POUR,POUR,NEUTRE,ACCORD,PESSIMISTE,OPTIMISTE,OPTIMISTE,POUR,Responsabilité individuelle,Economie: privé seulement,Feministe: CONTRE féministe,Feministe: CONTRE féministe,Risque facile,PQ,PLC,Homme,Francophones,40-59 ans,Né Ailleurs,Universitaire,Revenus bas
Ind_2564,-1.874888,1.871468,0.513331,Sou_OUI,POUR,NSP,CONTRE,POUR,POUR,NEUTRE,DÉSACCORD,DÉSACCORD,NEUTRE,NEUTRE,OPTIMISTE,CONTRE,Responsabilité individuelle,Economie: privé seulement,Feministre: NEUTRE féministe,Feministre: NEUTRE féministe,Risque facile,PQ,PCC,Homme,Francophones,60 ans et plus,Né Canada,Collégial,Revenus élevés
Ind_2565,-0.512837,-0.179574,-0.387407,Sou_NSP,CONTRE,POUR,POUR,POUR,NEUTRE,NEUTRE,NEUTRE,DÉSACCORD,OPTIMISTE,PESSIMISTE,NEUTRE,POUR,Responsabilité individuelle,Economie: privé et public,Féministe: POUR féministe,Féministe: POUR féministe,Risque facile,PQ,Vote fed: NSP,Homme,Francophones,60 ans et plus,Né Canada,Universitaire,Revenus moyens
Ind_2566,1.633986,-0.214917,0.430567,Sou_NON,CONTRE,CONTRE,POUR,CONTRE,NEUTRE,CONTRE,NEUTRE,NSP,PESSIMISTE,PESSIMISTE,PESSIMISTE,NEUTRE,Responsabilité individuelle,Economie: neutre,NSP,NSP,Risque difficile,PQ,PLC,Femme,Francophones,40-59 ans,Né Canada,Universitaire,Revenus élevés
Ind_2567,1.990737,1.114842,-0.585219,Sou_NON,CONTRE,CONTRE,POUR,CONTRE,CONTRE,CONTRE,ACCORD,NEUTRE,NEUTRE,PESSIMISTE,NEUTRE,NEUTRE,Responsabilité individuelle,Economie: neutre,Feministre: NEUTRE féministe,Feministre: NEUTRE féministe,Risque facile,PLQ,PCC,Homme,Non francophones,60 ans et plus,Né Canada,Universitaire,Revenus élevés
Ind_2568,1.904236,-0.106254,0.299487,Sou_NON,CONTRE,CONTRE,POUR,NEUTRE,CONTRE,CONTRE,NEUTRE,ACCORD,NEUTRE,PESSIMISTE,PESSIMISTE,CONTRE,Responsabilité mixte,Economie: neutre,Feministre: NEUTRE féministe,Féministe: POUR féministe,NSP,PLQ,PLC,Femme,Francophones,40-59 ans,Né Canada,Secondaire,Revenus moyens
Ind_2569,-1.321395,0.319184,0.074049,Sou_OUI,CONTRE,POUR,CONTRE,POUR,POUR,POUR,NEUTRE,DÉSACCORD,NEUTRE,OPTIMISTE,OPTIMISTE,CONTRE,Responsabilité individuelle,Economie: privé seulement,Feministe: CONTRE féministe,Féministe: POUR féministe,Risque difficile,PLQ,PLC,Femme,Francophones,60 ans et plus,Né Canada,Secondaire,Revenus bas
Ind_2570,1.121852,0.582447,0.798583,Sou_NON,CONTRE,POUR,POUR,CONTRE,NSP,CONTRE,DÉSACCORD,DÉSACCORD,NEUTRE,PESSIMISTE,PESSIMISTE,CONTRE,Responsabilité mixte,Economie: privé seulement,Feministre: NEUTRE féministe,Féministe: POUR féministe,Risque difficile,PCQ,PCC,Femme,Francophones,60 ans et plus,Né Canada,Collégial,Revenus bas
Ind_2571,1.249351,-0.215889,1.062399,Sou_NON,CONTRE,POUR,POUR,CONTRE,CONTRE,CONTRE,NEUTRE,NSP,NEUTRE,PESSIMISTE,NSP,NSP,Responsabilité collective,NSP,NSP,NSP,Risque difficile,Vote prov: NSP,Vote fed: NSP,Homme,Francophones,18-39 ans,Né Canada,Secondaire,Revenus bas
Ind_2572,-1.637086,1.098405,0.802378,Sou_OUI,POUR,POUR,CONTRE,POUR,NEUTRE,POUR,NEUTRE,ACCORD,NEUTRE,NSP,OPTIMISTE,CONTRE,Responsabilité mixte,Economie: privé seulement,Feministe: CONTRE féministe,Feministre: NEUTRE féministe,Risque facile,PCQ,PCC,Homme,Francophones,40-59 ans,Né Canada,Secondaire,Revenus bas
Ind_2573,2.281595,1.033009,-1.039845,Sou_NON,CONTRE,CONTRE,POUR,CONTRE,CONTRE,CONTRE,ACCORD,ACCORD,PESSIMISTE,PESSIMISTE,PESSIMISTE,POUR,Responsabilité individuelle,Economie: privé seulement,Feministe: CONTRE féministe,Feministe: CONTRE féministe,Risque facile,PLQ,PLC,Homme,Non francophones,40-59 ans,Né Canada,Collégial,Revenus bas
Ind_2574,-1.267365,-1.736381,0.46527,Sou_OUI,POUR,NSP,NSP,POUR,POUR,POUR,NEUTRE,NSP,NEUTRE,OPTIMISTE,NEUTRE,NEUTRE,Responsabilité collective,Economie: privé et public,Féministe: POUR féministe,Féministe: POUR féministe,Risque difficile,NSP,Vote fed: NSP,Femme,Francophones,40-59 ans,Né Canada,Collégial,Revenus moyens
Ind_2575,1.887628,1.984786,-0.373894,Sou_NON,CONTRE,CONTRE,POUR,CONTRE,CONTRE,CONTRE,DÉSACCORD,DÉSACCORD,NEUTRE,PESSIMISTE,PESSIMISTE,CONTRE,Responsabilité individuelle,Economie: privé seulement,Feministe: CONTRE féministe,Feministre: NEUTRE féministe,Risque facile,PLQ,PLC,Homme,Francophones,18-39 ans,Né Canada,Collégial,Revenus moyens
Ind_2576,2.08731,0.026952,-1.870502,Sou_NON,CONTRE,CONTRE,POUR,CONTRE,CONTRE,CONTRE,ACCORD,DÉSACCORD,NEUTRE,PESSIMISTE,PESSIMISTE,POUR,Responsabilité collective,Economie: neutre,Féministe: POUR féministe,Féministe: POUR féministe,Risque facile,PLQ,PLC,Homme,Non francophones,60 ans et plus,Né Canada,Universitaire,Revenus élevés
Ind_2577,1.579629,-0.452911,0.668433,Sou_NON,CONTRE,CONTRE,POUR,NEUTRE,CONTRE,NEUTRE,NSP,DÉSACCORD,NEUTRE,PESSIMISTE,PESSIMISTE,NEUTRE,Responsabilité collective,Economie: privé et public,Feministre: NEUTRE féministe,NSP,Risque difficile,NSP,PLC,Femme,Francophones,60 ans et plus,Né Canada,Collégial,NSP
Ind_2578,0.931645,0.291236,-1.075428,Sou_NON,CONTRE,CONTRE,POUR,POUR,CONTRE,CONTRE,DÉSACCORD,DÉSACCORD,NEUTRE,NEUTRE,NEUTRE,CONTRE,Responsabilité individuelle,Economie: privé et public,Féministe: POUR féministe,Féministe: POUR féministe,NSP,PLQ,PLC,Homme,Francophones,18-39 ans,Né Canada,Universitaire,Revenus élevés
Ind_2579,-2.763981,1.221387,0.46183,Sou_OUI,POUR,POUR,CONTRE,POUR,POUR,POUR,DÉSACCORD,DÉSACCORD,OPTIMISTE,OPTIMISTE,OPTIMISTE,CONTRE,Responsabilité mixte,Economie: neutre,Feministre: NEUTRE féministe,Feministre: NEUTRE féministe,NSP,PQ,BQ,Homme,Francophones,18-39 ans,Né Canada,Collégial,Revenus bas
Ind_2580,-2.321967,0.055536,-1.068654,Sou_OUI,POUR,POUR,CONTRE,POUR,POUR,CONTRE,DÉSACCORD,DÉSACCORD,OPTIMISTE,NEUTRE,OPTIMISTE,CONTRE,Responsabilité individuelle,Economie: privé et public,Féministe: POUR féministe,Féministe: POUR féministe,Risque facile,PQ,BQ,Femme,Francophones,60 ans et plus,Né Canada,Universitaire,Revenus élevés
Ind_2581,0.549848,0.792117,1.029936,Sou_NON,CONTRE,CONTRE,POUR,NEUTRE,NEUTRE,NEUTRE,NEUTRE,NEUTRE,OPTIMISTE,OPTIMISTE,NEUTRE,CONTRE,Responsabilité mixte,Economie: neutre,Feministre: NEUTRE féministe,Feministe: CONTRE féministe,Risque facile,PLQ,PLC,Homme,Francophones,60 ans et plus,Né Canada,Collégial,Revenus bas
Ind_2582,-2.140361,0.306674,1.167037,Sou_OUI,POUR,POUR,CONTRE,POUR,POUR,POUR,NEUTRE,DÉSACCORD,NEUTRE,OPTIMISTE,OPTIMISTE,CONTRE,Responsabilité mixte,Economie: neutre,Feministre: NEUTRE féministe,Feministre: NEUTRE féministe,Risque difficile,PQ,Vote fed: NSP,Femme,Francophones,40-59 ans,Né Canada,Secondaire,NSP
Ind_2583,0.197819,-1.490144,0.966203,Sou_NSP,CONTRE,POUR,POUR,CONTRE,POUR,NSP,ACCORD,DÉSACCORD,PESSIMISTE,NSP,NSP,NEUTRE,Responsabilité mixte,Economie: privé seulement,Féministe: POUR féministe,Féministe: POUR féministe,Risque difficile,PLQ,Vote fed: NSP,Femme,Francophones,18-39 ans,Né Canada,Collégial,Revenus bas
Ind_2584,1.917625,0.945558,-0.136037,Sou_NON,CONTRE,CONTRE,POUR,CONTRE,CONTRE,CONTRE,ACCORD,DÉSACCORD,NSP,PESSIMISTE,PESSIMISTE,CONTRE,Responsabilité individuelle,Economie: privé et public,Feministre: NEUTRE féministe,Feministre: NEUTRE féministe,Risque difficile,Vote prov: NSP,Vote fed: NSP,Homme,Non francophones,18-39 ans,Né Canada,Collégial,Revenus moyens
Ind_2585,-1.809094,0.431039,-0.141706,Sou_OUI,POUR,POUR,POUR,POUR,POUR,POUR,DÉSACCORD,DÉSACCORD,NSP,OPTIMISTE,NSP,CONTRE,NSP,NSP,Féministe: POUR féministe,Féministe: POUR féministe,Risque facile,PQ,PLC,Homme,Francophones,60 ans et plus,Né Canada,Secondaire,Revenus bas
Ind_2586,1.648218,0.931104,-0.574417,Sou_NON,CONTRE,CONTRE,POUR,CONTRE,NEUTRE,CONTRE,ACCORD,NSP,OPTIMISTE,PESSIMISTE,PESSIMISTE,CONTRE,Responsabilité individuelle,Economie: privé et public,Feministe: CONTRE féministe,Feministre: NEUTRE féministe,Risque facile,PLQ,Vote fed: NSP,Homme,Non francophones,40-59 ans,Né Canada,Universitaire,NSP
Ind_2587,-2.457302,0.566866,-0.408171,Sou_OUI,POUR,POUR,CONTRE,POUR,POUR,POUR,DÉSACCORD,DÉSACCORD,OPTIMISTE,NEUTRE,OPTIMISTE,CONTRE,Responsabilité mixte,Economie: privé seulement,Feministre: NEUTRE féministe,Féministe: POUR féministe,Risque difficile,PQ,PLC,Homme,Francophones,18-39 ans,Né Canada,Universitaire,Revenus moyens
Ind_2588,2.024955,-0.71309,-0.203582,Sou_NON,CONTRE,CONTRE,POUR,CONTRE,CONTRE,CONTRE,ACCORD,NEUTRE,NSP,PESSIMISTE,PESSIMISTE,NEUTRE,Responsabilité collective,Economie: neutre,Feministre: NEUTRE féministe,Féministe: POUR féministe,Risque difficile,PLQ,PLC,Femme,Francophones,60 ans et plus,Né Canada,Secondaire,NSP
Ind_2589,-1.802039,-1.645257,-0.62306,Sou_NSP,POUR,POUR,POUR,POUR,POUR,POUR,ACCORD,NSP,OPTIMISTE,OPTIMISTE,OPTIMISTE,CONTRE,Responsabilité collective,Economie: privé et public,Féministe: POUR féministe,Féministe: POUR féministe,Risque difficile,PQ,NPD,Femme,Francophones,18-39 ans,Né Canada,Universitaire,Revenus élevés
Ind_2590,-2.42095,0.45214,-1.266981,Sou_OUI,POUR,CONTRE,CONTRE,POUR,POUR,POUR,NEUTRE,DÉSACCORD,OPTIMISTE,OPTIMISTE,OPTIMISTE,CONTRE,Responsabilité individuelle,Economie: privé et public,Féministe: POUR féministe,Féministe: POUR féministe,Risque facile,PQ,BQ,Homme,Francophones,40-59 ans,Né Canada,Universitaire,Revenus bas
Ind_2591,-2.637335,0.02119,-0.075758,Sou_OUI,POUR,POUR,CONTRE,POUR,POUR,POUR,NEUTRE,NEUTRE,OPTIMISTE,OPTIMISTE,OPTIMISTE,CONTRE,Responsabilité collective,Economie: privé seulement,Feministre: NEUTRE féministe,Féministe: POUR féministe,Risque facile,PQ,BQ,Femme,Francophones,60 ans et plus,Né Canada,Secondaire,NSP
Ind_2592,2.306346,0.362572,0.03035,Sou_NON,CONTRE,CONTRE,POUR,CONTRE,CONTRE,CONTRE,NEUTRE,NEUTRE,NEUTRE,PESSIMISTE,PESSIMISTE,NEUTRE,Responsabilité individuelle,Economie: neutre,Feministre: NEUTRE féministe,Feministre: NEUTRE féministe,Risque difficile,PLQ,PCC,Femme,Non francophones,40-59 ans,Né Ailleurs,Universitaire,Revenus bas
Ind_2593,-2.107111,-0.752281,-1.139759,Sou_OUI,POUR,CONTRE,CONTRE,POUR,POUR,POUR,NSP,DÉSACCORD,OPTIMISTE,NEUTRE,OPTIMISTE,POUR,Responsabilité collective,Economie: privé et public,Féministe: POUR féministe,Féministe: POUR féministe,Risque facile,PQ,PVQ,Femme,Francophones,60 ans et plus,Né Canada,Collégial,Revenus moyens
Ind_2594,0.080162,1.751578,-0.157875,Sou_NON,CONTRE,POUR,POUR,CONTRE,POUR,CONTRE,DÉSACCORD,DÉSACCORD,OPTIMISTE,OPTIMISTE,OPTIMISTE,CONTRE,Responsabilité individuelle,Economie: neutre,Feministe: CONTRE féministe,Feministre: NEUTRE féministe,Risque facile,PLQ,PLC,Homme,Francophones,18-39 ans,Né Ailleurs,Secondaire,Revenus moyens
Ind_2595,-1.846451,-0.610061,0.289089,Sou_OUI,POUR,POUR,CONTRE,POUR,POUR,NEUTRE,NEUTRE,DÉSACCORD,NEUTRE,NEUTRE,OPTIMISTE,CONTRE,Responsabilité mixte,Economie: privé seulement,Féministe: POUR féministe,Féministe: POUR féministe,Risque difficile,PQ,PLC,Femme,Francophones,40-59 ans,Né Canada,Collégial,Revenus élevés
Ind_2596,1.6688,-1.509279,-0.882625,Sou_NON,CONTRE,CONTRE,POUR,NEUTRE,CONTRE,CONTRE,ACCORD,ACCORD,NSP,PESSIMISTE,PESSIMISTE,POUR,Responsabilité individuelle,Economie: privé et public,Féministe: POUR féministe,Féministe: POUR féministe,Risque difficile,QS,NPD,Femme,Francophones,18-39 ans,Né Canada,Universitaire,Revenus bas
Ind_2597,0.851548,-1.471647,0.936033,Sou_NON,CONTRE,CONTRE,POUR,NEUTRE,NSP,NSP,ACCORD,NSP,NSP,NSP,NSP,CONTRE,Responsabilité collective,NSP,Féministe: POUR féministe,Féministe: POUR féministe,Risque difficile,CAQ,PLC,Femme,Francophones,60 ans et plus,Né Canada,Secondaire,Revenus bas
Ind_2598,1.92798,1.164653,-0.340937,Sou_NON,CONTRE,CONTRE,POUR,CONTRE,CONTRE,CONTRE,NSP,DÉSACCORD,NSP,PESSIMISTE,NEUTRE,NEUTRE,Responsabilité individuelle,Economie: privé seulement,Feministre: NEUTRE féministe,Feministre: NEUTRE féministe,Risque difficile,PLQ,PLC,Homme,Non francophones,60 ans et plus,Né Canada,Universitaire,Revenus élevés
Ind_2599,0.312929,-0.560748,-0.145553,Sou_NON,CONTRE,CONTRE,CONTRE,POUR,NEUTRE,CONTRE,NSP,NSP,OPTIMISTE,NEUTRE,NEUTRE,POUR,Responsabilité individuelle,Economie: privé et public,Feministre: NEUTRE féministe,Féministe: POUR féministe,Risque difficile,PLQ,PLC,Femme,Francophones,60 ans et plus,Né Canada,Secondaire,Revenus moyens
Ind_2600,-1.272406,-0.047547,1.403873,Sou_OUI,POUR,POUR,POUR,POUR,POUR,POUR,NSP,NSP,OPTIMISTE,PESSIMISTE,NSP,CONTRE,Responsabilité mixte,Economie: neutre,NSP,NSP,Risque difficile,Vote prov: NSP,Vote fed: NSP,Homme,Francophones,18-39 ans,Né Canada,Secondaire,Revenus bas
Ind_2601,-1.22927,0.653612,0.544959,Sou_NSP,POUR,POUR,POUR,NEUTRE,CONTRE,NEUTRE,DÉSACCORD,DÉSACCORD,OPTIMISTE,NEUTRE,OPTIMISTE,CONTRE,Responsabilité individuelle,Economie: neutre,Feministre: NEUTRE féministe,Féministe: POUR féministe,Risque difficile,PQ,BQ,Homme,Francophones,40-59 ans,Né Canada,Universitaire,Revenus moyens
Ind_2602,1.941637,0.549739,0.215605,Sou_NON,CONTRE,CONTRE,POUR,CONTRE,CONTRE,CONTRE,NEUTRE,DÉSACCORD,NEUTRE,PESSIMISTE,PESSIMISTE,CONTRE,Responsabilité mixte,Economie: privé et public,Feministre: NEUTRE féministe,Feministre: NEUTRE féministe,Risque difficile,PLQ,PLC,Femme,Francophones,60 ans et plus,Né Canada,Collégial,Revenus bas
Ind_2603,-2.772392,1.676959,0.193863,Sou_OUI,POUR,POUR,CONTRE,POUR,POUR,POUR,NEUTRE,DÉSACCORD,OPTIMISTE,OPTIMISTE,OPTIMISTE,CONTRE,Responsabilité individuelle,Economie: neutre,Feministre: NEUTRE féministe,Feministre: NEUTRE féministe,Risque facile,PQ,BQ,Homme,Francophones,60 ans et plus,Né Canada,Collégial,Revenus bas
Ind_2604,-0.434371,-0.173801,-0.217769,Sou_NON,POUR,POUR,CONTRE,NEUTRE,CONTRE,NEUTRE,NEUTRE,NEUTRE,NSP,NSP,NEUTRE,POUR,NSP,Economie: privé et public,Féministe: POUR féministe,Feministre: NEUTRE féministe,Risque facile,PQ,PLC,Homme,Francophones,60 ans et plus,Né Ailleurs,Universitaire,Revenus élevés
Ind_2605,-1.394388,-1.60578,-0.955643,Sou_NON,POUR,POUR,CONTRE,POUR,POUR,POUR,ACCORD,ACCORD,NEUTRE,PESSIMISTE,OPTIMISTE,POUR,Responsabilité collective,Economie: privé et public,Féministe: POUR féministe,Féministe: POUR féministe,Risque difficile,PQ,BQ,Femme,Francophones,40-59 ans,Né Canada,Collégial,NSP
Ind_2606,-1.901719,-0.072486,-0.028466,Sou_OUI,POUR,CONTRE,CONTRE,POUR,POUR,POUR,NEUTRE,NEUTRE,OPTIMISTE,NEUTRE,NEUTRE,NEUTRE,Responsabilité individuelle,Economie: neutre,Feministe: CONTRE féministe,Féministe: POUR féministe,Risque facile,PQ,BQ,Femme,Francophones,60 ans et plus,Né Canada,Collégial,Revenus bas
Ind_2607,1.706041,0.707583,-0.860471,Sou_NON,CONTRE,CONTRE,POUR,POUR,CONTRE,CONTRE,ACCORD,NEUTRE,NEUTRE,PESSIMISTE,PESSIMISTE,NEUTRE,Responsabilité mixte,Economie: privé seulement,Feministre: NEUTRE féministe,Feministe: CONTRE féministe,Risque facile,PLQ,PLC,Homme,Francophones,40-59 ans,Né Ailleurs,Universitaire,Revenus moyens
Ind_2608,-1.349569,-0.570644,-0.310723,Sou_OUI,POUR,CONTRE,NSP,POUR,NEUTRE,NEUTRE,DÉSACCORD,DÉSACCORD,OPTIMISTE,PESSIMISTE,OPTIMISTE,POUR,Responsabilité collective,Economie: privé et public,Feministre: NEUTRE féministe,Féministe: POUR féministe,Risque difficile,PQ,BQ,Femme,Francophones,60 ans et plus,Né Canada,Universitaire,Revenus bas
Ind_2609,1.916188,0.982282,-0.028593,Sou_NON,CONTRE,CONTRE,POUR,CONTRE,CONTRE,CONTRE,DÉSACCORD,DÉSACCORD,NEUTRE,PESSIMISTE,PESSIMISTE,POUR,Responsabilité individuelle,Economie: privé seulement,Feministe: CONTRE féministe,Feministre: NEUTRE féministe,Risque difficile,Vote prov: NSP,PLC,Femme,Francophones,60 ans et plus,Né Canada,Collégial,Revenus moyens
Ind_2610,1.597746,0.196643,1.106097,Sou_NON,CONTRE,CONTRE,POUR,NSP,NSP,NSP,NSP,NSP,PESSIMISTE,PESSIMISTE,PESSIMISTE,CONTRE,Responsabilité mixte,Economie: neutre,Feministre: NEUTRE féministe,Feministe: CONTRE féministe,Risque facile,PCQ,PCC,Femme,Non francophones,18-39 ans,Né Ailleurs,Collégial,NSP
Ind_2611,2.245191,0.536453,-1.562181,Sou_NON,CONTRE,CONTRE,POUR,CONTRE,CONTRE,CONTRE,ACCORD,NEUTRE,NEUTRE,PESSIMISTE,PESSIMISTE,POUR,Responsabilité collective,Economie: privé et public,Feministre: NEUTRE féministe,Feministre: NEUTRE féministe,Risque facile,PLQ,PLC,Homme,Non francophones,40-59 ans,Né Canada,Universitaire,Revenus élevés
Ind_2612,1.724984,-0.561724,-0.072382,Sou_NON,CONTRE,CONTRE,POUR,CONTRE,CONTRE,CONTRE,ACCORD,NEUTRE,PESSIMISTE,NEUTRE,NEUTRE,CONTRE,Responsabilité collective,Economie: privé et public,Feministre: NEUTRE féministe,Feministre: NEUTRE féministe,Risque difficile,NSP,NPD,Femme,Non francophones,18-39 ans,Né Ailleurs,Universitaire,NSP
Ind_2613,2.046407,-0.489617,0.024627,Sou_NON,CONTRE,CONTRE,POUR,NEUTRE,CONTRE,CONTRE,NEUTRE,NEUTRE,NEUTRE,PESSIMISTE,PESSIMISTE,CONTRE,Responsabilité collective,Economie: privé et public,NSP,NSP,Risque difficile,PCQ,PCC,Femme,Non francophones,18-39 ans,Né Ailleurs,Universitaire,NSP
Ind_2614,1.659592,0.517532,-0.431311,Sou_NON,CONTRE,NSP,POUR,CONTRE,CONTRE,CONTRE,DÉSACCORD,DÉSACCORD,NEUTRE,PESSIMISTE,PESSIMISTE,NEUTRE,Responsabilité collective,Economie: privé seulement,NSP,Féministe: POUR féministe,Risque facile,PLQ,PLC,Homme,Francophones,18-39 ans,Né Canada,Collégial,Revenus bas
Ind_2615,-1.015495,-0.330388,0.117168,Sou_NSP,POUR,POUR,CONTRE,POUR,POUR,CONTRE,ACCORD,NEUTRE,NEUTRE,PESSIMISTE,OPTIMISTE,CONTRE,Responsabilité collective,Economie: privé et public,Feministre: NEUTRE féministe,Feministre: NEUTRE féministe,Risque difficile,PQ,PLC,Femme,Francophones,60 ans et plus,Né Canada,Collégial,NSP
Ind_2616,-2.096862,-0.595715,-1.651131,Sou_OUI,POUR,POUR,CONTRE,POUR,POUR,POUR,ACCORD,DÉSACCORD,OPTIMISTE,OPTIMISTE,OPTIMISTE,CONTRE,Responsabilité individuelle,Economie: privé et public,Féministe: POUR féministe,Féministe: POUR féministe,Risque facile,PQ,PLC,Femme,Non francophones,18-39 ans,Né Ailleurs,Universitaire,Revenus moyens
Ind_2617,1.304448,-0.809232,-0.2221,Sou_NON,CONTRE,NSP,POUR,NEUTRE,CONTRE,CONTRE,ACCORD,DÉSACCORD,NSP,PESSIMISTE,NEUTRE,POUR,Responsabilité individuelle,Economie: privé et public,Féministe: POUR féministe,Féministe: POUR féministe,Risque facile,NSP,NPD,Femme,Francophones,40-59 ans,Né Canada,Collégial,Revenus élevés
Ind_2618,-2.369377,1.052919,-0.185272,Sou_OUI,POUR,POUR,CONTRE,POUR,POUR,POUR,DÉSACCORD,DÉSACCORD,OPTIMISTE,OPTIMISTE,OPTIMISTE,CONTRE,Responsabilité mixte,Economie: privé et public,Feministre: NEUTRE féministe,Feministe: CONTRE féministe,Risque difficile,CAQ,PCC,Homme,Francophones,60 ans et plus,Né Ailleurs,Universitaire,Revenus bas
Ind_2619,-2.67799,-0.472484,-1.119146,Sou_OUI,POUR,POUR,CONTRE,POUR,POUR,POUR,ACCORD,ACCORD,OPTIMISTE,OPTIMISTE,OPTIMISTE,CONTRE,Responsabilité mixte,Economie: privé et public,Féministe: POUR féministe,Féministe: POUR féministe,Risque facile,PQ,BQ,Homme,Francophones,18-39 ans,Né Canada,Collégial,Revenus moyens
Ind_2620,0.372481,-1.087455,1.098371,Sou_NON,CONTRE,POUR,POUR,POUR,CONTRE,NSP,NEUTRE,NSP,NSP,NSP,NSP,CONTRE,Responsabilité individuelle,Economie: privé seulement,Féministe: POUR féministe,Féministe: POUR féministe,Risque difficile,QS,Vote fed: NSP,Femme,Francophones,18-39 ans,Né Canada,Collégial,Revenus moyens
Ind_2621,2.032223,-0.436583,-0.484186,Sou_NON,CONTRE,CONTRE,POUR,CONTRE,CONTRE,CONTRE,NSP,NSP,NEUTRE,PESSIMISTE,PESSIMISTE,POUR,Responsabilité individuelle,Economie: neutre,Féministe: POUR féministe,Féministe: POUR féministe,Risque facile,PLQ,PLC,Femme,Francophones,60 ans et plus,Né Canada,Collégial,NSP
Ind_2622,-1.165832,0.956285,-0.031212,Sou_NON,POUR,POUR,POUR,POUR,POUR,POUR,NEUTRE,ACCORD,OPTIMISTE,OPTIMISTE,OPTIMISTE,CONTRE,Responsabilité collective,Economie: neutre,Feministre: NEUTRE féministe,Feministre: NEUTRE féministe,Risque facile,CAQ,PCC,Homme,Non francophones,18-39 ans,Né Canada,Collégial,Revenus élevés
Ind_2623,0.299299,0.62667,1.258479,Sou_NON,POUR,CONTRE,POUR,NEUTRE,POUR,CONTRE,NEUTRE,NEUTRE,NEUTRE,NEUTRE,NEUTRE,CONTRE,Responsabilité individuelle,Economie: privé seulement,Feministre: NEUTRE féministe,Feministre: NEUTRE féministe,Risque facile,Vote prov: NSP,Vote fed: NSP,Femme,Francophones,18-39 ans,Né Canada,Secondaire,Revenus bas
Ind_2624,1.55991,0.650848,-0.308663,Sou_NON,CONTRE,CONTRE,POUR,CONTRE,CONTRE,CONTRE,ACCORD,DÉSACCORD,PESSIMISTE,PESSIMISTE,OPTIMISTE,NEUTRE,Responsabilité mixte,Economie: privé et public,Feministre: NEUTRE féministe,Feministre: NEUTRE féministe,Risque difficile,PLQ,PLC,Homme,Francophones,40-59 ans,Né Canada,Collégial,Revenus bas
Ind_2625,-1.989877,-1.536328,-0.994739,Sou_OUI,POUR,POUR,CONTRE,POUR,POUR,POUR,ACCORD,ACCORD,NEUTRE,NEUTRE,NEUTRE,NEUTRE,Responsabilité mixte,Economie: privé et public,Féministe: POUR féministe,Féministe: POUR féministe,Risque facile,PQ,BQ,Femme,Francophones,18-39 ans,Né Canada,Universitaire,Revenus élevés
Ind_2626,-2.368076,1.833047,0.293508,Sou_OUI,POUR,POUR,CONTRE,POUR,POUR,POUR,DÉSACCORD,DÉSACCORD,OPTIMISTE,OPTIMISTE,OPTIMISTE,CONTRE,Responsabilité individuelle,Economie: privé seulement,Feministe: CONTRE féministe,Feministre: NEUTRE féministe,Risque facile,Vote prov: NSP,Vote fed: NSP,Homme,Francophones,40-59 ans,Né Canada,Collégial,Revenus bas
Ind_2627,1.806081,-1.259781,-0.452499,Sou_NON,CONTRE,CONTRE,POUR,NEUTRE,CONTRE,CONTRE,NSP,ACCORD,NEUTRE,PESSIMISTE,PESSIMISTE,CONTRE,Responsabilité collective,Economie: privé et public,Féministe: POUR féministe,Féministe: POUR féministe,Risque difficile,NSP,PLC,Femme,Francophones,40-59 ans,Né Canada,Universitaire,NSP
Ind_2628,1.200886,0.170168,0.197274,Sou_NON,CONTRE,NSP,CONTRE,CONTRE,CONTRE,CONTRE,DÉSACCORD,DÉSACCORD,NSP,PESSIMISTE,PESSIMISTE,CONTRE,Responsabilité individuelle,Economie: privé et public,Feministre: NEUTRE féministe,Féministe: POUR féministe,Risque difficile,NSP,PLC,Femme,Francophones,60 ans et plus,Né Canada,Collégial,NSP
Ind_2629,0.41851,-0.699784,0.452463,Sou_NON,CONTRE,POUR,POUR,NEUTRE,CONTRE,NEUTRE,NSP,ACCORD,NSP,PESSIMISTE,OPTIMISTE,NEUTRE,Responsabilité individuelle,Economie: neutre,Féministe: POUR féministe,Féministe: POUR féministe,Risque facile,PQ,PCC,Femme,Francophones,60 ans et plus,Né Canada,Collégial,NSP
Ind_2630,1.745957,0.525725,-0.35154,Sou_NON,CONTRE,CONTRE,POUR,CONTRE,CONTRE,CONTRE,ACCORD,DÉSACCORD,NEUTRE,PESSIMISTE,PESSIMISTE,CONTRE,Responsabilité individuelle,Economie: privé et public,Feministre: NEUTRE féministe,Feministre: NEUTRE féministe,Risque difficile,PLQ,BQ,Femme,Francophones,60 ans et plus,Né Canada,Universitaire,NSP
Ind_2631,-0.64818,-0.211452,1.065091,Sou_NON,POUR,POUR,POUR,NEUTRE,NEUTRE,NEUTRE,DÉSACCORD,DÉSACCORD,NEUTRE,NEUTRE,NEUTRE,CONTRE,Responsabilité individuelle,Economie: privé seulement,Féministe: POUR féministe,Féministe: POUR féministe,Risque difficile,PQ,BQ,Femme,Francophones,60 ans et plus,Né Canada,Collégial,Revenus bas
Ind_2632,-0.957293,0.213129,0.637264,Sou_OUI,POUR,NSP,POUR,POUR,NEUTRE,NSP,NEUTRE,ACCORD,PESSIMISTE,OPTIMISTE,OPTIMISTE,CONTRE,Responsabilité individuelle,NSP,Feministre: NEUTRE féministe,Féministe: POUR féministe,Risque facile,NSP,NSP,Homme,Francophones,18-39 ans,Né Canada,Collégial,Revenus moyens
Ind_2633,0.807789,1.009129,-0.258826,Sou_NON,CONTRE,POUR,POUR,CONTRE,CONTRE,NEUTRE,NEUTRE,NEUTRE,OPTIMISTE,PESSIMISTE,OPTIMISTE,CONTRE,Responsabilité individuelle,Economie: privé et public,Feministe: CONTRE féministe,Feministre: NEUTRE féministe,Risque facile,CAQ,PLC,Homme,Non francophones,18-39 ans,Né Canada,Collégial,Revenus moyens
Ind_2634,-1.599471,-1.332237,-0.941968,Sou_OUI,POUR,CONTRE,CONTRE,POUR,POUR,NEUTRE,ACCORD,ACCORD,OPTIMISTE,OPTIMISTE,OPTIMISTE,CONTRE,Responsabilité collective,Economie: privé et public,Féministe: POUR féministe,Féministe: POUR féministe,Risque facile,QS,NPD,Femme,Francophones,18-39 ans,Né Canada,Collégial,Revenus élevés
Ind_2635,0.144323,-1.365147,0.350612,Sou_NON,POUR,POUR,POUR,CONTRE,POUR,NEUTRE,NEUTRE,NEUTRE,PESSIMISTE,PESSIMISTE,NEUTRE,NEUTRE,Responsabilité individuelle,Economie: privé et public,Féministe: POUR féministe,Féministe: POUR féministe,Risque difficile,QS,Vote fed: NSP,Femme,Francophones,18-39 ans,Né Canada,Collégial,Revenus moyens
Ind_2636,-2.680041,-0.014534,-0.225527,Sou_OUI,POUR,POUR,CONTRE,POUR,POUR,POUR,DÉSACCORD,NEUTRE,OPTIMISTE,NEUTRE,OPTIMISTE,NEUTRE,Responsabilité mixte,Economie: privé et public,Feministre: NEUTRE féministe,Féministe: POUR féministe,Risque difficile,PQ,BQ,Homme,Francophones,40-59 ans,Né Canada,Secondaire,Revenus bas
Ind_2637,-2.736475,0.255452,-0.264989,Sou_OUI,POUR,POUR,CONTRE,POUR,POUR,POUR,DÉSACCORD,ACCORD,OPTIMISTE,OPTIMISTE,OPTIMISTE,CONTRE,Responsabilité mixte,Economie: privé et public,Feministre: NEUTRE féministe,Féministe: POUR féministe,Risque difficile,PQ,BQ,Homme,Francophones,40-59 ans,Né Canada,Secondaire,Revenus bas
Ind_2638,-1.752466,1.500581,0.039259,Sou_OUI,POUR,POUR,NSP,POUR,POUR,POUR,DÉSACCORD,DÉSACCORD,NEUTRE,NEUTRE,NEUTRE,POUR,Responsabilité individuelle,Economie: privé seulement,Feministe: CONTRE féministe,Feministre: NEUTRE féministe,Risque facile,PQ,PLC,Homme,Francophones,60 ans et plus,Né Canada,Collégial,Revenus bas
Ind_2639,0.209979,-2.066386,1.243693,Sou_NSP,NSP,NSP,POUR,NEUTRE,CONTRE,NEUTRE,ACCORD,ACCORD,NEUTRE,NSP,NEUTRE,NEUTRE,Responsabilité mixte,Economie: privé seulement,Féministe: POUR féministe,Féministe: POUR féministe,Risque difficile,PQ,NPD,Femme,Francophones,18-39 ans,Né Canada,Collégial,Revenus bas
Ind_2640,1.702275,1.383439,0.014268,Sou_NON,CONTRE,CONTRE,POUR,CONTRE,CONTRE,CONTRE,DÉSACCORD,DÉSACCORD,NEUTRE,PESSIMISTE,PESSIMISTE,CONTRE,Responsabilité individuelle,Economie: privé seulement,Feministe: CONTRE féministe,Féministe: POUR féministe,Risque difficile,PCQ,PCC,Homme,Francophones,18-39 ans,Né Canada,Secondaire,Revenus bas
Ind_2641,-0.413196,-0.420013,0.126147,Sou_OUI,CONTRE,CONTRE,POUR,POUR,POUR,POUR,NSP,ACCORD,NEUTRE,NEUTRE,PESSIMISTE,CONTRE,Responsabilité collective,Economie: privé seulement,Feministe: CONTRE féministe,Féministe: POUR féministe,Risque difficile,QS,BQ,Femme,Francophones,60 ans et plus,Né Canada,Collégial,Revenus bas
Ind_2642,1.595876,0.982874,-0.390792,Sou_NON,CONTRE,CONTRE,POUR,CONTRE,POUR,CONTRE,ACCORD,DÉSACCORD,NEUTRE,PESSIMISTE,PESSIMISTE,NEUTRE,Responsabilité individuelle,Economie: neutre,Feministe: CONTRE féministe,Feministe: CONTRE féministe,Risque facile,NSP,PLC,Homme,Francophones,18-39 ans,Né Ailleurs,Collégial,Revenus élevés
Ind_2643,1.66505,2.089622,-0.347644,Sou_NON,CONTRE,CONTRE,POUR,NSP,CONTRE,CONTRE,DÉSACCORD,DÉSACCORD,NEUTRE,PESSIMISTE,PESSIMISTE,CONTRE,Responsabilité individuelle,Economie: privé et public,Feministre: NEUTRE féministe,Feministre: NEUTRE féministe,Risque facile,PCQ,PCC,Homme,Non francophones,60 ans et plus,Né Canada,Collégial,Revenus moyens
Ind_2644,0.830412,-0.110319,0.94963,Sou_NON,CONTRE,POUR,POUR,NEUTRE,CONTRE,CONTRE,NEUTRE,NEUTRE,NEUTRE,PESSIMISTE,NEUTRE,CONTRE,Responsabilité mixte,NSP,Feministre: NEUTRE féministe,Feministre: NEUTRE féministe,Risque difficile,PQ,BQ,Femme,Francophones,18-39 ans,Né Canada,Universitaire,Revenus élevés
Ind_2645,2.219508,0.061423,-1.987367,Sou_NON,CONTRE,CONTRE,POUR,CONTRE,CONTRE,CONTRE,ACCORD,NEUTRE,NEUTRE,PESSIMISTE,PESSIMISTE,POUR,Responsabilité collective,Economie: privé et public,Feministre: NEUTRE féministe,Féministe: POUR féministe,Risque facile,PLQ,PLC,Homme,Non francophones,60 ans et plus,Né Ailleurs,Universitaire,Revenus moyens
Ind_2646,1.574041,-0.964896,-1.504,Sou_NON,CONTRE,CONTRE,POUR,CONTRE,CONTRE,CONTRE,ACCORD,ACCORD,OPTIMISTE,PESSIMISTE,NEUTRE,POUR,Responsabilité collective,Economie: privé et public,Féministe: POUR féministe,Féministe: POUR féministe,Risque difficile,PLQ,PLC,Homme,Francophones,18-39 ans,Né Canada,Secondaire,Revenus moyens
Ind_2647,-1.138016,0.798657,-0.195615,Sou_NON,POUR,POUR,POUR,POUR,POUR,POUR,ACCORD,DÉSACCORD,OPTIMISTE,PESSIMISTE,OPTIMISTE,NEUTRE,Responsabilité mixte,Economie: neutre,Feministre: NEUTRE féministe,Feministre: NEUTRE féministe,Risque facile,PQ,PLC,Homme,Francophones,18-39 ans,Né Canada,Collégial,Revenus moyens
Ind_2648,1.950682,-0.042995,-1.03435,Sou_NON,CONTRE,CONTRE,POUR,CONTRE,CONTRE,CONTRE,ACCORD,ACCORD,NSP,PESSIMISTE,PESSIMISTE,POUR,Responsabilité mixte,Economie: privé et public,Feministre: NEUTRE féministe,Feministe: CONTRE féministe,NSP,QS,PLC,Homme,Francophones,18-39 ans,Né Ailleurs,Universitaire,Revenus moyens
Ind_2649,-0.75802,-0.139,-0.727002,Sou_NSP,CONTRE,POUR,CONTRE,POUR,NEUTRE,NEUTRE,DÉSACCORD,NEUTRE,OPTIMISTE,NSP,OPTIMISTE,CONTRE,Responsabilité individuelle,Economie: privé et public,Féministe: POUR féministe,Féministe: POUR féministe,Risque facile,PLQ,PLC,Homme,Non francophones,40-59 ans,Né Canada,Universitaire,Revenus moyens
Ind_2650,0.095427,-0.197921,0.816762,Sou_NON,CONTRE,CONTRE,POUR,NEUTRE,POUR,NSP,DÉSACCORD,DÉSACCORD,OPTIMISTE,NSP,OPTIMISTE,CONTRE,Responsabilité mixte,Economie: privé et public,Feministe: CONTRE féministe,Feministe: CONTRE féministe,Risque difficile,Vote prov: NSP,Vote fed: NSP,Femme,Francophones,18-39 ans,Né Canada,Universitaire,NSP
Ind_2651,-2.467451,1.363699,-0.397822,Sou_OUI,POUR,POUR,CONTRE,POUR,POUR,POUR,DÉSACCORD,DÉSACCORD,OPTIMISTE,PESSIMISTE,OPTIMISTE,CONTRE,Responsabilité individuelle,Economie: privé et public,Feministre: NEUTRE féministe,Feministre: NEUTRE féministe,Risque difficile,PQ,BQ,Homme,Francophones,60 ans et plus,Né Canada,Universitaire,Revenus bas
Ind_2652,-1.390554,0.354963,-0.12289,Sou_OUI,POUR,POUR,POUR,POUR,POUR,POUR,NEUTRE,NEUTRE,NEUTRE,OPTIMISTE,NEUTRE,CONTRE,Responsabilité collective,Economie: privé et public,Feministe: CONTRE féministe,Feministe: CONTRE féministe,Risque facile,QS,NPD,Homme,Francophones,18-39 ans,Né Canada,Collégial,Revenus moyens
Ind_2653,1.771654,-0.873626,-0.4104,Sou_NON,CONTRE,CONTRE,POUR,CONTRE,CONTRE,CONTRE,NEUTRE,NSP,NEUTRE,PESSIMISTE,PESSIMISTE,POUR,Responsabilité collective,Economie: privé et public,Féministe: POUR féministe,Féministe: POUR féministe,Risque facile,NSP,Vote fed: NSP,Femme,Francophones,60 ans et plus,Né Canada,Secondaire,Revenus bas
Ind_2654,1.704825,-0.239797,-0.063998,Sou_NON,CONTRE,CONTRE,POUR,NEUTRE,CONTRE,CONTRE,NEUTRE,DÉSACCORD,PESSIMISTE,PESSIMISTE,PESSIMISTE,POUR,Responsabilité individuelle,Economie: privé et public,Feministre: NEUTRE féministe,Féministe: POUR féministe,Risque difficile,NSP,Vote fed: NSP,Femme,Francophones,40-59 ans,Né Canada,Universitaire,Revenus moyens
Ind_2655,1.494242,0.630993,0.271131,Sou_NON,CONTRE,CONTRE,POUR,NEUTRE,CONTRE,CONTRE,NEUTRE,ACCORD,PESSIMISTE,PESSIMISTE,PESSIMISTE,NEUTRE,Responsabilité mixte,Economie: privé seulement,NSP,NSP,Risque facile,Vote prov: NSP,BQ,Homme,Francophones,40-59 ans,Né Canada,Collégial,Revenus élevés
Ind_2656,-2.374123,0.37972,-0.15018,Sou_OUI,POUR,POUR,CONTRE,POUR,POUR,POUR,ACCORD,ACCORD,OPTIMISTE,OPTIMISTE,OPTIMISTE,CONTRE,Responsabilité mixte,Economie: privé et public,Feministre: NEUTRE féministe,Feministre: NEUTRE féministe,Risque facile,NSP,BQ,Homme,Francophones,18-39 ans,Né Canada,Collégial,NSP
Ind_2657,1.014048,0.452774,0.467771,Sou_NON,CONTRE,CONTRE,POUR,CONTRE,CONTRE,CONTRE,NSP,DÉSACCORD,OPTIMISTE,PESSIMISTE,NSP,CONTRE,Responsabilité individuelle,Economie: privé et public,Feministre: NEUTRE féministe,Feministre: NEUTRE féministe,Risque difficile,PQ,BQ,Femme,Francophones,18-39 ans,Né Canada,Collégial,Revenus bas
Ind_2658,1.920986,-0.184318,-1.666888,Sou_NON,CONTRE,CONTRE,POUR,CONTRE,CONTRE,NEUTRE,ACCORD,ACCORD,PESSIMISTE,PESSIMISTE,PESSIMISTE,POUR,Responsabilité individuelle,Economie: privé et public,Féministe: POUR féministe,Féministe: POUR féministe,Risque facile,PLQ,PLC,Homme,Non francophones,60 ans et plus,Né Canada,Collégial,Revenus moyens
Ind_2659,2.217217,-1.345925,-0.761236,Sou_NON,CONTRE,CONTRE,POUR,CONTRE,CONTRE,CONTRE,NSP,NSP,PESSIMISTE,PESSIMISTE,PESSIMISTE,NEUTRE,Responsabilité collective,NSP,Féministe: POUR féministe,Féministe: POUR féministe,Risque difficile,Vote prov: NSP,PLC,Femme,Non francophones,18-39 ans,Né Ailleurs,Universitaire,Revenus moyens
Ind_2660,1.675426,2.172057,0.032091,Sou_NON,CONTRE,CONTRE,POUR,CONTRE,CONTRE,CONTRE,DÉSACCORD,DÉSACCORD,PESSIMISTE,PESSIMISTE,NEUTRE,CONTRE,Responsabilité individuelle,Economie: privé seulement,Feministre: NEUTRE féministe,Feministe: CONTRE féministe,Risque facile,CAQ,PCC,Homme,Non francophones,60 ans et plus,Né Canada,Secondaire,NSP
Ind_2661,2.149638,0.939011,-1.227419,Sou_NON,CONTRE,CONTRE,POUR,CONTRE,CONTRE,CONTRE,ACCORD,NEUTRE,PESSIMISTE,PESSIMISTE,PESSIMISTE,NEUTRE,Responsabilité individuelle,Economie: privé et public,Feministre: NEUTRE féministe,Feministre: NEUTRE féministe,Risque facile,PLQ,PLC,Homme,Non francophones,60 ans et plus,Né Canada,Universitaire,Revenus bas
Ind_2662,0.245843,-1.271422,3.183807,Sou_NSP,NSP,NSP,POUR,NEUTRE,NEUTRE,NSP,NEUTRE,NSP,NEUTRE,NSP,NSP,CONTRE,Responsabilité mixte,Economie: neutre,NSP,NSP,NSP,NSP,Vote fed: NSP,Femme,Francophones,18-39 ans,Né Canada,Collégial,NSP
Ind_2663,0.163688,-1.302761,2.863934,Sou_NSP,NSP,NSP,NSP,NSP,NSP,NSP,NSP,NSP,NSP,NSP,NSP,CONTRE,NSP,NSP,NSP,NSP,NSP,NSP,Vote fed: NSP,Femme,Non francophones,40-59 ans,Né Canada,Collégial,NSP
Ind_2664,-1.350331,-1.60298,-0.108277,Sou_OUI,NSP,POUR,CONTRE,POUR,NSP,NSP,DÉSACCORD,ACCORD,NEUTRE,NSP,OPTIMISTE,NEUTRE,Responsabilité mixte,Economie: privé et public,Féministe: POUR féministe,Féministe: POUR féministe,Risque difficile,PQ,PLC,Femme,Francophones,60 ans et plus,Né Canada,Universitaire,Revenus bas
Ind_2665,0.283826,0.108271,1.212692,Sou_NON,CONTRE,NSP,CONTRE,NEUTRE,NEUTRE,NEUTRE,ACCORD,DÉSACCORD,NEUTRE,NSP,NEUTRE,CONTRE,Responsabilité collective,Economie: neutre,Feministre: NEUTRE féministe,Feministe: CONTRE féministe,Risque difficile,NSP,PLC,Homme,Francophones,60 ans et plus,Né Canada,Universitaire,Revenus bas
Ind_2666,-0.559543,0.27074,1.288906,Sou_OUI,POUR,POUR,POUR,NEUTRE,NEUTRE,NEUTRE,NEUTRE,NEUTRE,PESSIMISTE,NEUTRE,NEUTRE,NEUTRE,Responsabilité mixte,Economie: neutre,Feministre: NEUTRE féministe,Feministre: NEUTRE féministe,Risque facile,QS,PLC,Homme,Francophones,18-39 ans,Né Canada,Secondaire,Revenus moyens
Ind_2667,1.775815,0.584703,0.55426,Sou_NON,CONTRE,CONTRE,POUR,CONTRE,CONTRE,CONTRE,NEUTRE,NSP,PESSIMISTE,PESSIMISTE,PESSIMISTE,NEUTRE,Responsabilité mixte,Economie: privé seulement,Feministre: NEUTRE féministe,Feministre: NEUTRE féministe,Risque difficile,QS,NPD,Homme,Francophones,18-39 ans,Né Canada,Collégial,Revenus bas
Ind_2668,-2.706162,-0.262327,-0.854673,Sou_OUI,POUR,POUR,CONTRE,POUR,POUR,POUR,ACCORD,NEUTRE,OPTIMISTE,OPTIMISTE,OPTIMISTE,CONTRE,Responsabilité mixte,Economie: privé et public,Féministe: POUR féministe,Féministe: POUR féministe,Risque facile,PQ,BQ,Homme,Francophones,40-59 ans,Né Canada,Collégial,Revenus bas
Ind_2669,-2.840862,1.388036,-0.316707,Sou_OUI,POUR,POUR,CONTRE,POUR,POUR,POUR,DÉSACCORD,DÉSACCORD,OPTIMISTE,OPTIMISTE,OPTIMISTE,CONTRE,Responsabilité individuelle,Economie: neutre,Féministe: POUR féministe,Feministre: NEUTRE féministe,Risque facile,PQ,BQ,Homme,Francophones,60 ans et plus,Né Canada,Collégial,Revenus moyens
Ind_2670,1.876661,-0.31644,0.188342,Sou_NON,CONTRE,CONTRE,POUR,CONTRE,CONTRE,CONTRE,ACCORD,NEUTRE,PESSIMISTE,PESSIMISTE,NEUTRE,POUR,Responsabilité mixte,NSP,NSP,NSP,Risque facile,NSP,PLC,Femme,Francophones,60 ans et plus,Né Canada,Secondaire,Revenus moyens
Ind_2671,-1.174863,-0.529773,0.740418,Sou_OUI,CONTRE,POUR,CONTRE,POUR,NEUTRE,NEUTRE,ACCORD,NEUTRE,OPTIMISTE,NEUTRE,OPTIMISTE,CONTRE,Responsabilité collective,Economie: privé seulement,Feministre: NEUTRE féministe,Féministe: POUR féministe,Risque facile,NSP,Vote fed: NSP,Femme,Francophones,40-59 ans,Né Canada,Collégial,Revenus bas
Ind_2672,-0.709983,-1.506387,1.244365,Sou_NSP,CONTRE,POUR,NSP,NEUTRE,NEUTRE,NEUTRE,NEUTRE,NEUTRE,OPTIMISTE,NSP,OPTIMISTE,POUR,Responsabilité mixte,NSP,Féministe: POUR féministe,Féministe: POUR féministe,Risque facile,NSP,BQ,Femme,Francophones,60 ans et plus,Né Canada,Collégial,NSP
Ind_2673,0.44176,0.394019,-0.744587,Sou_NON,CONTRE,CONTRE,POUR,CONTRE,POUR,CONTRE,ACCORD,ACCORD,OPTIMISTE,NEUTRE,OPTIMISTE,POUR,Responsabilité mixte,Economie: privé seulement,Feministe: CONTRE féministe,Feministre: NEUTRE féministe,Risque difficile,PQ,PLC,Homme,Francophones,40-59 ans,Né Ailleurs,Universitaire,Revenus moyens
Ind_2674,-2.226499,-0.904404,-0.666185,Sou_OUI,POUR,POUR,CONTRE,POUR,POUR,POUR,DÉSACCORD,ACCORD,OPTIMISTE,NSP,OPTIMISTE,NEUTRE,Responsabilité mixte,Economie: neutre,Féministe: POUR féministe,Féministe: POUR féministe,Risque facile,PQ,PLC,Femme,Francophones,40-59 ans,Né Canada,Universitaire,Revenus élevés
Ind_2675,-2.551283,-1.169763,-0.411907,Sou_OUI,POUR,POUR,CONTRE,POUR,POUR,POUR,NSP,NEUTRE,OPTIMISTE,NEUTRE,OPTIMISTE,CONTRE,Responsabilité collective,Economie: privé et public,Féministe: POUR féministe,Féministe: POUR féministe,Risque difficile,PQ,BQ,Femme,Francophones,40-59 ans,Né Canada,Collégial,Revenus élevés
Ind_2676,1.302877,1.327832,-0.800116,Sou_NON,CONTRE,CONTRE,POUR,CONTRE,CONTRE,CONTRE,NEUTRE,DÉSACCORD,NEUTRE,PESSIMISTE,PESSIMISTE,CONTRE,Responsabilité collective,Economie: privé et public,Feministe: CONTRE féministe,Feministre: NEUTRE féministe,Risque facile,PQ,BQ,Homme,Francophones,40-59 ans,Né Canada,Universitaire,Revenus moyens
Ind_2677,0.612702,1.742961,0.617737,Sou_NON,CONTRE,POUR,POUR,NEUTRE,POUR,NEUTRE,ACCORD,DÉSACCORD,NEUTRE,PESSIMISTE,PESSIMISTE,CONTRE,Responsabilité individuelle,Economie: privé seulement,Feministre: NEUTRE féministe,Feministre: NEUTRE féministe,Risque facile,PCQ,PCC,Homme,Francophones,40-59 ans,Né Canada,Collégial,Revenus élevés
Ind_2678,0.815553,0.99219,0.481289,Sou_NON,CONTRE,POUR,POUR,CONTRE,CONTRE,CONTRE,DÉSACCORD,DÉSACCORD,OPTIMISTE,PESSIMISTE,NSP,CONTRE,Responsabilité individuelle,Economie: neutre,Feministe: CONTRE féministe,Feministre: NEUTRE féministe,Risque difficile,PQ,PCC,Femme,Francophones,40-59 ans,Né Canada,Universitaire,Revenus élevés
Ind_2679,2.000941,1.288888,-0.113621,Sou_NON,CONTRE,CONTRE,POUR,CONTRE,CONTRE,CONTRE,ACCORD,NEUTRE,NEUTRE,PESSIMISTE,NEUTRE,CONTRE,Responsabilité individuelle,Economie: privé seulement,Feministe: CONTRE féministe,Feministre: NEUTRE féministe,Risque difficile,PLQ,PCC,Homme,Non francophones,60 ans et plus,Né Canada,Secondaire,Revenus élevés
Ind_2680,-2.206574,-1.719738,-1.035771,Sou_OUI,POUR,POUR,CONTRE,POUR,POUR,POUR,ACCORD,ACCORD,OPTIMISTE,OPTIMISTE,OPTIMISTE,POUR,Responsabilité mixte,Economie: privé et public,Féministe: POUR féministe,Féministe: POUR féministe,Risque difficile,PQ,PLC,Femme,Francophones,18-39 ans,Né Canada,Collégial,Revenus élevés
Ind_2681,-2.715512,0.561402,-0.687178,Sou_OUI,POUR,POUR,CONTRE,POUR,POUR,POUR,DÉSACCORD,NEUTRE,OPTIMISTE,OPTIMISTE,OPTIMISTE,CONTRE,Responsabilité collective,Economie: privé et public,Feministe: CONTRE féministe,Feministe: CONTRE féministe,Risque difficile,PQ,BQ,Homme,Francophones,60 ans et plus,Né Canada,Universitaire,Revenus élevés
Ind_2682,-1.199911,-0.603685,-0.085426,Sou_NSP,POUR,CONTRE,CONTRE,NSP,POUR,POUR,ACCORD,DÉSACCORD,OPTIMISTE,OPTIMISTE,NSP,CONTRE,Responsabilité individuelle,Economie: privé et public,Féministe: POUR féministe,Féministe: POUR féministe,Risque facile,NSP,PVQ,Femme,Francophones,40-59 ans,Né Canada,Collégial,Revenus bas
Ind_2683,1.442233,0.079852,-1.383819,Sou_NON,CONTRE,CONTRE,POUR,POUR,NEUTRE,CONTRE,DÉSACCORD,DÉSACCORD,NEUTRE,PESSIMISTE,PESSIMISTE,NEUTRE,Responsabilité individuelle,Economie: privé et public,Féministe: POUR féministe,Féministe: POUR féministe,Risque difficile,PLQ,PLC,Homme,Non francophones,40-59 ans,Né Canada,Universitaire,Revenus élevés
Ind_2684,0.994104,0.091321,-0.387135,Sou_NON,CONTRE,CONTRE,CONTRE,NEUTRE,NEUTRE,CONTRE,NEUTRE,NEUTRE,NEUTRE,PESSIMISTE,NEUTRE,POUR,Responsabilité individuelle,Economie: neutre,Féministe: POUR féministe,Féministe: POUR féministe,Risque facile,PLQ,PLC,Homme,Francophones,60 ans et plus,Né Canada,Secondaire,Revenus moyens
Ind_2685,-1.171069,0.165085,-0.7907,Sou_NON,POUR,POUR,POUR,POUR,POUR,POUR,ACCORD,ACCORD,PESSIMISTE,PESSIMISTE,OPTIMISTE,CONTRE,Responsabilité individuelle,Economie: privé seulement,Féministe: POUR féministe,Féministe: POUR féministe,Risque facile,PQ,BQ,Homme,Francophones,18-39 ans,Né Canada,Collégial,Revenus moyens
Ind_2686,-2.542778,-0.166635,-1.20088,Sou_OUI,POUR,POUR,CONTRE,POUR,POUR,POUR,NEUTRE,DÉSACCORD,OPTIMISTE,NEUTRE,OPTIMISTE,NEUTRE,Responsabilité mixte,Economie: privé et public,Féministe: POUR féministe,Féministe: POUR féministe,Risque facile,PQ,PLC,Homme,Francophones,60 ans et plus,Né Canada,Universitaire,Revenus bas
Ind_2687,1.074526,1.695647,0.605841,Sou_NON,CONTRE,CONTRE,POUR,CONTRE,CONTRE,CONTRE,DÉSACCORD,DÉSACCORD,OPTIMISTE,NSP,NEUTRE,CONTRE,Responsabilité individuelle,Economie: privé seulement,Feministre: NEUTRE féministe,Feministre: NEUTRE féministe,Risque difficile,PCQ,PCC,Homme,Francophones,18-39 ans,Né Canada,Collégial,Revenus moyens
Ind_2688,0.68666,-1.010825,0.25552,Sou_NON,CONTRE,CONTRE,CONTRE,NEUTRE,NSP,CONTRE,NEUTRE,DÉSACCORD,PESSIMISTE,NEUTRE,PESSIMISTE,POUR,Responsabilité mixte,Economie: privé et public,Féministe: POUR féministe,Féministe: POUR féministe,Risque difficile,NSP,Vote fed: NSP,Femme,Francophones,60 ans et plus,Né Canada,Secondaire,Revenus élevés
Ind_2689,1.584251,1.204728,-0.478942,Sou_NON,CONTRE,CONTRE,POUR,CONTRE,CONTRE,CONTRE,ACCORD,NEUTRE,OPTIMISTE,PESSIMISTE,NEUTRE,POUR,Responsabilité individuelle,Economie: privé seulement,Feministe: CONTRE féministe,Feministe: CONTRE féministe,Risque facile,PCQ,PCC,Homme,Francophones,40-59 ans,Né Ailleurs,Collégial,Revenus moyens
Ind_2690,1.943568,0.661288,-1.01903,Sou_NON,CONTRE,CONTRE,POUR,CONTRE,CONTRE,CONTRE,ACCORD,ACCORD,PESSIMISTE,PESSIMISTE,PESSIMISTE,CONTRE,Responsabilité individuelle,Economie: privé et public,Feministre: NEUTRE féministe,Feministre: NEUTRE féministe,Risque difficile,PQ,PLC,Homme,Non francophones,18-39 ans,Né Canada,Universitaire,Revenus élevés
Ind_2691,1.098827,-0.138733,-1.038705,Sou_NON,CONTRE,CONTRE,POUR,CONTRE,POUR,NEUTRE,NEUTRE,DÉSACCORD,PESSIMISTE,OPTIMISTE,PESSIMISTE,CONTRE,Responsabilité individuelle,Economie: privé et public,Féministe: POUR féministe,Féministe: POUR féministe,Risque facile,PLQ,PLC,Femme,Non francophones,40-59 ans,Né Canada,Universitaire,Revenus moyens
Ind_2692,1.608788,0.654963,-0.764312,Sou_NON,CONTRE,POUR,POUR,CONTRE,CONTRE,CONTRE,ACCORD,DÉSACCORD,NEUTRE,PESSIMISTE,PESSIMISTE,POUR,Responsabilité individuelle,Economie: neutre,Feministre: NEUTRE féministe,Féministe: POUR féministe,Risque facile,PLQ,PLC,Homme,Francophones,18-39 ans,Né Canada,Collégial,Revenus élevés
Ind_2693,0.477622,0.460668,1.273031,Sou_NON,CONTRE,CONTRE,POUR,NEUTRE,NEUTRE,NEUTRE,NEUTRE,NEUTRE,OPTIMISTE,NEUTRE,NEUTRE,CONTRE,Responsabilité collective,Economie: neutre,Feministre: NEUTRE féministe,Feministre: NEUTRE féministe,Risque difficile,QS,PLC,Homme,Francophones,60 ans et plus,Né Canada,Secondaire,Revenus bas
Ind_2694,-2.357829,-0.470214,-1.116149,Sou_OUI,POUR,CONTRE,CONTRE,POUR,POUR,POUR,NEUTRE,DÉSACCORD,OPTIMISTE,NEUTRE,OPTIMISTE,CONTRE,Responsabilité collective,Economie: privé et public,Féministe: POUR féministe,Féministe: POUR féministe,Risque facile,PQ,BQ,Femme,Francophones,60 ans et plus,Né Canada,Universitaire,Revenus bas
Ind_2695,-1.285824,-1.339552,0.285262,Sou_NSP,CONTRE,POUR,NSP,POUR,NEUTRE,POUR,NSP,DÉSACCORD,OPTIMISTE,NEUTRE,OPTIMISTE,NEUTRE,Responsabilité mixte,Economie: privé et public,Féministe: POUR féministe,Féministe: POUR féministe,Risque difficile,PQ,PLC,Femme,Francophones,60 ans et plus,Né Canada,Collégial,Revenus bas
Ind_2696,1.340185,1.288711,0.265679,Sou_NON,CONTRE,CONTRE,POUR,CONTRE,POUR,CONTRE,NEUTRE,ACCORD,NEUTRE,PESSIMISTE,NEUTRE,CONTRE,Responsabilité individuelle,Economie: privé seulement,Feministre: NEUTRE féministe,Feministre: NEUTRE féministe,Risque difficile,PLQ,PLC,Homme,Francophones,60 ans et plus,Né Canada,Secondaire,Revenus bas
Ind_2697,1.408848,1.814369,0.624136,Sou_NON,CONTRE,CONTRE,POUR,NEUTRE,CONTRE,CONTRE,DÉSACCORD,DÉSACCORD,NEUTRE,PESSIMISTE,NEUTRE,CONTRE,Responsabilité mixte,Economie: privé seulement,Feministre: NEUTRE féministe,Feministre: NEUTRE féministe,Risque facile,PCQ,PCC,Homme,Francophones,18-39 ans,Né Canada,Collégial,Revenus élevés
Ind_2698,-2.815725,1.011793,0.013708,Sou_OUI,POUR,POUR,CONTRE,POUR,POUR,POUR,DÉSACCORD,DÉSACCORD,OPTIMISTE,OPTIMISTE,OPTIMISTE,CONTRE,Responsabilité mixte,Economie: privé et public,Feministre: NEUTRE féministe,Feministe: CONTRE féministe,Risque difficile,PQ,BQ,Homme,Francophones,60 ans et plus,Né Canada,Collégial,Revenus bas
Ind_2699,-0.513199,-0.399472,0.826791,Sou_OUI,POUR,POUR,POUR,POUR,NEUTRE,NEUTRE,NEUTRE,NEUTRE,PESSIMISTE,PESSIMISTE,OPTIMISTE,CONTRE,Responsabilité individuelle,Economie: privé et public,NSP,NSP,Risque difficile,PLQ,PLC,Femme,Francophones,40-59 ans,Né Canada,Secondaire,NSP
Ind_2700,-2.76349,0.441502,-0.633234,Sou_OUI,POUR,POUR,CONTRE,POUR,POUR,POUR,NEUTRE,ACCORD,OPTIMISTE,OPTIMISTE,OPTIMISTE,CONTRE,Responsabilité individuelle,Economie: privé seulement,Féministe: POUR féministe,Féministe: POUR féministe,Risque facile,PQ,BQ,Homme,Francophones,60 ans et plus,Né Canada,Collégial,Revenus bas
Ind_2701,0.034626,0.089994,2.492025,Sou_NON,NSP,NSP,NSP,NEUTRE,NEUTRE,NEUTRE,NSP,DÉSACCORD,NSP,NSP,NSP,CONTRE,NSP,NSP,NSP,NSP,NSP,CAQ,PCC,Homme,Francophones,40-59 ans,Né Canada,Collégial,Revenus bas
Ind_2702,1.990191,0.399143,-0.189124,Sou_NON,CONTRE,CONTRE,POUR,CONTRE,CONTRE,CONTRE,NEUTRE,NEUTRE,NEUTRE,PESSIMISTE,NEUTRE,NEUTRE,Responsabilité individuelle,Economie: neutre,Féministe: POUR féministe,Feministre: NEUTRE féministe,Risque difficile,PLQ,PLC,Homme,Non francophones,60 ans et plus,Né Canada,Collégial,Revenus bas
Ind_2703,2.093022,0.686299,-1.74957,Sou_NON,CONTRE,CONTRE,POUR,CONTRE,CONTRE,CONTRE,ACCORD,DÉSACCORD,NEUTRE,PESSIMISTE,PESSIMISTE,POUR,Responsabilité individuelle,Economie: privé et public,Feministre: NEUTRE féministe,Féministe: POUR féministe,Risque facile,PLQ,PLC,Homme,Non francophones,60 ans et plus,Né Canada,Universitaire,Revenus bas
Ind_2704,-1.162624,-0.065425,-1.534716,Sou_OUI,POUR,POUR,POUR,POUR,POUR,POUR,ACCORD,NEUTRE,PESSIMISTE,PESSIMISTE,OPTIMISTE,CONTRE,Responsabilité individuelle,Economie: privé et public,Féministe: POUR féministe,Féministe: POUR féministe,Risque facile,PQ,PLC,Homme,Non francophones,40-59 ans,Né Ailleurs,Universitaire,Revenus bas
Ind_2705,0.865889,0.408356,0.615853,Sou_NON,CONTRE,POUR,POUR,CONTRE,NSP,CONTRE,NSP,DÉSACCORD,PESSIMISTE,PESSIMISTE,PESSIMISTE,NEUTRE,Responsabilité mixte,Economie: privé seulement,Feministre: NEUTRE féministe,Féministe: POUR féministe,Risque difficile,PQ,Vote fed: NSP,Homme,Francophones,60 ans et plus,Né Canada,Secondaire,NSP
Ind_2706,1.136254,0.631963,-0.617238,Sou_NON,CONTRE,POUR,POUR,POUR,CONTRE,CONTRE,ACCORD,ACCORD,NEUTRE,PESSIMISTE,PESSIMISTE,POUR,Responsabilité individuelle,Economie: neutre,Feministe: CONTRE féministe,Féministe: POUR féministe,Risque facile,PCQ,PCC,Homme,Francophones,40-59 ans,Né Canada,Collégial,Revenus élevés
Ind_2707,1.57156,-0.48438,-0.278814,Sou_NON,CONTRE,CONTRE,POUR,CONTRE,CONTRE,CONTRE,ACCORD,DÉSACCORD,OPTIMISTE,PESSIMISTE,PESSIMISTE,CONTRE,Responsabilité individuelle,Economie: privé seulement,Féministe: POUR féministe,Féministe: POUR féministe,Risque difficile,NSP,Vote fed: NSP,Femme,Francophones,18-39 ans,Né Canada,Universitaire,Revenus bas
Ind_2708,1.161539,-0.541858,1.814508,Sou_NON,CONTRE,NSP,POUR,POUR,CONTRE,CONTRE,NSP,NSP,PESSIMISTE,PESSIMISTE,NSP,CONTRE,NSP,NSP,NSP,NSP,Risque difficile,NSP,Vote fed: NSP,Femme,Francophones,40-59 ans,Né Canada,Secondaire,Revenus bas
Ind_2709,-0.589543,0.895432,-1.032449,Sou_NON,POUR,POUR,CONTRE,POUR,POUR,CONTRE,DÉSACCORD,DÉSACCORD,NEUTRE,NEUTRE,PESSIMISTE,POUR,Responsabilité collective,Economie: privé et public,Feministre: NEUTRE féministe,Feministe: CONTRE féministe,Risque facile,PLQ,PLC,Homme,Francophones,40-59 ans,Né Canada,Universitaire,Revenus bas
Ind_2710,-2.323235,0.090742,0.047689,Sou_OUI,POUR,POUR,CONTRE,POUR,NEUTRE,POUR,ACCORD,ACCORD,OPTIMISTE,NEUTRE,OPTIMISTE,CONTRE,Responsabilité mixte,Economie: privé et public,Feministre: NEUTRE féministe,Feministre: NEUTRE féministe,Risque difficile,PQ,BQ,Homme,Francophones,18-39 ans,Né Canada,Collégial,Revenus moyens
Ind_2711,0.232367,-0.190537,0.213055,Sou_NON,CONTRE,CONTRE,POUR,POUR,NEUTRE,NEUTRE,NSP,DÉSACCORD,OPTIMISTE,PESSIMISTE,OPTIMISTE,CONTRE,Responsabilité mixte,Economie: neutre,Féministe: POUR féministe,Féministe: POUR féministe,Risque difficile,NSP,PLC,Homme,Francophones,60 ans et plus,Né Canada,Universitaire,Revenus bas
Ind_2712,1.42645,0.201692,-0.315969,Sou_NON,CONTRE,CONTRE,POUR,CONTRE,CONTRE,CONTRE,DÉSACCORD,DÉSACCORD,NEUTRE,PESSIMISTE,NEUTRE,NEUTRE,Responsabilité mixte,Economie: privé et public,Feministre: NEUTRE féministe,Féministe: POUR féministe,Risque facile,PQ,PLC,Femme,Francophones,60 ans et plus,Né Canada,Collégial,Revenus bas
Ind_2713,-2.616973,0.893154,-0.551381,Sou_OUI,POUR,POUR,CONTRE,POUR,POUR,POUR,DÉSACCORD,DÉSACCORD,OPTIMISTE,OPTIMISTE,OPTIMISTE,CONTRE,Responsabilité individuelle,Economie: privé et public,Féministe: POUR féministe,Feministre: NEUTRE féministe,Risque difficile,PQ,PCC,Homme,Francophones,40-59 ans,Né Canada,Universitaire,Revenus bas
Ind_2714,1.791417,1.429785,0.42897,Sou_NON,CONTRE,CONTRE,POUR,CONTRE,CONTRE,CONTRE,NEUTRE,DÉSACCORD,PESSIMISTE,PESSIMISTE,PESSIMISTE,CONTRE,Responsabilité mixte,Economie: privé seulement,Feministre: NEUTRE féministe,Feministre: NEUTRE féministe,Risque difficile,NSP,PLC,Homme,Francophones,60 ans et plus,Né Canada,Collégial,Revenus moyens
Ind_2715,1.287025,-0.042018,1.022901,Sou_NON,POUR,CONTRE,POUR,NEUTRE,CONTRE,CONTRE,NSP,NSP,NSP,PESSIMISTE,PESSIMISTE,CONTRE,Responsabilité mixte,Economie: privé et public,Feministre: NEUTRE féministe,Feministre: NEUTRE féministe,Risque difficile,NSP,PLC,Femme,Francophones,40-59 ans,Né Canada,Collégial,Revenus bas
Ind_2716,-0.628591,-0.950253,-0.078555,Sou_NON,NSP,POUR,POUR,POUR,NSP,NEUTRE,ACCORD,ACCORD,OPTIMISTE,OPTIMISTE,OPTIMISTE,CONTRE,Responsabilité individuelle,Economie: neutre,Féministe: POUR féministe,Féministe: POUR féministe,Risque facile,QS,PCC,Femme,Francophones,18-39 ans,Né Canada,Universitaire,Revenus moyens
Ind_2717,-2.653584,-0.346318,0.058818,Sou_OUI,POUR,POUR,CONTRE,POUR,POUR,POUR,DÉSACCORD,DÉSACCORD,OPTIMISTE,NEUTRE,OPTIMISTE,CONTRE,Responsabilité mixte,Economie: privé seulement,Féministe: POUR féministe,Féministe: POUR féministe,Risque difficile,PQ,BQ,Femme,Francophones,40-59 ans,Né Canada,Collégial,NSP
Ind_2718,-1.870934,0.668902,-0.420475,Sou_OUI,POUR,CONTRE,CONTRE,POUR,POUR,POUR,DÉSACCORD,DÉSACCORD,OPTIMISTE,OPTIMISTE,OPTIMISTE,CONTRE,Responsabilité mixte,Economie: privé seulement,Feministe: CONTRE féministe,Féministe: POUR féministe,Risque facile,CAQ,PCC,Femme,Francophones,40-59 ans,Né Canada,Universitaire,Revenus élevés
Ind_2719,0.218127,-0.567918,-1.333606,Sou_NON,CONTRE,POUR,CONTRE,POUR,CONTRE,POUR,ACCORD,NEUTRE,NEUTRE,PESSIMISTE,PESSIMISTE,POUR,Responsabilité mixte,Economie: privé et public,Féministe: POUR féministe,Féministe: POUR féministe,Risque facile,NSP,PLC,Homme,Francophones,60 ans et plus,Né Canada,Universitaire,Revenus bas
Ind_2720,1.563799,1.67931,-0.533502,Sou_NON,CONTRE,CONTRE,POUR,POUR,CONTRE,CONTRE,NEUTRE,DÉSACCORD,NEUTRE,PESSIMISTE,PESSIMISTE,CONTRE,Responsabilité individuelle,Economie: privé seulement,Feministre: NEUTRE féministe,Féministe: POUR féministe,Risque facile,PCQ,PCC,Homme,Non francophones,60 ans et plus,Né Ailleurs,Collégial,Revenus élevés
Ind_2721,1.263933,0.825237,0.303347,Sou_NON,CONTRE,CONTRE,POUR,CONTRE,POUR,CONTRE,DÉSACCORD,DÉSACCORD,PESSIMISTE,PESSIMISTE,PESSIMISTE,CONTRE,Responsabilité individuelle,Economie: neutre,Feministre: NEUTRE féministe,Féministe: POUR féministe,Risque difficile,PCQ,NSP,Femme,Francophones,60 ans et plus,Né Canada,Secondaire,Revenus moyens
Ind_2722,0.553208,-1.19248,-0.330633,Sou_NON,CONTRE,CONTRE,POUR,POUR,CONTRE,CONTRE,NEUTRE,NEUTRE,OPTIMISTE,PESSIMISTE,OPTIMISTE,CONTRE,Responsabilité collective,Economie: privé et public,Féministe: POUR féministe,Féministe: POUR féministe,Risque difficile,PQ,Vote fed: NSP,Femme,Francophones,18-39 ans,Né Canada,Collégial,NSP
Ind_2723,-0.005937,-0.396152,2.286664,Sou_NSP,NSP,NSP,POUR,NEUTRE,NEUTRE,NEUTRE,DÉSACCORD,NSP,NEUTRE,NEUTRE,NSP,CONTRE,Responsabilité individuelle,NSP,Feministre: NEUTRE féministe,Féministe: POUR féministe,Risque facile,Vote prov: NSP,Vote fed: NSP,Femme,Francophones,40-59 ans,Né Canada,Secondaire,Revenus bas
Ind_2724,-0.501747,0.278165,0.956408,Sou_NON,CONTRE,POUR,POUR,NEUTRE,POUR,NEUTRE,NSP,DÉSACCORD,PESSIMISTE,OPTIMISTE,OPTIMISTE,CONTRE,Responsabilité individuelle,Economie: privé et public,Feministe: CONTRE féministe,Feministe: CONTRE féministe,Risque difficile,PQ,BQ,Femme,Francophones,40-59 ans,Né Canada,Collégial,Revenus bas
Ind_2725,-2.090196,0.95406,0.051042,Sou_OUI,NSP,POUR,CONTRE,POUR,POUR,POUR,DÉSACCORD,DÉSACCORD,OPTIMISTE,NEUTRE,OPTIMISTE,CONTRE,Responsabilité collective,Economie: privé et public,Feministre: NEUTRE féministe,Feministre: NEUTRE féministe,Risque difficile,CAQ,PLC,Homme,Francophones,60 ans et plus,Né Canada,Collégial,Revenus bas
Ind_2726,0.99524,0.70586,-0.263361,Sou_NON,CONTRE,POUR,POUR,NEUTRE,CONTRE,CONTRE,ACCORD,NEUTRE,PESSIMISTE,PESSIMISTE,PESSIMISTE,CONTRE,Responsabilité collective,Economie: privé seulement,Feministe: CONTRE féministe,Féministe: POUR féministe,Risque facile,CAQ,BQ,Homme,Francophones,60 ans et plus,Né Canada,Secondaire,Revenus moyens
Ind_2727,1.860686,1.619252,-0.850987,Sou_NON,CONTRE,CONTRE,POUR,CONTRE,CONTRE,CONTRE,DÉSACCORD,DÉSACCORD,NEUTRE,PESSIMISTE,PESSIMISTE,CONTRE,Responsabilité individuelle,Economie: privé et public,NSP,Feministre: NEUTRE féministe,Risque facile,PLQ,PLC,Homme,Francophones,40-59 ans,Né Canada,Universitaire,Revenus élevés
Ind_2728,-0.048651,-0.886089,-0.169088,Sou_NON,CONTRE,POUR,NSP,POUR,NEUTRE,NSP,DÉSACCORD,DÉSACCORD,NEUTRE,PESSIMISTE,OPTIMISTE,CONTRE,Responsabilité collective,Economie: privé et public,Féministe: POUR féministe,Féministe: POUR féministe,Risque difficile,NSP,PLC,Femme,Francophones,60 ans et plus,Né Canada,Universitaire,Revenus moyens
Ind_2729,0.930052,-0.166024,-0.601381,Sou_NON,CONTRE,CONTRE,POUR,POUR,CONTRE,CONTRE,ACCORD,ACCORD,OPTIMISTE,PESSIMISTE,OPTIMISTE,CONTRE,Responsabilité mixte,Economie: neutre,Feministre: NEUTRE féministe,Féministe: POUR féministe,Risque facile,PLQ,NSP,Femme,Francophones,40-59 ans,Né Canada,Universitaire,Revenus élevés
Ind_2730,1.516329,-0.50005,-1.299072,Sou_NON,CONTRE,CONTRE,POUR,CONTRE,NEUTRE,POUR,ACCORD,ACCORD,PESSIMISTE,PESSIMISTE,PESSIMISTE,NEUTRE,Responsabilité individuelle,Economie: privé et public,Féministe: POUR féministe,Féministe: POUR féministe,Risque difficile,PLQ,PLC,Homme,Non francophones,60 ans et plus,Né Canada,Collégial,Revenus moyens
Ind_2731,0.239503,1.645947,-0.692445,Sou_OUI,POUR,CONTRE,POUR,POUR,CONTRE,CONTRE,ACCORD,DÉSACCORD,NEUTRE,PESSIMISTE,OPTIMISTE,CONTRE,Responsabilité individuelle,Economie: privé seulement,Feministe: CONTRE féministe,Feministe: CONTRE féministe,Risque facile,PCQ,PCC,Homme,Non francophones,40-59 ans,Né Canada,Universitaire,Revenus bas
Ind_2732,-2.038866,0.281274,0.53518,Sou_OUI,POUR,POUR,POUR,POUR,POUR,POUR,DÉSACCORD,DÉSACCORD,OPTIMISTE,NEUTRE,OPTIMISTE,CONTRE,Responsabilité individuelle,Economie: neutre,Feministre: NEUTRE féministe,Féministe: POUR féministe,Risque difficile,PQ,Vote fed: NSP,Femme,Francophones,40-59 ans,Né Canada,Collégial,Revenus moyens
Ind_2733,2.139788,0.814181,-1.412604,Sou_NON,CONTRE,CONTRE,POUR,CONTRE,CONTRE,CONTRE,ACCORD,ACCORD,NSP,PESSIMISTE,PESSIMISTE,NEUTRE,Responsabilité individuelle,Economie: privé et public,Feministre: NEUTRE féministe,Feministre: NEUTRE féministe,Risque facile,PLQ,PLC,Homme,Non francophones,60 ans et plus,Né Canada,Universitaire,Revenus élevés
Ind_2734,0.439386,0.799018,0.595032,Sou_NON,CONTRE,CONTRE,POUR,NEUTRE,POUR,POUR,NEUTRE,DÉSACCORD,NEUTRE,PESSIMISTE,NSP,CONTRE,Responsabilité mixte,Economie: privé et public,Feministre: NEUTRE féministe,Feministre: NEUTRE féministe,Risque difficile,PQ,PLC,Homme,Francophones,40-59 ans,Né Canada,Collégial,NSP
Ind_2735,1.55681,-0.500566,-0.324363,Sou_NON,CONTRE,CONTRE,POUR,POUR,CONTRE,CONTRE,NSP,ACCORD,OPTIMISTE,PESSIMISTE,PESSIMISTE,CONTRE,Responsabilité mixte,Economie: privé et public,Feministre: NEUTRE féministe,Féministe: POUR féministe,Risque difficile,NSP,PLC,Femme,Non francophones,40-59 ans,Né Canada,Collégial,Revenus élevés
Ind_2736,1.005749,0.000131,-0.31177,Sou_NON,CONTRE,CONTRE,CONTRE,NSP,CONTRE,POUR,DÉSACCORD,DÉSACCORD,NEUTRE,PESSIMISTE,PESSIMISTE,CONTRE,Responsabilité collective,Economie: privé et public,Feministre: NEUTRE féministe,Féministe: POUR féministe,Risque difficile,NSP,PLC,Femme,Non francophones,60 ans et plus,Né Canada,Secondaire,Revenus bas
Ind_2737,1.798146,-0.253266,-0.165427,Sou_NON,CONTRE,CONTRE,CONTRE,CONTRE,CONTRE,CONTRE,ACCORD,NEUTRE,NEUTRE,PESSIMISTE,PESSIMISTE,NEUTRE,Responsabilité individuelle,Economie: neutre,Feministe: CONTRE féministe,Feministe: CONTRE féministe,Risque difficile,QS,PLC,Femme,Francophones,18-39 ans,Né Ailleurs,Collégial,Revenus moyens
Ind_2738,-1.90263,0.138623,-0.608179,Sou_OUI,POUR,POUR,POUR,POUR,POUR,POUR,ACCORD,ACCORD,OPTIMISTE,OPTIMISTE,OPTIMISTE,CONTRE,Responsabilité individuelle,Economie: privé seulement,Féministe: POUR féministe,Féministe: POUR féministe,Risque facile,PCQ,NSP,Homme,Francophones,18-39 ans,Né Canada,Secondaire,Revenus bas
Ind_2739,-1.272932,-1.165893,-0.555377,Sou_NSP,POUR,CONTRE,CONTRE,POUR,POUR,POUR,ACCORD,DÉSACCORD,PESSIMISTE,NSP,OPTIMISTE,POUR,Responsabilité collective,Economie: privé et public,Féministe: POUR féministe,Féministe: POUR féministe,Risque facile,NSP,PVQ,Femme,Francophones,40-59 ans,Né Canada,Collégial,Revenus bas
Ind_2740,1.84176,1.339895,0.266501,Sou_NON,CONTRE,CONTRE,POUR,CONTRE,CONTRE,CONTRE,DÉSACCORD,NEUTRE,PESSIMISTE,PESSIMISTE,PESSIMISTE,CONTRE,Responsabilité individuelle,Economie: privé seulement,Feministe: CONTRE féministe,Feministe: CONTRE féministe,Risque facile,PCQ,PCC,Femme,Francophones,60 ans et plus,Né Canada,Collégial,NSP
Ind_2741,-2.280368,1.578064,-0.694927,Sou_OUI,POUR,CONTRE,CONTRE,POUR,POUR,POUR,DÉSACCORD,DÉSACCORD,OPTIMISTE,OPTIMISTE,OPTIMISTE,POUR,Responsabilité individuelle,Economie: privé seulement,Feministe: CONTRE féministe,Feministe: CONTRE féministe,Risque facile,PQ,BQ,Homme,Francophones,40-59 ans,Né Canada,Collégial,Revenus moyens
Ind_2742,1.217618,-1.38262,-0.823969,Sou_NON,CONTRE,CONTRE,POUR,CONTRE,NEUTRE,CONTRE,ACCORD,ACCORD,NSP,PESSIMISTE,PESSIMISTE,NEUTRE,Responsabilité collective,Economie: privé et public,Féministe: POUR féministe,Féministe: POUR féministe,Risque facile,PQ,BQ,Femme,Francophones,18-39 ans,Né Canada,Collégial,NSP
Ind_2743,0.789793,0.263628,-0.017058,Sou_NON,CONTRE,CONTRE,POUR,POUR,POUR,POUR,NEUTRE,NEUTRE,NEUTRE,PESSIMISTE,NEUTRE,NEUTRE,Responsabilité mixte,Economie: neutre,Feministre: NEUTRE féministe,Feministre: NEUTRE féministe,Risque difficile,PLQ,PLC,Homme,Non francophones,18-39 ans,Né Canada,Universitaire,Revenus bas
Ind_2744,-2.779953,1.267664,-0.437364,Sou_OUI,POUR,POUR,CONTRE,POUR,POUR,POUR,DÉSACCORD,DÉSACCORD,OPTIMISTE,OPTIMISTE,OPTIMISTE,POUR,Responsabilité mixte,Economie: neutre,Feministre: NEUTRE féministe,Feministre: NEUTRE féministe,Risque facile,PQ,BQ,Homme,Francophones,60 ans et plus,Né Canada,Universitaire,Revenus moyens
Ind_2745,0.663588,0.204454,-0.350884,Sou_NON,POUR,POUR,POUR,CONTRE,POUR,CONTRE,ACCORD,ACCORD,PESSIMISTE,PESSIMISTE,NEUTRE,NEUTRE,Responsabilité individuelle,Economie: privé seulement,Feministre: NEUTRE féministe,Feministre: NEUTRE féministe,Risque facile,PLQ,PLC,Femme,Francophones,18-39 ans,Né Canada,Universitaire,Revenus moyens
Ind_2746,-0.810426,-1.4871,2.019311,Sou_NSP,POUR,POUR,POUR,NEUTRE,NEUTRE,NSP,NSP,NSP,NSP,NSP,OPTIMISTE,CONTRE,Responsabilité mixte,Economie: neutre,Féministe: POUR féministe,Féministe: POUR féministe,Risque difficile,PQ,Vote fed: NSP,Femme,Francophones,40-59 ans,Né Canada,Collégial,Revenus bas
Ind_2747,-0.175517,-1.156647,1.312899,Sou_NON,CONTRE,POUR,CONTRE,NEUTRE,NEUTRE,NEUTRE,NSP,NEUTRE,NSP,PESSIMISTE,NSP,CONTRE,Responsabilité mixte,Economie: neutre,Féministe: POUR féministe,Féministe: POUR féministe,Risque difficile,PQ,BQ,Femme,Francophones,60 ans et plus,Né Canada,Collégial,Revenus moyens
Ind_2748,1.039382,0.109821,-0.317644,Sou_NON,CONTRE,POUR,POUR,NEUTRE,CONTRE,CONTRE,ACCORD,DÉSACCORD,OPTIMISTE,PESSIMISTE,PESSIMISTE,CONTRE,Responsabilité mixte,Economie: privé seulement,Féministe: POUR féministe,Féministe: POUR féministe,Risque difficile,PLQ,PLC,Homme,Francophones,60 ans et plus,Né Canada,Secondaire,NSP
Ind_2749,-2.213586,-0.127161,0.712321,Sou_OUI,POUR,POUR,CONTRE,POUR,POUR,POUR,NEUTRE,NEUTRE,NSP,NSP,OPTIMISTE,NEUTRE,Responsabilité mixte,Economie: neutre,Feministe: CONTRE féministe,Feministe: CONTRE féministe,Risque facile,PQ,BQ,Femme,Francophones,40-59 ans,Né Canada,Secondaire,Revenus bas
Ind_2750,-2.778043,1.829147,-0.025987,Sou_OUI,POUR,POUR,CONTRE,POUR,POUR,POUR,DÉSACCORD,DÉSACCORD,OPTIMISTE,NEUTRE,OPTIMISTE,CONTRE,Responsabilité individuelle,Economie: privé seulement,Feministre: NEUTRE féministe,Feministe: CONTRE féministe,Risque facile,PQ,BQ,Homme,Francophones,60 ans et plus,Né Canada,Collégial,Revenus bas
Ind_2751,-2.272161,0.139733,-0.101377,Sou_OUI,POUR,POUR,CONTRE,POUR,POUR,POUR,ACCORD,NEUTRE,OPTIMISTE,NEUTRE,OPTIMISTE,CONTRE,Responsabilité mixte,Economie: privé et public,Féministe: POUR féministe,Feministre: NEUTRE féministe,Risque difficile,PCQ,PCC,Homme,Francophones,60 ans et plus,Né Canada,Secondaire,Revenus bas
Ind_2752,-2.254937,-0.140473,-0.390688,Sou_OUI,POUR,POUR,CONTRE,POUR,NEUTRE,POUR,NSP,DÉSACCORD,OPTIMISTE,NEUTRE,OPTIMISTE,CONTRE,Responsabilité mixte,Economie: privé et public,Féministe: POUR féministe,Féministe: POUR féministe,NSP,PQ,PLC,Homme,Francophones,40-59 ans,Né Canada,Secondaire,Revenus moyens
Ind_2753,-2.687563,-0.780073,-0.602217,Sou_OUI,POUR,POUR,CONTRE,POUR,POUR,POUR,DÉSACCORD,DÉSACCORD,OPTIMISTE,NEUTRE,OPTIMISTE,CONTRE,Responsabilité collective,Economie: privé et public,Féministe: POUR féministe,Féministe: POUR féministe,Risque difficile,PQ,BQ,Femme,Francophones,18-39 ans,Né Canada,Collégial,Revenus moyens
Ind_2754,-2.683302,-0.62808,-1.282089,Sou_OUI,POUR,POUR,CONTRE,POUR,POUR,POUR,ACCORD,DÉSACCORD,OPTIMISTE,OPTIMISTE,OPTIMISTE,NEUTRE,Responsabilité individuelle,Economie: privé et public,Féministe: POUR féministe,Féministe: POUR féministe,Risque facile,PQ,BQ,Femme,Francophones,60 ans et plus,Né Canada,Universitaire,Revenus bas
Ind_2755,-2.609753,-1.234694,-1.297868,Sou_OUI,POUR,POUR,CONTRE,POUR,POUR,POUR,ACCORD,ACCORD,OPTIMISTE,OPTIMISTE,OPTIMISTE,CONTRE,Responsabilité collective,Economie: privé et public,Féministe: POUR féministe,Féministe: POUR féministe,Risque facile,PQ,BQ,Femme,Francophones,18-39 ans,Né Canada,Universitaire,Revenus bas
Ind_2756,1.363599,1.140383,-0.663262,Sou_NON,CONTRE,CONTRE,POUR,POUR,CONTRE,CONTRE,ACCORD,DÉSACCORD,OPTIMISTE,PESSIMISTE,NEUTRE,POUR,Responsabilité individuelle,Economie: neutre,Feministre: NEUTRE féministe,Feministre: NEUTRE féministe,Risque facile,PLQ,PLC,Homme,Non francophones,18-39 ans,Né Canada,Secondaire,Revenus bas
Ind_2757,-2.618875,-1.214775,-1.694906,Sou_OUI,POUR,POUR,CONTRE,POUR,POUR,POUR,ACCORD,ACCORD,OPTIMISTE,OPTIMISTE,OPTIMISTE,POUR,Responsabilité collective,Economie: privé et public,Féministe: POUR féministe,Féministe: POUR féministe,Risque difficile,PQ,BQ,Homme,Francophones,18-39 ans,Né Canada,Universitaire,Revenus moyens
Ind_2758,0.892841,-0.76921,1.009195,Sou_NON,CONTRE,POUR,POUR,CONTRE,CONTRE,NSP,NEUTRE,ACCORD,PESSIMISTE,NEUTRE,NSP,CONTRE,Responsabilité individuelle,Economie: privé et public,NSP,NSP,Risque difficile,NSP,Vote fed: NSP,Femme,Francophones,18-39 ans,Né Ailleurs,Universitaire,Revenus bas
Ind_2759,1.069929,-0.227798,-0.806465,Sou_NON,CONTRE,POUR,POUR,CONTRE,CONTRE,CONTRE,NSP,DÉSACCORD,PESSIMISTE,PESSIMISTE,OPTIMISTE,NEUTRE,Responsabilité individuelle,Economie: privé et public,Féministe: POUR féministe,Féministe: POUR féministe,Risque difficile,NSP,NPD,Homme,Non francophones,60 ans et plus,Né Canada,Universitaire,NSP
Ind_2760,-2.285297,0.33207,0.86113,Sou_OUI,POUR,POUR,CONTRE,POUR,POUR,POUR,DÉSACCORD,DÉSACCORD,OPTIMISTE,OPTIMISTE,OPTIMISTE,CONTRE,Responsabilité collective,Economie: neutre,Feministre: NEUTRE féministe,Feministre: NEUTRE féministe,Risque difficile,Vote prov: NSP,Vote fed: NSP,Femme,Francophones,18-39 ans,Né Canada,Secondaire,Revenus bas
Ind_2761,1.981619,0.730973,-1.106562,Sou_NON,CONTRE,CONTRE,POUR,CONTRE,CONTRE,CONTRE,NEUTRE,NEUTRE,NEUTRE,PESSIMISTE,NEUTRE,CONTRE,Responsabilité individuelle,Economie: privé et public,Feministre: NEUTRE féministe,Féministe: POUR féministe,Risque facile,PLQ,PLC,Homme,Non francophones,40-59 ans,Né Canada,Universitaire,Revenus moyens
Ind_2762,0.485583,0.570837,-0.447605,Sou_NON,POUR,POUR,CONTRE,CONTRE,CONTRE,NEUTRE,ACCORD,ACCORD,PESSIMISTE,PESSIMISTE,PESSIMISTE,CONTRE,Responsabilité collective,Economie: neutre,Feministe: CONTRE féministe,Féministe: POUR féministe,Risque facile,PCQ,PCC,Homme,Non francophones,60 ans et plus,Né Canada,Secondaire,Revenus moyens
Ind_2763,1.493892,0.43834,0.230506,Sou_NON,CONTRE,CONTRE,POUR,CONTRE,NSP,CONTRE,NSP,NEUTRE,NSP,NSP,NSP,NSP,Responsabilité individuelle,Economie: privé et public,Feministre: NEUTRE féministe,Feministre: NEUTRE féministe,Risque difficile,PLQ,PLC,Homme,Non francophones,60 ans et plus,Né Canada,Collégial,Revenus moyens
Ind_2764,-1.949347,0.494781,0.145807,Sou_OUI,POUR,POUR,CONTRE,POUR,POUR,POUR,ACCORD,NEUTRE,NEUTRE,NEUTRE,OPTIMISTE,CONTRE,Responsabilité collective,Economie: privé et public,Feministre: NEUTRE féministe,Feministre: NEUTRE féministe,Risque facile,NSP,Vote fed: NSP,Homme,Francophones,40-59 ans,Né Canada,Secondaire,Revenus bas
Ind_2765,2.102126,-0.144539,-1.49845,Sou_NON,CONTRE,CONTRE,POUR,CONTRE,CONTRE,CONTRE,ACCORD,NEUTRE,NEUTRE,PESSIMISTE,PESSIMISTE,CONTRE,Responsabilité individuelle,Economie: privé et public,Féministe: POUR féministe,Féministe: POUR féministe,Risque difficile,PLQ,PLC,Homme,Non francophones,60 ans et plus,Né Canada,Universitaire,Revenus bas
Ind_2766,1.041411,0.725308,0.096842,Sou_NON,CONTRE,CONTRE,POUR,POUR,CONTRE,CONTRE,DÉSACCORD,DÉSACCORD,NEUTRE,NEUTRE,PESSIMISTE,CONTRE,Responsabilité mixte,Economie: neutre,Feministre: NEUTRE féministe,Féministe: POUR féministe,Risque difficile,CAQ,PLC,Homme,Francophones,18-39 ans,Né Canada,Collégial,Revenus moyens
Ind_2767,2.265925,0.172878,-0.951039,Sou_NON,CONTRE,CONTRE,POUR,CONTRE,CONTRE,CONTRE,NEUTRE,NEUTRE,NEUTRE,PESSIMISTE,PESSIMISTE,NSP,Responsabilité collective,Economie: privé et public,Feministre: NEUTRE féministe,Feministre: NEUTRE féministe,Risque facile,PLQ,PLC,Femme,Non francophones,40-59 ans,Né Canada,Universitaire,Revenus moyens
Ind_2768,-2.785384,1.782855,-0.59338,Sou_OUI,POUR,POUR,CONTRE,POUR,POUR,POUR,DÉSACCORD,DÉSACCORD,OPTIMISTE,OPTIMISTE,OPTIMISTE,CONTRE,Responsabilité individuelle,Economie: privé seulement,Feministe: CONTRE féministe,Feministe: CONTRE féministe,Risque facile,PQ,BQ,Homme,Francophones,60 ans et plus,Né Canada,Universitaire,Revenus moyens
Ind_2769,-1.42312,-1.536877,0.745162,Sou_NSP,POUR,POUR,POUR,POUR,POUR,POUR,NEUTRE,NEUTRE,PESSIMISTE,NEUTRE,NEUTRE,NEUTRE,Responsabilité mixte,Economie: neutre,Féministe: POUR féministe,Féministe: POUR féministe,Risque difficile,PQ,BQ,Femme,Francophones,18-39 ans,Né Canada,Collégial,NSP
Ind_2770,-2.326617,-0.75377,-0.586797,Sou_OUI,POUR,POUR,CONTRE,POUR,POUR,POUR,NEUTRE,NEUTRE,OPTIMISTE,NEUTRE,OPTIMISTE,CONTRE,Responsabilité mixte,Economie: privé et public,Féministe: POUR féministe,Féministe: POUR féministe,Risque facile,PQ,PLC,Femme,Francophones,40-59 ans,Né Canada,Collégial,Revenus moyens
Ind_2771,0.978201,0.808832,0.776712,Sou_NON,CONTRE,CONTRE,POUR,NEUTRE,CONTRE,NEUTRE,DÉSACCORD,NEUTRE,NEUTRE,PESSIMISTE,PESSIMISTE,CONTRE,Responsabilité collective,Economie: neutre,Feministre: NEUTRE féministe,Feministe: CONTRE féministe,Risque difficile,PQ,BQ,Homme,Francophones,40-59 ans,Né Canada,Secondaire,Revenus bas
Ind_2772,0.627296,0.559181,0.11165,Sou_NON,CONTRE,NSP,POUR,NEUTRE,POUR,CONTRE,DÉSACCORD,NEUTRE,NEUTRE,PESSIMISTE,OPTIMISTE,CONTRE,Responsabilité individuelle,Economie: privé et public,Feministre: NEUTRE féministe,Féministe: POUR féministe,Risque difficile,CAQ,PLC,Homme,Francophones,40-59 ans,Né Canada,Secondaire,Revenus moyens
Ind_2773,-0.222611,-1.974757,-0.846338,Sou_NSP,CONTRE,POUR,CONTRE,POUR,CONTRE,CONTRE,ACCORD,ACCORD,OPTIMISTE,PESSIMISTE,OPTIMISTE,POUR,Responsabilité collective,Economie: privé et public,Féministe: POUR féministe,Féministe: POUR féministe,Risque difficile,QS,NPD,Femme,Francophones,18-39 ans,Né Canada,Collégial,NSP
Ind_2774,1.601867,0.810097,-0.654494,Sou_NON,CONTRE,CONTRE,POUR,POUR,CONTRE,NEUTRE,ACCORD,ACCORD,NEUTRE,PESSIMISTE,PESSIMISTE,NEUTRE,Responsabilité individuelle,Economie: privé et public,Feministre: NEUTRE féministe,Feministre: NEUTRE féministe,Risque facile,PLQ,PCC,Homme,Non francophones,40-59 ans,Né Ailleurs,Collégial,Revenus bas
Ind_2775,-1.249514,0.152744,-0.273383,Sou_OUI,POUR,POUR,CONTRE,POUR,CONTRE,POUR,NEUTRE,DÉSACCORD,NEUTRE,PESSIMISTE,OPTIMISTE,NEUTRE,Responsabilité collective,Economie: privé et public,Feministre: NEUTRE féministe,Féministe: POUR féministe,Risque facile,NSP,Vote fed: NSP,Homme,Francophones,40-59 ans,Né Canada,Collégial,NSP
Ind_2776,-1.980576,0.965637,0.53939,Sou_OUI,NSP,NSP,NSP,POUR,POUR,POUR,DÉSACCORD,DÉSACCORD,OPTIMISTE,NSP,OPTIMISTE,POUR,Responsabilité individuelle,Economie: neutre,Feministre: NEUTRE féministe,Feministre: NEUTRE féministe,Risque facile,PQ,BQ,Homme,Francophones,18-39 ans,Né Canada,Secondaire,NSP
Ind_2777,-1.690808,1.069651,0.095534,Sou_OUI,POUR,POUR,POUR,POUR,POUR,POUR,DÉSACCORD,DÉSACCORD,NEUTRE,NEUTRE,OPTIMISTE,CONTRE,Responsabilité individuelle,Economie: neutre,Feministre: NEUTRE féministe,Feministre: NEUTRE féministe,Risque facile,PQ,PLC,Femme,Francophones,40-59 ans,Né Canada,Universitaire,Revenus moyens
Ind_2778,1.336941,-0.762267,0.658285,Sou_NON,CONTRE,CONTRE,POUR,CONTRE,NEUTRE,CONTRE,NEUTRE,NEUTRE,PESSIMISTE,PESSIMISTE,NEUTRE,NEUTRE,Responsabilité mixte,Economie: neutre,Feministe: CONTRE féministe,Féministe: POUR féministe,Risque difficile,PQ,NPD,Femme,Francophones,18-39 ans,Né Canada,Collégial,Revenus moyens
Ind_2779,-1.975772,0.146985,-0.073034,Sou_OUI,POUR,POUR,POUR,POUR,POUR,POUR,ACCORD,ACCORD,NEUTRE,OPTIMISTE,OPTIMISTE,CONTRE,Responsabilité mixte,Economie: neutre,Feministre: NEUTRE féministe,Féministe: POUR féministe,Risque facile,PQ,BQ,Homme,Francophones,18-39 ans,Né Canada,Collégial,Revenus bas
Ind_2780,0.900984,-0.948408,-1.433875,Sou_NON,CONTRE,CONTRE,POUR,CONTRE,POUR,POUR,ACCORD,ACCORD,PESSIMISTE,PESSIMISTE,PESSIMISTE,NEUTRE,Responsabilité collective,Economie: privé et public,Féministe: POUR féministe,Féministe: POUR féministe,Risque difficile,QS,NPD,Homme,Francophones,40-59 ans,Né Canada,Universitaire,Revenus élevés
Ind_2781,-0.413972,-0.638916,0.866268,Sou_NON,POUR,POUR,CONTRE,CONTRE,NEUTRE,NEUTRE,NSP,NSP,PESSIMISTE,PESSIMISTE,NSP,NEUTRE,Responsabilité collective,Economie: privé seulement,Féministe: POUR féministe,Feministre: NEUTRE féministe,Risque facile,PQ,BQ,Femme,Francophones,18-39 ans,Né Canada,Collégial,Revenus bas
Ind_2782,0.914791,-1.454675,0.336134,Sou_NSP,CONTRE,CONTRE,POUR,CONTRE,CONTRE,CONTRE,NEUTRE,ACCORD,NEUTRE,OPTIMISTE,NEUTRE,NEUTRE,Responsabilité mixte,Economie: neutre,Féministe: POUR féministe,Féministe: POUR féministe,Risque difficile,QS,BQ,Femme,Francophones,18-39 ans,Né Canada,Collégial,Revenus moyens
Ind_2783,-2.679444,0.8249,-0.624187,Sou_OUI,POUR,POUR,CONTRE,POUR,POUR,POUR,NEUTRE,DÉSACCORD,OPTIMISTE,NEUTRE,OPTIMISTE,POUR,Responsabilité individuelle,Economie: privé et public,Feministre: NEUTRE féministe,Feministre: NEUTRE féministe,Risque difficile,PQ,BQ,Homme,Francophones,60 ans et plus,Né Canada,Universitaire,Revenus moyens
Ind_2784,1.798954,-0.369544,0.263524,Sou_NON,CONTRE,CONTRE,POUR,CONTRE,CONTRE,CONTRE,ACCORD,NEUTRE,NEUTRE,PESSIMISTE,NSP,CONTRE,Responsabilité mixte,Economie: neutre,Feministre: NEUTRE féministe,Féministe: POUR féministe,Risque facile,QS,PLC,Femme,Francophones,18-39 ans,Né Canada,Secondaire,Revenus bas
Ind_2785,-1.744423,0.675969,1.075946,Sou_OUI,POUR,POUR,POUR,NEUTRE,POUR,POUR,DÉSACCORD,NEUTRE,NSP,NSP,OPTIMISTE,CONTRE,Responsabilité collective,Economie: neutre,Feministre: NEUTRE féministe,Feministre: NEUTRE féministe,Risque difficile,PQ,BQ,Homme,Francophones,40-59 ans,Né Canada,Collégial,Revenus bas
Ind_2786,1.106708,-0.56144,0.871626,Sou_NON,CONTRE,POUR,POUR,CONTRE,CONTRE,NEUTRE,ACCORD,ACCORD,PESSIMISTE,PESSIMISTE,NSP,CONTRE,Responsabilité individuelle,Economie: neutre,Féministe: POUR féministe,NSP,Risque facile,Vote prov: NSP,Vote fed: NSP,Femme,Francophones,18-39 ans,Né Canada,Collégial,Revenus bas
Ind_2787,-2.453215,0.737357,-0.150009,Sou_OUI,POUR,POUR,CONTRE,POUR,POUR,POUR,NEUTRE,NEUTRE,OPTIMISTE,OPTIMISTE,OPTIMISTE,CONTRE,Responsabilité individuelle,Economie: privé et public,Feministe: CONTRE féministe,Feministe: CONTRE féministe,Risque difficile,PQ,NSP,Homme,Francophones,40-59 ans,Né Canada,Secondaire,Revenus moyens
Ind_2788,-0.348043,0.142564,0.021622,Sou_NON,CONTRE,POUR,POUR,POUR,CONTRE,POUR,NEUTRE,DÉSACCORD,OPTIMISTE,OPTIMISTE,NEUTRE,NEUTRE,Responsabilité collective,Economie: privé et public,Feministre: NEUTRE féministe,Feministre: NEUTRE féministe,Risque facile,CAQ,BQ,Femme,Francophones,18-39 ans,Né Canada,Collégial,Revenus élevés
Ind_2789,-2.614849,1.054481,0.333322,Sou_OUI,POUR,POUR,CONTRE,POUR,POUR,POUR,NEUTRE,DÉSACCORD,OPTIMISTE,OPTIMISTE,OPTIMISTE,CONTRE,Responsabilité individuelle,Economie: neutre,Feministre: NEUTRE féministe,Feministre: NEUTRE féministe,Risque facile,PQ,BQ,Femme,Francophones,40-59 ans,Né Canada,Secondaire,Revenus moyens
Ind_2790,-1.549238,-0.629307,-0.811025,Sou_NSP,POUR,POUR,POUR,POUR,POUR,POUR,NEUTRE,DÉSACCORD,NEUTRE,NEUTRE,OPTIMISTE,NEUTRE,Responsabilité individuelle,Economie: privé et public,Féministe: POUR féministe,Féministe: POUR féministe,Risque facile,PQ,PLC,Femme,Francophones,60 ans et plus,Né Canada,Universitaire,Revenus moyens
Ind_2791,-0.516208,1.119361,-0.287185,Sou_NON,CONTRE,POUR,POUR,CONTRE,CONTRE,POUR,DÉSACCORD,DÉSACCORD,OPTIMISTE,OPTIMISTE,OPTIMISTE,POUR,Responsabilité individuelle,Economie: privé et public,Feministe: CONTRE féministe,Feministre: NEUTRE féministe,Risque difficile,PQ,BQ,Homme,Francophones,60 ans et plus,Né Canada,Collégial,NSP
Ind_2792,0.306699,2.119314,0.069573,Sou_NON,CONTRE,POUR,CONTRE,POUR,CONTRE,CONTRE,DÉSACCORD,DÉSACCORD,PESSIMISTE,PESSIMISTE,NEUTRE,CONTRE,Responsabilité individuelle,Economie: privé seulement,Feministe: CONTRE féministe,Feministe: CONTRE féministe,Risque facile,CAQ,PCC,Homme,Francophones,60 ans et plus,Né Canada,Collégial,Revenus moyens
Ind_2793,1.037694,0.883407,0.64752,Sou_NON,CONTRE,CONTRE,POUR,CONTRE,NEUTRE,NEUTRE,ACCORD,NEUTRE,NSP,NSP,PESSIMISTE,CONTRE,Responsabilité individuelle,Economie: privé et public,Feministre: NEUTRE féministe,Feministre: NEUTRE féministe,Risque facile,PCQ,Vote fed: NSP,Homme,Francophones,60 ans et plus,Né Canada,Collégial,Revenus moyens
Ind_2794,-0.672172,-1.634244,0.843154,Sou_NSP,NSP,NSP,POUR,POUR,NSP,NEUTRE,NSP,DÉSACCORD,NSP,NSP,NSP,CONTRE,Responsabilité collective,Economie: privé et public,Féministe: POUR féministe,Féministe: POUR féministe,Risque difficile,PQ,BQ,Femme,Francophones,40-59 ans,Né Canada,Universitaire,Revenus moyens
Ind_2795,-0.038951,0.070351,0.778011,Sou_NON,CONTRE,POUR,CONTRE,CONTRE,NEUTRE,NEUTRE,DÉSACCORD,DÉSACCORD,OPTIMISTE,OPTIMISTE,PESSIMISTE,NEUTRE,Responsabilité collective,Economie: privé seulement,Feministe: CONTRE féministe,Feministe: CONTRE féministe,Risque difficile,CAQ,NSP,Femme,Francophones,18-39 ans,Né Canada,Secondaire,Revenus bas
Ind_2796,-0.78641,0.055344,1.035289,Sou_NON,NSP,POUR,CONTRE,NEUTRE,POUR,NEUTRE,NEUTRE,NEUTRE,OPTIMISTE,PESSIMISTE,OPTIMISTE,NEUTRE,Responsabilité individuelle,Economie: privé seulement,Feministe: CONTRE féministe,Feministe: CONTRE féministe,Risque difficile,PQ,PCC,Femme,Francophones,60 ans et plus,Né Canada,Secondaire,NSP
Ind_2797,0.556281,1.854854,0.025612,Sou_NON,CONTRE,CONTRE,POUR,POUR,POUR,CONTRE,DÉSACCORD,DÉSACCORD,NEUTRE,NSP,NEUTRE,CONTRE,Responsabilité individuelle,Economie: privé seulement,Feministe: CONTRE féministe,Feministre: NEUTRE féministe,Risque facile,PCQ,PCC,Homme,Francophones,18-39 ans,Né Ailleurs,Universitaire,Revenus élevés
Ind_2798,1.608773,-0.198753,0.02909,Sou_NSP,CONTRE,CONTRE,POUR,CONTRE,NSP,NSP,NEUTRE,DÉSACCORD,PESSIMISTE,PESSIMISTE,PESSIMISTE,NEUTRE,Responsabilité mixte,Economie: privé et public,Feministre: NEUTRE féministe,Feministre: NEUTRE féministe,Risque difficile,PLQ,PLC,Femme,Non francophones,40-59 ans,Né Ailleurs,Universitaire,Revenus élevés
Ind_2799,1.755805,-0.368393,-0.55854,Sou_NON,CONTRE,CONTRE,POUR,POUR,CONTRE,CONTRE,NEUTRE,NEUTRE,NEUTRE,PESSIMISTE,PESSIMISTE,POUR,Responsabilité mixte,Economie: neutre,NSP,Féministe: POUR féministe,Risque difficile,NSP,PLC,Homme,Non francophones,18-39 ans,Né Canada,Universitaire,Revenus moyens
Ind_2800,2.050086,0.077379,-0.987272,Sou_NON,CONTRE,CONTRE,POUR,CONTRE,CONTRE,CONTRE,ACCORD,ACCORD,NEUTRE,PESSIMISTE,PESSIMISTE,CONTRE,Responsabilité collective,Economie: privé seulement,Féministe: POUR féministe,Feministe: CONTRE féministe,Risque difficile,PLQ,PLC,Homme,Francophones,40-59 ans,Né Ailleurs,Universitaire,Revenus bas
Ind_2801,-2.420159,1.095809,-0.564458,Sou_OUI,POUR,POUR,CONTRE,POUR,POUR,POUR,DÉSACCORD,DÉSACCORD,OPTIMISTE,OPTIMISTE,OPTIMISTE,CONTRE,Responsabilité collective,Economie: privé et public,Feministe: CONTRE féministe,Feministe: CONTRE féministe,Risque facile,PQ,Vote fed: NSP,Homme,Non francophones,60 ans et plus,Né Canada,Collégial,NSP
Ind_2802,1.379312,1.212299,0.447186,Sou_NON,CONTRE,POUR,POUR,CONTRE,CONTRE,NSP,NEUTRE,NEUTRE,NSP,PESSIMISTE,NEUTRE,CONTRE,Responsabilité individuelle,Economie: privé seulement,Feministre: NEUTRE féministe,Feministre: NEUTRE féministe,NSP,PLQ,PLC,Homme,Non francophones,60 ans et plus,Né Ailleurs,Collégial,Revenus bas
Ind_2803,-2.750383,0.414974,-0.365187,Sou_OUI,POUR,POUR,CONTRE,POUR,POUR,POUR,NEUTRE,DÉSACCORD,OPTIMISTE,NEUTRE,OPTIMISTE,CONTRE,Responsabilité individuelle,Economie: neutre,Féministe: POUR féministe,Féministe: POUR féministe,Risque facile,PQ,BQ,Homme,Francophones,18-39 ans,Né Canada,Collégial,Revenus bas
Ind_2804,-2.419824,0.284326,-0.224432,Sou_OUI,POUR,POUR,CONTRE,POUR,POUR,POUR,DÉSACCORD,DÉSACCORD,OPTIMISTE,OPTIMISTE,OPTIMISTE,POUR,Responsabilité individuelle,Economie: privé seulement,Féministe: POUR féministe,Feministre: NEUTRE féministe,Risque difficile,PQ,PLC,Femme,Francophones,60 ans et plus,Né Canada,Secondaire,Revenus bas
Ind_2805,-2.253163,-1.123714,-0.398705,Sou_OUI,NSP,POUR,CONTRE,POUR,POUR,POUR,NSP,NEUTRE,OPTIMISTE,NSP,OPTIMISTE,POUR,Responsabilité collective,Economie: privé et public,Féministe: POUR féministe,Feministre: NEUTRE féministe,Risque difficile,PQ,BQ,Femme,Francophones,60 ans et plus,Né Canada,Universitaire,Revenus moyens
Ind_2806,0.037657,-1.070758,0.146344,Sou_NON,CONTRE,POUR,CONTRE,POUR,NSP,NSP,NSP,DÉSACCORD,NEUTRE,NSP,PESSIMISTE,POUR,Responsabilité individuelle,Economie: privé et public,Féministe: POUR féministe,Féministe: POUR féministe,Risque difficile,NSP,PLC,Femme,Francophones,60 ans et plus,Né Canada,Collégial,Revenus bas
Ind_2807,-2.072186,-0.159397,-0.547658,Sou_OUI,POUR,POUR,CONTRE,POUR,POUR,POUR,ACCORD,NEUTRE,OPTIMISTE,NSP,OPTIMISTE,POUR,Responsabilité mixte,Economie: privé et public,Feministe: CONTRE féministe,Feministe: CONTRE féministe,Risque difficile,PQ,PLC,Homme,Francophones,40-59 ans,Né Ailleurs,Collégial,Revenus moyens
Ind_2808,1.316196,0.651611,0.249582,Sou_NON,CONTRE,CONTRE,POUR,CONTRE,CONTRE,CONTRE,DÉSACCORD,DÉSACCORD,NEUTRE,NEUTRE,NEUTRE,POUR,Responsabilité collective,Economie: privé seulement,NSP,NSP,Risque difficile,NSP,PLC,Homme,Francophones,60 ans et plus,Né Canada,Secondaire,Revenus bas
Ind_2809,2.015726,1.229055,-0.323385,Sou_NON,CONTRE,CONTRE,POUR,NEUTRE,CONTRE,CONTRE,ACCORD,DÉSACCORD,PESSIMISTE,PESSIMISTE,PESSIMISTE,CONTRE,Responsabilité mixte,Economie: neutre,Feministe: CONTRE féministe,Feministe: CONTRE féministe,Risque facile,PLQ,PLC,Homme,Non francophones,40-59 ans,Né Canada,Collégial,Revenus moyens
Ind_2810,1.741767,-0.595038,-1.269949,Sou_NON,CONTRE,CONTRE,POUR,NEUTRE,CONTRE,CONTRE,ACCORD,ACCORD,NSP,PESSIMISTE,NEUTRE,NEUTRE,Responsabilité collective,NSP,Féministe: POUR féministe,Féministe: POUR féministe,Risque facile,PLQ,PLC,Homme,Non francophones,60 ans et plus,Né Canada,Universitaire,Revenus bas
Ind_2811,1.189627,-0.029018,-1.153477,Sou_NON,CONTRE,POUR,POUR,POUR,CONTRE,CONTRE,NEUTRE,DÉSACCORD,PESSIMISTE,PESSIMISTE,PESSIMISTE,POUR,Responsabilité individuelle,Economie: privé et public,Féministe: POUR féministe,Féministe: POUR féministe,Risque difficile,QS,PLC,Homme,Non francophones,40-59 ans,Né Canada,Collégial,Revenus moyens
Ind_2812,0.491873,0.410003,-0.402484,Sou_OUI,CONTRE,CONTRE,CONTRE,POUR,CONTRE,CONTRE,NEUTRE,NEUTRE,PESSIMISTE,PESSIMISTE,NEUTRE,POUR,Responsabilité collective,Economie: privé seulement,Feministre: NEUTRE féministe,Feministre: NEUTRE féministe,Risque difficile,PLQ,PVQ,Homme,Francophones,18-39 ans,Né Canada,Universitaire,Revenus élevés
Ind_2813,0.291194,0.977696,0.119023,Sou_NON,CONTRE,POUR,POUR,CONTRE,CONTRE,CONTRE,DÉSACCORD,DÉSACCORD,OPTIMISTE,PESSIMISTE,OPTIMISTE,CONTRE,Responsabilité individuelle,Economie: privé et public,Feministre: NEUTRE féministe,Feministre: NEUTRE féministe,Risque difficile,PQ,BQ,Femme,Francophones,60 ans et plus,Né Canada,Collégial,Revenus moyens
Ind_2814,-0.708045,0.718038,0.903404,Sou_NSP,NSP,POUR,NSP,CONTRE,NEUTRE,CONTRE,NEUTRE,DÉSACCORD,OPTIMISTE,OPTIMISTE,OPTIMISTE,CONTRE,Responsabilité collective,Economie: privé et public,Feministe: CONTRE féministe,Feministre: NEUTRE féministe,Risque facile,NSP,Vote fed: NSP,Homme,Francophones,60 ans et plus,Né Canada,Secondaire,NSP
Ind_2815,0.867308,1.095876,-0.439284,Sou_NON,CONTRE,CONTRE,POUR,POUR,POUR,CONTRE,NEUTRE,DÉSACCORD,NEUTRE,PESSIMISTE,PESSIMISTE,CONTRE,Responsabilité mixte,Economie: privé et public,Feministe: CONTRE féministe,Féministe: POUR féministe,Risque facile,PCQ,PCC,Homme,Francophones,40-59 ans,Né Canada,Collégial,Revenus moyens
Ind_2816,-1.42133,-0.027735,-0.128382,Sou_OUI,NSP,POUR,POUR,POUR,POUR,POUR,ACCORD,DÉSACCORD,NEUTRE,NEUTRE,NEUTRE,CONTRE,Responsabilité collective,Economie: privé et public,Feministre: NEUTRE féministe,Feministre: NEUTRE féministe,Risque facile,PQ,BQ,Femme,Francophones,18-39 ans,Né Canada,Universitaire,Revenus élevés
Ind_2817,-0.44814,0.118105,-0.06175,Sou_NSP,POUR,POUR,POUR,POUR,POUR,CONTRE,NEUTRE,DÉSACCORD,PESSIMISTE,NEUTRE,PESSIMISTE,POUR,Responsabilité individuelle,Economie: privé et public,Feministre: NEUTRE féministe,Feministre: NEUTRE féministe,Risque difficile,QS,PLC,Femme,Francophones,60 ans et plus,Né Canada,Universitaire,Revenus moyens
Ind_2818,-2.480203,-0.512752,-0.349188,Sou_OUI,POUR,POUR,CONTRE,NEUTRE,POUR,POUR,NEUTRE,NEUTRE,OPTIMISTE,OPTIMISTE,OPTIMISTE,CONTRE,Responsabilité collective,Economie: privé et public,Féministe: POUR féministe,Féministe: POUR féministe,Risque difficile,PQ,BQ,Homme,Francophones,40-59 ans,Né Canada,Collégial,Revenus bas
Ind_2819,-0.926206,0.914183,1.000706,Sou_OUI,NSP,POUR,POUR,NEUTRE,POUR,POUR,NEUTRE,NEUTRE,OPTIMISTE,OPTIMISTE,PESSIMISTE,CONTRE,Responsabilité individuelle,Economie: neutre,Feministe: CONTRE féministe,Feministre: NEUTRE féministe,Risque facile,NSP,Vote fed: NSP,Homme,Francophones,18-39 ans,Né Canada,Collégial,Revenus élevés
Ind_2820,-1.554235,0.425284,-0.030606,Sou_OUI,POUR,POUR,POUR,NEUTRE,POUR,POUR,NEUTRE,ACCORD,OPTIMISTE,NEUTRE,NEUTRE,CONTRE,Responsabilité individuelle,Economie: privé et public,Féministe: POUR féministe,Feministre: NEUTRE féministe,Risque facile,PCQ,BQ,Homme,Francophones,18-39 ans,Né Canada,Collégial,Revenus moyens
Ind_2821,0.70925,0.109561,0.849028,Sou_NON,POUR,POUR,POUR,CONTRE,CONTRE,CONTRE,ACCORD,NSP,OPTIMISTE,PESSIMISTE,NEUTRE,CONTRE,Responsabilité individuelle,Economie: privé seulement,Feministre: NEUTRE féministe,NSP,Risque difficile,NSP,PCC,Femme,Francophones,18-39 ans,Né Canada,Collégial,Revenus moyens
Ind_2822,0.978643,0.408279,-0.715523,Sou_NON,POUR,CONTRE,POUR,CONTRE,CONTRE,CONTRE,ACCORD,ACCORD,OPTIMISTE,PESSIMISTE,OPTIMISTE,NEUTRE,Responsabilité mixte,Economie: privé seulement,Feministe: CONTRE féministe,Feministe: CONTRE féministe,Risque difficile,PCQ,NSP,Homme,Non francophones,40-59 ans,Né Canada,Universitaire,Revenus élevés
Ind_2823,1.095173,-0.111868,-0.934568,Sou_NON,CONTRE,CONTRE,POUR,POUR,CONTRE,POUR,NEUTRE,ACCORD,NEUTRE,PESSIMISTE,NEUTRE,CONTRE,Responsabilité individuelle,Economie: privé et public,Féministe: POUR féministe,Féministe: POUR féministe,Risque difficile,PLQ,PLC,Homme,Non francophones,60 ans et plus,Né Canada,Collégial,Revenus bas
Ind_2824,1.758101,0.713935,-0.585506,Sou_NON,CONTRE,CONTRE,POUR,CONTRE,CONTRE,CONTRE,DÉSACCORD,DÉSACCORD,NEUTRE,PESSIMISTE,PESSIMISTE,CONTRE,Responsabilité individuelle,Economie: privé et public,Feministe: CONTRE féministe,Féministe: POUR féministe,Risque facile,PCQ,PCC,Femme,Francophones,18-39 ans,Né Canada,Universitaire,Revenus bas
Ind_2825,0.139442,1.012403,1.011151,Sou_NON,NSP,NSP,POUR,NSP,NSP,NSP,NSP,DÉSACCORD,NEUTRE,PESSIMISTE,OPTIMISTE,CONTRE,NSP,Economie: privé seulement,Feministre: NEUTRE féministe,Feministre: NEUTRE féministe,Risque facile,NSP,BQ,Homme,Francophones,40-59 ans,Né Canada,Universitaire,Revenus élevés
Ind_2826,1.196594,-0.168217,-0.313277,Sou_NON,CONTRE,CONTRE,POUR,CONTRE,CONTRE,CONTRE,DÉSACCORD,NEUTRE,OPTIMISTE,PESSIMISTE,OPTIMISTE,CONTRE,Responsabilité collective,Economie: privé et public,Feministe: CONTRE féministe,Féministe: POUR féministe,Risque difficile,PCQ,PCC,Femme,Francophones,18-39 ans,Né Canada,Collégial,Revenus moyens
Ind_2827,-2.349185,-1.635702,-0.666846,Sou_OUI,POUR,POUR,CONTRE,POUR,POUR,NEUTRE,ACCORD,NEUTRE,OPTIMISTE,NEUTRE,OPTIMISTE,POUR,Responsabilité mixte,Economie: privé et public,Féministe: POUR féministe,Féministe: POUR féministe,Risque difficile,PQ,BQ,Femme,Francophones,60 ans et plus,Né Canada,Universitaire,Revenus bas
Ind_2828,1.695466,0.95337,-1.087962,Sou_NON,CONTRE,CONTRE,POUR,NEUTRE,CONTRE,CONTRE,DÉSACCORD,DÉSACCORD,NEUTRE,PESSIMISTE,PESSIMISTE,NEUTRE,Responsabilité individuelle,Economie: privé et public,Feministre: NEUTRE féministe,Féministe: POUR féministe,Risque facile,PLQ,PLC,Homme,Francophones,40-59 ans,Né Canada,Universitaire,Revenus moyens
Ind_2829,2.118684,-0.047709,-1.826367,Sou_NON,CONTRE,CONTRE,POUR,CONTRE,CONTRE,CONTRE,ACCORD,ACCORD,PESSIMISTE,PESSIMISTE,PESSIMISTE,POUR,Responsabilité individuelle,Economie: privé et public,Féministe: POUR féministe,Féministe: POUR féministe,Risque facile,PLQ,PLC,Homme,Non francophones,60 ans et plus,Né Canada,Collégial,Revenus bas
Ind_2830,-1.921258,-1.256006,-0.039416,Sou_OUI,POUR,POUR,CONTRE,POUR,POUR,POUR,NSP,NSP,NEUTRE,OPTIMISTE,NSP,CONTRE,Responsabilité mixte,Economie: privé et public,Féministe: POUR féministe,Féministe: POUR féministe,Risque difficile,PQ,NSP,Femme,Francophones,40-59 ans,Né Canada,Universitaire,Revenus élevés
Ind_2831,0.284983,-0.914622,0.135094,Sou_NON,CONTRE,POUR,CONTRE,POUR,CONTRE,CONTRE,ACCORD,NEUTRE,PESSIMISTE,PESSIMISTE,NSP,CONTRE,Responsabilité collective,Economie: privé seulement,Féministe: POUR féministe,Féministe: POUR féministe,Risque difficile,NSP,BQ,Femme,Francophones,60 ans et plus,Né Canada,Secondaire,Revenus bas
Ind_2832,2.021478,0.246511,-0.071031,Sou_NON,CONTRE,CONTRE,POUR,NSP,CONTRE,CONTRE,NSP,ACCORD,PESSIMISTE,PESSIMISTE,PESSIMISTE,POUR,Responsabilité mixte,Economie: neutre,NSP,Feministe: CONTRE féministe,Risque difficile,PLQ,PLC,Homme,Non francophones,60 ans et plus,Né Canada,Collégial,Revenus bas
Ind_2833,-0.042932,1.355151,0.39796,Sou_NON,CONTRE,POUR,CONTRE,NEUTRE,CONTRE,CONTRE,DÉSACCORD,DÉSACCORD,OPTIMISTE,PESSIMISTE,NEUTRE,NEUTRE,Responsabilité mixte,Economie: neutre,Feministre: NEUTRE féministe,Feministre: NEUTRE féministe,Risque facile,PQ,BQ,Homme,Francophones,40-59 ans,Né Canada,Collégial,Revenus moyens
Ind_2834,-2.512768,0.703662,-0.786991,Sou_OUI,POUR,POUR,CONTRE,POUR,POUR,POUR,NEUTRE,DÉSACCORD,OPTIMISTE,OPTIMISTE,NEUTRE,CONTRE,Responsabilité individuelle,Economie: privé et public,Feministre: NEUTRE féministe,Féministe: POUR féministe,Risque facile,PQ,BQ,Homme,Francophones,18-39 ans,Né Canada,Universitaire,Revenus moyens
Ind_2835,1.142649,0.892501,0.372387,Sou_NON,CONTRE,CONTRE,POUR,POUR,CONTRE,CONTRE,NSP,DÉSACCORD,NEUTRE,PESSIMISTE,OPTIMISTE,POUR,Responsabilité individuelle,Economie: neutre,Feministre: NEUTRE féministe,Feministre: NEUTRE féministe,Risque facile,NSP,PCC,Femme,Francophones,40-59 ans,Né Canada,Collégial,Revenus élevés
Ind_2836,0.676494,0.7344,0.101985,Sou_NON,POUR,CONTRE,CONTRE,CONTRE,NEUTRE,CONTRE,NEUTRE,NEUTRE,NEUTRE,PESSIMISTE,NEUTRE,POUR,Responsabilité mixte,Economie: privé seulement,Feministe: CONTRE féministe,Feministre: NEUTRE féministe,Risque facile,PLQ,NPD,Homme,Francophones,18-39 ans,Né Canada,Collégial,Revenus moyens
Ind_2837,-0.072201,-1.226541,3.00027,Sou_NSP,NSP,NSP,NSP,NSP,NEUTRE,NSP,NSP,NSP,NSP,NSP,NSP,CONTRE,NSP,NSP,NSP,Feministre: NEUTRE féministe,Risque difficile,Vote prov: NSP,Vote fed: NSP,Femme,Francophones,18-39 ans,Né Canada,Collégial,Revenus moyens
Ind_2838,1.841675,-1.328609,-0.774964,Sou_NON,CONTRE,CONTRE,POUR,NEUTRE,CONTRE,CONTRE,ACCORD,ACCORD,PESSIMISTE,PESSIMISTE,PESSIMISTE,POUR,Responsabilité individuelle,Economie: privé et public,Féministe: POUR féministe,Féministe: POUR féministe,Risque difficile,QS,PLC,Femme,Francophones,18-39 ans,Né Canada,Collégial,Revenus bas
Ind_2839,1.545293,1.097542,-0.220623,Sou_NON,CONTRE,CONTRE,POUR,CONTRE,CONTRE,CONTRE,NEUTRE,DÉSACCORD,NEUTRE,PESSIMISTE,PESSIMISTE,CONTRE,Responsabilité individuelle,Economie: neutre,Feministre: NEUTRE féministe,Féministe: POUR féministe,Risque difficile,PQ,PCC,Homme,Francophones,40-59 ans,Né Canada,Universitaire,Revenus élevés
Ind_2840,-0.720267,1.043931,1.609944,Sou_NSP,NSP,NSP,NSP,NEUTRE,NEUTRE,NEUTRE,NEUTRE,NEUTRE,PESSIMISTE,OPTIMISTE,OPTIMISTE,CONTRE,Responsabilité individuelle,Economie: privé seulement,Feministe: CONTRE féministe,Feministre: NEUTRE féministe,Risque facile,PQ,PCC,Homme,Francophones,60 ans et plus,Né Canada,Collégial,Revenus moyens
Ind_2841,1.022732,0.365019,0.342093,Sou_NON,CONTRE,POUR,POUR,CONTRE,CONTRE,CONTRE,DÉSACCORD,NEUTRE,NEUTRE,PESSIMISTE,PESSIMISTE,CONTRE,Responsabilité individuelle,Economie: neutre,Feministre: NEUTRE féministe,Féministe: POUR féministe,Risque difficile,PQ,BQ,Femme,Francophones,60 ans et plus,Né Canada,Secondaire,Revenus élevés
Ind_2842,-0.016699,-0.467016,-0.476701,Sou_NON,POUR,POUR,POUR,CONTRE,NEUTRE,POUR,ACCORD,NEUTRE,OPTIMISTE,PESSIMISTE,NEUTRE,POUR,Responsabilité mixte,Economie: privé et public,NSP,Féministe: POUR féministe,Risque facile,PLQ,PVQ,Homme,Francophones,18-39 ans,Né Canada,Collégial,Revenus élevés
Ind_2843,-1.463508,-1.089945,-0.149175,Sou_OUI,POUR,NSP,POUR,POUR,NSP,NEUTRE,ACCORD,DÉSACCORD,OPTIMISTE,NSP,OPTIMISTE,CONTRE,Responsabilité individuelle,Economie: privé et public,Féministe: POUR féministe,Féministe: POUR féministe,Risque difficile,PQ,BQ,Femme,Francophones,40-59 ans,Né Canada,Universitaire,Revenus élevés
Ind_2844,-1.91981,0.211558,0.418484,Sou_OUI,POUR,CONTRE,CONTRE,POUR,POUR,POUR,DÉSACCORD,NEUTRE,NEUTRE,NEUTRE,OPTIMISTE,CONTRE,Responsabilité mixte,Economie: privé et public,Feministre: NEUTRE féministe,Feministre: NEUTRE féministe,Risque difficile,PQ,BQ,Femme,Francophones,40-59 ans,Né Canada,Secondaire,Revenus bas
Ind_2845,0.316072,0.633371,0.947372,Sou_NSP,CONTRE,POUR,POUR,NEUTRE,CONTRE,NEUTRE,NSP,ACCORD,PESSIMISTE,PESSIMISTE,OPTIMISTE,CONTRE,Responsabilité individuelle,Economie: privé et public,Feministe: CONTRE féministe,Feministe: CONTRE féministe,Risque facile,NSP,Vote fed: NSP,Homme,Francophones,60 ans et plus,Né Canada,Collégial,Revenus bas
Ind_2846,-2.483064,-1.749103,-0.900339,Sou_OUI,POUR,POUR,CONTRE,POUR,POUR,POUR,ACCORD,NEUTRE,OPTIMISTE,NEUTRE,OPTIMISTE,NEUTRE,Responsabilité mixte,Economie: privé et public,Féministe: POUR féministe,Féministe: POUR féministe,Risque difficile,PQ,BQ,Femme,Francophones,18-39 ans,Né Canada,Universitaire,Revenus élevés
Ind_2847,-2.6626,-0.306227,-0.92689,Sou_OUI,POUR,POUR,CONTRE,POUR,POUR,POUR,DÉSACCORD,NSP,OPTIMISTE,OPTIMISTE,OPTIMISTE,CONTRE,Responsabilité individuelle,Economie: privé et public,Féministe: POUR féministe,Féministe: POUR féministe,Risque facile,PQ,BQ,Femme,Francophones,40-59 ans,Né Canada,Universitaire,Revenus élevés
Ind_2848,-2.304889,1.061769,-0.702455,Sou_OUI,POUR,CONTRE,CONTRE,POUR,POUR,POUR,DÉSACCORD,ACCORD,OPTIMISTE,OPTIMISTE,OPTIMISTE,CONTRE,Responsabilité collective,Economie: privé et public,Feministre: NEUTRE féministe,Feministre: NEUTRE féministe,Risque facile,PQ,BQ,Homme,Francophones,40-59 ans,Né Canada,Collégial,Revenus élevés
Ind_2849,-1.920174,-0.700974,-0.116566,Sou_OUI,POUR,CONTRE,CONTRE,POUR,POUR,POUR,DÉSACCORD,DÉSACCORD,NEUTRE,OPTIMISTE,OPTIMISTE,NEUTRE,Responsabilité mixte,Economie: neutre,Féministe: POUR féministe,Féministe: POUR féministe,Risque difficile,PQ,BQ,Femme,Francophones,40-59 ans,Né Ailleurs,Collégial,NSP
Ind_2850,2.058739,1.336964,-0.430149,Sou_NON,CONTRE,CONTRE,POUR,CONTRE,CONTRE,CONTRE,ACCORD,DÉSACCORD,NEUTRE,PESSIMISTE,PESSIMISTE,CONTRE,Responsabilité individuelle,Economie: neutre,Feministe: CONTRE féministe,Feministe: CONTRE féministe,Risque difficile,PCQ,PCC,Homme,Non francophones,40-59 ans,Né Canada,Universitaire,Revenus moyens
Ind_2851,1.672424,1.533394,-0.364356,Sou_NON,CONTRE,CONTRE,POUR,NEUTRE,CONTRE,CONTRE,DÉSACCORD,DÉSACCORD,NEUTRE,PESSIMISTE,PESSIMISTE,NEUTRE,Responsabilité mixte,Economie: privé seulement,Feministre: NEUTRE féministe,Feministre: NEUTRE féministe,Risque facile,PLQ,PLC,Homme,Francophones,60 ans et plus,Né Canada,Universitaire,Revenus moyens
Ind_2852,1.523353,-0.415695,-0.832625,Sou_NON,CONTRE,CONTRE,POUR,CONTRE,CONTRE,CONTRE,NEUTRE,NEUTRE,PESSIMISTE,PESSIMISTE,OPTIMISTE,CONTRE,Responsabilité collective,Economie: neutre,Féministe: POUR féministe,Féministe: POUR féministe,Risque facile,PLQ,PLC,Femme,Francophones,60 ans et plus,Né Canada,Universitaire,Revenus moyens
Ind_2853,-2.471497,-0.285832,-0.562971,Sou_OUI,POUR,POUR,CONTRE,POUR,POUR,POUR,ACCORD,ACCORD,OPTIMISTE,NEUTRE,OPTIMISTE,POUR,Responsabilité individuelle,Economie: neutre,Feministre: NEUTRE féministe,Féministe: POUR féministe,Risque facile,PQ,BQ,Femme,Francophones,60 ans et plus,Né Canada,Collégial,Revenus moyens
Ind_2854,-1.079969,-0.936153,1.438543,Sou_OUI,POUR,POUR,POUR,POUR,NSP,NSP,NSP,NSP,NEUTRE,NSP,NSP,CONTRE,NSP,NSP,Feministre: NEUTRE féministe,Féministe: POUR féministe,NSP,PQ,BQ,Femme,Francophones,18-39 ans,Né Canada,Collégial,NSP
Ind_2855,-0.450064,-0.358411,1.411245,Sou_OUI,POUR,POUR,POUR,NEUTRE,NEUTRE,NEUTRE,NEUTRE,DÉSACCORD,NEUTRE,NEUTRE,PESSIMISTE,NEUTRE,Responsabilité mixte,NSP,Feministre: NEUTRE féministe,Féministe: POUR féministe,Risque facile,PCQ,Vote fed: NSP,Femme,Francophones,40-59 ans,Né Canada,Collégial,Revenus bas
Ind_2856,-1.221689,1.277858,-0.124861,Sou_OUI,CONTRE,POUR,POUR,POUR,POUR,POUR,ACCORD,ACCORD,OPTIMISTE,OPTIMISTE,OPTIMISTE,CONTRE,Responsabilité individuelle,Economie: privé seulement,Feministre: NEUTRE féministe,Feministre: NEUTRE féministe,Risque facile,PCQ,PLC,Homme,Francophones,40-59 ans,Né Canada,Collégial,Revenus bas
Ind_2857,0.540902,-0.395597,-0.741202,Sou_NON,POUR,POUR,POUR,CONTRE,CONTRE,POUR,ACCORD,ACCORD,NEUTRE,PESSIMISTE,NEUTRE,CONTRE,Responsabilité individuelle,Economie: privé seulement,Féministe: POUR féministe,Féministe: POUR féministe,Risque difficile,PLQ,PLC,Homme,Francophones,18-39 ans,Né Canada,Universitaire,NSP
Ind_2858,-1.441115,-0.545927,-0.216918,Sou_NSP,NSP,POUR,CONTRE,POUR,POUR,CONTRE,NEUTRE,NEUTRE,OPTIMISTE,NEUTRE,OPTIMISTE,POUR,Responsabilité collective,Economie: privé et public,Féministe: POUR féministe,Feministre: NEUTRE féministe,Risque difficile,NSP,PVQ,Homme,Francophones,60 ans et plus,Né Canada,Universitaire,Revenus bas
Ind_2859,-2.201781,-0.810318,-1.164773,Sou_OUI,POUR,CONTRE,CONTRE,POUR,POUR,POUR,ACCORD,DÉSACCORD,OPTIMISTE,OPTIMISTE,OPTIMISTE,CONTRE,Responsabilité individuelle,Economie: privé et public,Féministe: POUR féministe,Féministe: POUR féministe,Risque difficile,PQ,BQ,Femme,Francophones,18-39 ans,Né Canada,Universitaire,Revenus élevés
Ind_2860,-2.162555,-0.615425,-1.153936,Sou_OUI,POUR,CONTRE,CONTRE,POUR,POUR,POUR,ACCORD,NEUTRE,OPTIMISTE,OPTIMISTE,OPTIMISTE,CONTRE,Responsabilité collective,Economie: privé et public,Feministre: NEUTRE féministe,Féministe: POUR féministe,Risque facile,PQ,BQ,Femme,Francophones,18-39 ans,Né Canada,Universitaire,Revenus moyens
Ind_2861,-0.354034,2.180119,-0.132954,Sou_NON,POUR,POUR,CONTRE,POUR,CONTRE,CONTRE,DÉSACCORD,DÉSACCORD,OPTIMISTE,PESSIMISTE,PESSIMISTE,CONTRE,Responsabilité individuelle,Economie: privé seulement,Feministre: NEUTRE féministe,Feministre: NEUTRE féministe,Risque facile,PCQ,BQ,Homme,Francophones,40-59 ans,Né Ailleurs,Collégial,Revenus élevés
Ind_2862,1.635839,0.578829,0.735378,Sou_NON,CONTRE,CONTRE,POUR,CONTRE,CONTRE,CONTRE,ACCORD,DÉSACCORD,PESSIMISTE,PESSIMISTE,NSP,CONTRE,Responsabilité mixte,Economie: neutre,Feministe: CONTRE féministe,Feministe: CONTRE féministe,Risque facile,CAQ,Vote fed: NSP,Femme,Francophones,60 ans et plus,Né Canada,Collégial,Revenus bas
Ind_2863,-2.604558,0.593107,0.522952,Sou_OUI,POUR,POUR,CONTRE,POUR,POUR,POUR,NEUTRE,NEUTRE,OPTIMISTE,OPTIMISTE,OPTIMISTE,CONTRE,Responsabilité mixte,Economie: neutre,Feministre: NEUTRE féministe,Feministre: NEUTRE féministe,Risque difficile,PQ,BQ,Homme,Francophones,18-39 ans,Né Canada,Collégial,Revenus élevés
Ind_2864,2.133941,-0.401793,-2.064327,Sou_NON,CONTRE,CONTRE,POUR,CONTRE,CONTRE,CONTRE,ACCORD,ACCORD,NEUTRE,PESSIMISTE,PESSIMISTE,POUR,Responsabilité collective,Economie: privé et public,Féministe: POUR féministe,Féministe: POUR féministe,Risque facile,PLQ,PLC,Homme,Non francophones,60 ans et plus,Né Canada,Collégial,Revenus moyens
Ind_2865,1.172204,0.26924,-0.378164,Sou_NON,CONTRE,CONTRE,CONTRE,CONTRE,CONTRE,CONTRE,NEUTRE,DÉSACCORD,PESSIMISTE,PESSIMISTE,NEUTRE,NEUTRE,Responsabilité mixte,Economie: neutre,Féministe: POUR féministe,Féministe: POUR féministe,Risque facile,CAQ,PLC,Homme,Francophones,60 ans et plus,Né Canada,Collégial,NSP
Ind_2866,1.380225,0.710498,0.941927,Sou_NON,CONTRE,CONTRE,POUR,CONTRE,CONTRE,CONTRE,NEUTRE,NEUTRE,PESSIMISTE,PESSIMISTE,OPTIMISTE,CONTRE,Responsabilité individuelle,Economie: neutre,NSP,NSP,Risque difficile,NSP,Vote fed: NSP,Homme,Francophones,60 ans et plus,Né Canada,Collégial,Revenus bas
Ind_2867,1.021404,0.135989,0.414253,Sou_NON,CONTRE,CONTRE,CONTRE,NEUTRE,CONTRE,CONTRE,DÉSACCORD,DÉSACCORD,NSP,PESSIMISTE,NEUTRE,CONTRE,Responsabilité individuelle,Economie: neutre,Féministe: POUR féministe,Féministe: POUR féministe,Risque difficile,PCQ,PCC,Femme,Francophones,40-59 ans,Né Canada,Collégial,Revenus moyens
Ind_2868,1.4252,-1.430408,-0.848173,Sou_NON,CONTRE,CONTRE,POUR,NEUTRE,CONTRE,CONTRE,ACCORD,ACCORD,PESSIMISTE,PESSIMISTE,OPTIMISTE,POUR,Responsabilité mixte,Economie: privé et public,Féministe: POUR féministe,Féministe: POUR féministe,Risque difficile,CAQ,PLC,Femme,Francophones,40-59 ans,Né Canada,Universitaire,Revenus bas
Ind_2869,-2.235508,0.052859,-0.595845,Sou_OUI,POUR,POUR,POUR,POUR,POUR,POUR,ACCORD,NEUTRE,OPTIMISTE,OPTIMISTE,OPTIMISTE,NEUTRE,Responsabilité mixte,Economie: neutre,Féministe: POUR féministe,Feministre: NEUTRE féministe,Risque facile,PQ,BQ,Homme,Francophones,40-59 ans,Né Canada,Universitaire,Revenus moyens
Ind_2870,-0.046516,-0.014201,0.901154,Sou_NON,POUR,POUR,POUR,NEUTRE,CONTRE,CONTRE,DÉSACCORD,NEUTRE,NEUTRE,OPTIMISTE,OPTIMISTE,NEUTRE,Responsabilité mixte,Economie: privé seulement,Feministre: NEUTRE féministe,Feministe: CONTRE féministe,Risque difficile,PCQ,BQ,Femme,Francophones,18-39 ans,Né Canada,Collégial,Revenus moyens
Ind_2871,-0.539131,-0.956825,-1.363019,Sou_NSP,POUR,POUR,POUR,POUR,CONTRE,NEUTRE,ACCORD,ACCORD,OPTIMISTE,PESSIMISTE,NEUTRE,POUR,Responsabilité collective,Economie: privé et public,Féministe: POUR féministe,Féministe: POUR féministe,Risque facile,PQ,PLC,Homme,Francophones,40-59 ans,Né Canada,Universitaire,Revenus moyens
Ind_2872,-2.768153,1.406119,-0.425629,Sou_OUI,POUR,POUR,CONTRE,POUR,POUR,POUR,NEUTRE,DÉSACCORD,OPTIMISTE,OPTIMISTE,OPTIMISTE,CONTRE,Responsabilité individuelle,Economie: privé et public,Feministre: NEUTRE féministe,Feministe: CONTRE féministe,Risque facile,PQ,BQ,Homme,Francophones,60 ans et plus,Né Canada,Collégial,Revenus moyens
Ind_2873,1.090317,-0.828494,0.014148,Sou_NON,CONTRE,POUR,CONTRE,CONTRE,CONTRE,CONTRE,ACCORD,DÉSACCORD,NEUTRE,PESSIMISTE,NSP,NEUTRE,Responsabilité collective,Economie: neutre,Féministe: POUR féministe,NSP,Risque difficile,PLQ,PLC,Femme,Francophones,60 ans et plus,Né Canada,Collégial,NSP
Ind_2874,-2.749044,1.987166,-0.076839,Sou_OUI,POUR,POUR,CONTRE,POUR,POUR,POUR,DÉSACCORD,DÉSACCORD,OPTIMISTE,OPTIMISTE,OPTIMISTE,CONTRE,Responsabilité individuelle,Economie: privé seulement,Feministre: NEUTRE féministe,Feministre: NEUTRE féministe,Risque facile,PQ,BQ,Homme,Francophones,40-59 ans,Né Canada,Secondaire,Revenus élevés
Ind_2875,-0.608813,0.323937,1.512554,Sou_NSP,POUR,NSP,POUR,NEUTRE,POUR,POUR,NSP,NSP,NSP,NEUTRE,NSP,CONTRE,Responsabilité individuelle,NSP,NSP,NSP,Risque facile,PCQ,PLC,Homme,Francophones,40-59 ans,Né Canada,Secondaire,NSP
Ind_2876,-0.697048,1.336413,-0.179681,Sou_NON,POUR,CONTRE,POUR,POUR,POUR,POUR,DÉSACCORD,DÉSACCORD,OPTIMISTE,OPTIMISTE,PESSIMISTE,CONTRE,Responsabilité mixte,Economie: privé seulement,Feministre: NEUTRE féministe,Féministe: POUR féministe,Risque facile,PCQ,PCC,Homme,Francophones,18-39 ans,Né Canada,Collégial,Revenus élevés
Ind_2877,0.549859,-0.739918,1.807177,Sou_NSP,CONTRE,NSP,POUR,NSP,POUR,NEUTRE,ACCORD,ACCORD,PESSIMISTE,PESSIMISTE,NSP,NEUTRE,Responsabilité individuelle,NSP,Feministre: NEUTRE féministe,Feministre: NEUTRE féministe,Risque difficile,NSP,Vote fed: NSP,Femme,Francophones,40-59 ans,Né Canada,Secondaire,NSP
Ind_2878,-0.846768,1.155341,0.773658,Sou_OUI,POUR,POUR,POUR,POUR,NEUTRE,NEUTRE,ACCORD,ACCORD,NEUTRE,NEUTRE,NEUTRE,CONTRE,Responsabilité individuelle,Economie: privé seulement,Feministe: CONTRE féministe,Feministre: NEUTRE féministe,Risque facile,PCQ,PCC,Homme,Francophones,60 ans et plus,Né Canada,Collégial,Revenus bas
Ind_2879,-1.054868,-0.494763,1.378533,Sou_NSP,NSP,NSP,NSP,POUR,POUR,POUR,ACCORD,ACCORD,OPTIMISTE,OPTIMISTE,NSP,CONTRE,Responsabilité mixte,Economie: privé seulement,Feministre: NEUTRE féministe,Feministre: NEUTRE féministe,Risque facile,QS,Vote fed: NSP,Femme,Francophones,18-39 ans,Né Canada,Collégial,NSP
Ind_2880,-1.102241,1.178928,0.027541,Sou_OUI,POUR,CONTRE,POUR,CONTRE,POUR,NEUTRE,NEUTRE,NEUTRE,OPTIMISTE,OPTIMISTE,OPTIMISTE,CONTRE,Responsabilité individuelle,Economie: privé et public,Feministre: NEUTRE féministe,Feministre: NEUTRE féministe,Risque facile,PQ,NSP,Homme,Francophones,40-59 ans,Né Canada,Collégial,Revenus moyens
Ind_2881,-1.679664,1.373743,0.142764,Sou_OUI,POUR,POUR,POUR,POUR,POUR,POUR,DÉSACCORD,DÉSACCORD,OPTIMISTE,NEUTRE,OPTIMISTE,CONTRE,Responsabilité mixte,Economie: privé seulement,Feministre: NEUTRE féministe,Feministre: NEUTRE féministe,Risque difficile,CAQ,PCC,Homme,Non francophones,40-59 ans,Né Ailleurs,Universitaire,Revenus bas
Ind_2882,-2.698676,-0.08716,-0.443851,Sou_OUI,POUR,POUR,CONTRE,POUR,POUR,POUR,ACCORD,NEUTRE,OPTIMISTE,OPTIMISTE,OPTIMISTE,CONTRE,Responsabilité mixte,Economie: neutre,Féministe: POUR féministe,Féministe: POUR féministe,Risque facile,PQ,BQ,Homme,Francophones,40-59 ans,Né Canada,Secondaire,Revenus bas
Ind_2883,1.719819,0.145758,0.833259,Sou_NON,CONTRE,CONTRE,POUR,NEUTRE,CONTRE,CONTRE,NSP,NEUTRE,PESSIMISTE,PESSIMISTE,PESSIMISTE,CONTRE,Responsabilité individuelle,NSP,Feministre: NEUTRE féministe,Féministe: POUR féministe,Risque facile,NSP,Vote fed: NSP,Femme,Francophones,40-59 ans,Né Canada,Collégial,Revenus bas
Ind_2884,1.860338,-0.005833,0.67926,Sou_NON,CONTRE,CONTRE,POUR,CONTRE,CONTRE,CONTRE,ACCORD,NSP,PESSIMISTE,PESSIMISTE,PESSIMISTE,CONTRE,Responsabilité collective,Economie: neutre,NSP,NSP,Risque facile,NSP,Vote fed: NSP,Femme,Francophones,60 ans et plus,Né Canada,Secondaire,Revenus bas
Ind_2885,1.180727,-0.960103,-1.445412,Sou_NON,CONTRE,CONTRE,POUR,POUR,CONTRE,CONTRE,ACCORD,DÉSACCORD,PESSIMISTE,PESSIMISTE,PESSIMISTE,POUR,Responsabilité collective,Economie: privé et public,Féministe: POUR féministe,Féministe: POUR féministe,Risque facile,PQ,Vote fed: NSP,Femme,Francophones,18-39 ans,Né Canada,Universitaire,Revenus moyens
Ind_2886,0.790988,-1.487533,-0.403891,Sou_NON,CONTRE,CONTRE,POUR,NSP,NSP,CONTRE,NSP,NEUTRE,NSP,NSP,OPTIMISTE,NEUTRE,Responsabilité collective,Economie: privé et public,Féministe: POUR féministe,Féministe: POUR féministe,Risque facile,CAQ,PLC,Femme,Francophones,18-39 ans,Né Canada,Universitaire,Revenus bas
Ind_2887,0.952326,-0.26613,-0.988147,Sou_NON,CONTRE,CONTRE,POUR,POUR,CONTRE,POUR,ACCORD,ACCORD,NEUTRE,PESSIMISTE,PESSIMISTE,CONTRE,Responsabilité individuelle,Economie: privé seulement,Féministe: POUR féministe,Féministe: POUR féministe,Risque difficile,QS,PVQ,Homme,Francophones,18-39 ans,Né Canada,Universitaire,Revenus moyens
Ind_2888,-2.400927,0.678526,-0.754438,Sou_OUI,POUR,CONTRE,CONTRE,POUR,POUR,POUR,NEUTRE,DÉSACCORD,OPTIMISTE,OPTIMISTE,OPTIMISTE,CONTRE,Responsabilité individuelle,Economie: privé et public,Feministre: NEUTRE féministe,Féministe: POUR féministe,Risque difficile,PQ,BQ,Homme,Francophones,60 ans et plus,Né Canada,Universitaire,Revenus bas
Ind_2889,-2.633233,-0.645818,0.129825,Sou_OUI,POUR,POUR,CONTRE,POUR,POUR,POUR,NEUTRE,DÉSACCORD,OPTIMISTE,NEUTRE,OPTIMISTE,CONTRE,Responsabilité mixte,Economie: privé seulement,Féministe: POUR féministe,Féministe: POUR féministe,Risque difficile,PQ,BQ,Femme,Francophones,18-39 ans,Né Canada,Collégial,Revenus bas
Ind_2890,2.20611,-0.329864,0.253854,Sou_NON,CONTRE,CONTRE,POUR,CONTRE,CONTRE,CONTRE,ACCORD,ACCORD,NEUTRE,PESSIMISTE,PESSIMISTE,CONTRE,NSP,NSP,Feministre: NEUTRE féministe,Feministre: NEUTRE féministe,Risque difficile,NSP,Vote fed: NSP,Femme,Non francophones,18-39 ans,Né Canada,Universitaire,NSP
Ind_2891,-1.625627,0.340472,1.794477,Sou_NSP,NSP,POUR,NSP,POUR,NEUTRE,NEUTRE,NEUTRE,NEUTRE,OPTIMISTE,NEUTRE,OPTIMISTE,CONTRE,Responsabilité mixte,Economie: neutre,Feministre: NEUTRE féministe,Feministre: NEUTRE féministe,Risque difficile,PQ,BQ,Homme,Francophones,60 ans et plus,Né Canada,Secondaire,Revenus bas
Ind_2892,1.423628,1.51593,0.293387,Sou_NSP,CONTRE,CONTRE,POUR,CONTRE,NEUTRE,NEUTRE,DÉSACCORD,DÉSACCORD,PESSIMISTE,PESSIMISTE,PESSIMISTE,CONTRE,Responsabilité individuelle,Economie: neutre,Feministe: CONTRE féministe,Feministe: CONTRE féministe,Risque facile,PLQ,PLC,Homme,Non francophones,40-59 ans,Né Ailleurs,Collégial,Revenus bas
Ind_2893,0.27426,-0.7811,2.772116,Sou_NSP,CONTRE,NSP,NSP,NEUTRE,NEUTRE,NSP,ACCORD,NEUTRE,PESSIMISTE,NSP,NEUTRE,CONTRE,Responsabilité mixte,Economie: neutre,Feministre: NEUTRE féministe,Feministre: NEUTRE féministe,Risque difficile,NSP,Vote fed: NSP,Femme,Francophones,60 ans et plus,Né Canada,Secondaire,NSP
Ind_2894,2.150857,-0.00903,-0.923797,Sou_NON,CONTRE,CONTRE,POUR,CONTRE,CONTRE,CONTRE,NEUTRE,DÉSACCORD,NEUTRE,PESSIMISTE,PESSIMISTE,NEUTRE,Responsabilité collective,Economie: privé et public,NSP,NSP,Risque facile,PLQ,PLC,Femme,Non francophones,60 ans et plus,Né Canada,Universitaire,Revenus bas
Ind_2895,-0.577398,-0.628324,1.023757,Sou_NSP,POUR,POUR,POUR,POUR,NEUTRE,NEUTRE,ACCORD,DÉSACCORD,NEUTRE,NSP,NSP,CONTRE,Responsabilité mixte,Economie: privé seulement,Féministe: POUR féministe,Féministe: POUR féministe,Risque facile,PCQ,PCC,Femme,Francophones,40-59 ans,Né Canada,Collégial,Revenus moyens
Ind_2896,-0.847446,0.833037,0.230766,Sou_OUI,POUR,POUR,POUR,CONTRE,POUR,POUR,ACCORD,DÉSACCORD,PESSIMISTE,PESSIMISTE,OPTIMISTE,CONTRE,Responsabilité collective,Economie: privé seulement,Feministe: CONTRE féministe,Feministe: CONTRE féministe,Risque facile,NSP,Vote fed: NSP,Homme,Francophones,18-39 ans,Né Canada,Secondaire,NSP
Ind_2897,-2.259954,-1.748798,-1.08966,Sou_OUI,POUR,POUR,CONTRE,POUR,POUR,POUR,ACCORD,NEUTRE,OPTIMISTE,OPTIMISTE,OPTIMISTE,POUR,Responsabilité mixte,Economie: privé et public,Féministe: POUR féministe,Féministe: POUR féministe,Risque difficile,PQ,PLC,Femme,Francophones,18-39 ans,Né Canada,Universitaire,Revenus bas
Ind_2898,1.080123,1.086288,0.369072,Sou_NON,CONTRE,POUR,POUR,NEUTRE,CONTRE,CONTRE,ACCORD,DÉSACCORD,NEUTRE,PESSIMISTE,NEUTRE,CONTRE,Responsabilité individuelle,Economie: privé seulement,Feministe: CONTRE féministe,Feministe: CONTRE féministe,Risque difficile,CAQ,Vote fed: NSP,Homme,Francophones,60 ans et plus,Né Canada,Universitaire,Revenus élevés
Ind_2899,-2.794303,0.976199,0.174113,Sou_OUI,POUR,POUR,CONTRE,POUR,POUR,POUR,NEUTRE,DÉSACCORD,OPTIMISTE,OPTIMISTE,OPTIMISTE,CONTRE,Responsabilité mixte,Economie: privé et public,Feministre: NEUTRE féministe,Feministre: NEUTRE féministe,Risque difficile,PQ,BQ,Homme,Francophones,60 ans et plus,Né Canada,Secondaire,Revenus bas
Ind_2900,1.79951,0.264242,-0.090038,Sou_NON,CONTRE,CONTRE,POUR,CONTRE,CONTRE,CONTRE,NEUTRE,NEUTRE,PESSIMISTE,PESSIMISTE,PESSIMISTE,CONTRE,Responsabilité individuelle,Economie: privé seulement,Féministe: POUR féministe,Féministe: POUR féministe,Risque facile,CAQ,PCC,Femme,Francophones,40-59 ans,Né Canada,Collégial,Revenus bas
Ind_2901,1.547371,-0.387317,0.267634,Sou_NON,CONTRE,CONTRE,CONTRE,CONTRE,CONTRE,CONTRE,NSP,NEUTRE,NEUTRE,PESSIMISTE,PESSIMISTE,CONTRE,Responsabilité individuelle,Economie: privé et public,Feministre: NEUTRE féministe,Féministe: POUR féministe,Risque difficile,NSP,Vote fed: NSP,Femme,Francophones,18-39 ans,Né Canada,Collégial,Revenus élevés
Ind_2902,1.037432,-1.846068,1.058814,Sou_NON,CONTRE,NSP,POUR,NEUTRE,NEUTRE,NEUTRE,NEUTRE,NEUTRE,NSP,NEUTRE,NEUTRE,NEUTRE,Responsabilité mixte,Economie: neutre,Féministe: POUR féministe,Féministe: POUR féministe,Risque difficile,PLQ,PLC,Femme,Non francophones,18-39 ans,Né Ailleurs,Collégial,NSP
Ind_2903,0.561716,-1.180115,0.257781,Sou_NSP,CONTRE,CONTRE,POUR,NSP,NSP,NEUTRE,ACCORD,ACCORD,NEUTRE,NEUTRE,NSP,NEUTRE,Responsabilité individuelle,Economie: privé et public,Féministe: POUR féministe,Féministe: POUR féministe,Risque difficile,NSP,PLC,Homme,Francophones,40-59 ans,Né Canada,Collégial,Revenus bas
Ind_2904,0.764685,-0.079726,0.425723,Sou_NON,CONTRE,CONTRE,POUR,NEUTRE,NSP,CONTRE,DÉSACCORD,DÉSACCORD,NEUTRE,NSP,OPTIMISTE,CONTRE,Responsabilité collective,Economie: neutre,Féministe: POUR féministe,NSP,Risque facile,NSP,PLC,Femme,Francophones,60 ans et plus,Né Canada,Universitaire,Revenus bas
Ind_2905,1.995412,-0.483079,-0.316015,Sou_NON,CONTRE,CONTRE,POUR,CONTRE,CONTRE,CONTRE,ACCORD,ACCORD,PESSIMISTE,PESSIMISTE,PESSIMISTE,CONTRE,Responsabilité mixte,Economie: privé et public,Feministe: CONTRE féministe,Féministe: POUR féministe,Risque difficile,CAQ,PLC,Femme,Francophones,40-59 ans,Né Canada,Collégial,Revenus bas
Ind_2906,1.608614,0.844731,-1.060447,Sou_NON,CONTRE,POUR,POUR,CONTRE,CONTRE,CONTRE,ACCORD,DÉSACCORD,PESSIMISTE,PESSIMISTE,PESSIMISTE,CONTRE,Responsabilité mixte,Economie: privé et public,Feministe: CONTRE féministe,Féministe: POUR féministe,Risque facile,PCQ,PCC,Homme,Non francophones,40-59 ans,Né Ailleurs,Universitaire,Revenus moyens
Ind_2907,-1.171028,-0.78865,-1.113587,Sou_NSP,CONTRE,POUR,POUR,POUR,POUR,NEUTRE,NEUTRE,ACCORD,OPTIMISTE,NEUTRE,OPTIMISTE,NEUTRE,Responsabilité collective,Economie: privé et public,Féministe: POUR féministe,Féministe: POUR féministe,Risque facile,PQ,BQ,Homme,Non francophones,40-59 ans,Né Canada,Universitaire,Revenus élevés
Ind_2908,-1.432449,-0.6152,-1.135653,Sou_OUI,POUR,POUR,CONTRE,NEUTRE,POUR,CONTRE,ACCORD,NEUTRE,OPTIMISTE,PESSIMISTE,OPTIMISTE,POUR,Responsabilité collective,Economie: privé seulement,Féministe: POUR féministe,Féministe: POUR féministe,Risque facile,QS,BQ,Homme,Francophones,18-39 ans,Né Canada,Universitaire,Revenus bas
Ind_2909,1.159065,-0.630877,-0.356111,Sou_NON,CONTRE,POUR,POUR,CONTRE,CONTRE,CONTRE,NSP,NEUTRE,NEUTRE,PESSIMISTE,PESSIMISTE,CONTRE,Responsabilité collective,Economie: privé et public,Féministe: POUR féministe,Féministe: POUR féministe,Risque facile,Vote prov: NSP,BQ,Femme,Francophones,60 ans et plus,Né Canada,Secondaire,NSP
Ind_2910,-2.770686,1.323841,-0.298423,Sou_OUI,POUR,POUR,CONTRE,POUR,POUR,POUR,DÉSACCORD,DÉSACCORD,OPTIMISTE,OPTIMISTE,OPTIMISTE,CONTRE,Responsabilité individuelle,Economie: neutre,Feministre: NEUTRE féministe,Féministe: POUR féministe,Risque facile,PQ,BQ,Homme,Francophones,40-59 ans,Né Canada,Collégial,Revenus moyens
Ind_2911,0.412543,-0.484898,1.939753,Sou_NSP,CONTRE,CONTRE,CONTRE,NEUTRE,NSP,NSP,DÉSACCORD,DÉSACCORD,PESSIMISTE,PESSIMISTE,NSP,NEUTRE,NSP,Economie: neutre,NSP,NSP,Risque difficile,NSP,Vote fed: NSP,Femme,Francophones,60 ans et plus,Né Canada,Secondaire,NSP
Ind_2912,0.35731,-0.12489,1.950752,Sou_NSP,NSP,NSP,NSP,POUR,CONTRE,CONTRE,NSP,NEUTRE,PESSIMISTE,PESSIMISTE,NSP,CONTRE,Responsabilité mixte,Economie: privé seulement,Feministe: CONTRE féministe,Feministre: NEUTRE féministe,NSP,Vote prov: NSP,Vote fed: NSP,Femme,Francophones,60 ans et plus,Né Canada,Collégial,NSP
Ind_2913,1.558858,0.491194,-0.608091,Sou_NON,CONTRE,NSP,CONTRE,CONTRE,CONTRE,CONTRE,ACCORD,DÉSACCORD,PESSIMISTE,PESSIMISTE,PESSIMISTE,NEUTRE,Responsabilité mixte,Economie: neutre,Feministe: CONTRE féministe,Féministe: POUR féministe,Risque facile,PLQ,PLC,Homme,Non francophones,40-59 ans,Né Canada,Secondaire,Revenus bas
Ind_2914,-2.763625,1.553715,0.357167,Sou_OUI,POUR,POUR,CONTRE,POUR,POUR,POUR,DÉSACCORD,DÉSACCORD,OPTIMISTE,NEUTRE,OPTIMISTE,CONTRE,Responsabilité mixte,Economie: neutre,Feministre: NEUTRE féministe,Feministre: NEUTRE féministe,Risque facile,PQ,BQ,Homme,Francophones,40-59 ans,Né Canada,Secondaire,Revenus bas
Ind_2915,-0.073255,-1.030795,0.866692,Sou_NSP,CONTRE,POUR,CONTRE,NEUTRE,CONTRE,NEUTRE,NSP,NEUTRE,NEUTRE,NSP,NSP,POUR,Responsabilité collective,Economie: neutre,Féministe: POUR féministe,Féministe: POUR féministe,Risque facile,QS,Vote fed: NSP,Homme,Francophones,40-59 ans,Né Canada,Collégial,NSP
Ind_2916,-0.026684,0.768887,-0.280028,Sou_NON,CONTRE,POUR,POUR,CONTRE,POUR,NEUTRE,ACCORD,ACCORD,OPTIMISTE,PESSIMISTE,OPTIMISTE,CONTRE,Responsabilité individuelle,Economie: privé et public,Feministe: CONTRE féministe,Feministe: CONTRE féministe,Risque facile,PQ,PCC,Homme,Francophones,18-39 ans,Né Ailleurs,Secondaire,Revenus bas
Ind_2917,-2.488634,-1.641958,-0.622341,Sou_OUI,POUR,POUR,CONTRE,POUR,POUR,POUR,ACCORD,NSP,OPTIMISTE,NEUTRE,OPTIMISTE,NEUTRE,Responsabilité collective,Economie: privé et public,Féministe: POUR féministe,Féministe: POUR féministe,Risque difficile,PQ,BQ,Femme,Francophones,40-59 ans,Né Canada,Collégial,NSP
Ind_2918,0.551455,0.998567,1.574017,Sou_NON,NSP,NSP,POUR,NEUTRE,NEUTRE,CONTRE,NEUTRE,DÉSACCORD,OPTIMISTE,PESSIMISTE,NEUTRE,CONTRE,Responsabilité mixte,Economie: neutre,Feministe: CONTRE féministe,Feministre: NEUTRE féministe,Risque difficile,PCQ,PCC,Homme,Francophones,40-59 ans,Né Canada,Collégial,Revenus moyens
Ind_2919,0.20907,-0.728366,2.642036,Sou_NSP,NSP,NSP,NSP,NEUTRE,NEUTRE,CONTRE,ACCORD,NSP,NSP,NSP,NSP,CONTRE,Responsabilité individuelle,Economie: neutre,Feministre: NEUTRE féministe,Feministre: NEUTRE féministe,Risque difficile,Vote prov: NSP,Vote fed: NSP,Femme,Francophones,18-39 ans,Né Canada,Collégial,Revenus élevés
Ind_2920,-2.711171,0.308717,-0.031394,Sou_OUI,POUR,POUR,CONTRE,POUR,POUR,POUR,DÉSACCORD,NEUTRE,OPTIMISTE,NEUTRE,OPTIMISTE,CONTRE,Responsabilité mixte,Economie: neutre,Feministre: NEUTRE féministe,Féministe: POUR féministe,Risque difficile,PQ,BQ,Homme,Francophones,60 ans et plus,Né Canada,Universitaire,NSP
Ind_2921,-1.630136,-1.56991,-0.084571,Sou_OUI,POUR,POUR,CONTRE,POUR,NEUTRE,POUR,NEUTRE,NEUTRE,OPTIMISTE,PESSIMISTE,OPTIMISTE,POUR,Responsabilité collective,Economie: privé et public,Féministe: POUR féministe,Féministe: POUR féministe,Risque difficile,NSP,Vote fed: NSP,Femme,Francophones,60 ans et plus,Né Canada,Secondaire,NSP
Ind_2922,0.878802,1.352578,0.894584,Sou_NON,CONTRE,POUR,POUR,NEUTRE,CONTRE,CONTRE,DÉSACCORD,NEUTRE,NEUTRE,NEUTRE,PESSIMISTE,CONTRE,Responsabilité individuelle,Economie: neutre,Feministe: CONTRE féministe,Feministe: CONTRE féministe,Risque difficile,PCQ,PCC,Homme,Francophones,60 ans et plus,Né Canada,Secondaire,Revenus bas
Ind_2923,1.057986,-1.770084,-0.031282,Sou_NON,CONTRE,CONTRE,POUR,NSP,CONTRE,NEUTRE,ACCORD,ACCORD,NEUTRE,NSP,NEUTRE,CONTRE,Responsabilité mixte,Economie: privé et public,Féministe: POUR féministe,Féministe: POUR féministe,Risque difficile,QS,PVQ,Femme,Francophones,18-39 ans,Né Canada,Universitaire,Revenus moyens
Ind_2924,1.914864,-0.089338,0.504329,Sou_NON,CONTRE,CONTRE,POUR,CONTRE,CONTRE,CONTRE,DÉSACCORD,NSP,NEUTRE,PESSIMISTE,PESSIMISTE,POUR,Responsabilité collective,Economie: privé seulement,Feministre: NEUTRE féministe,Feministe: CONTRE féministe,Risque difficile,Vote prov: NSP,Vote fed: NSP,Femme,Francophones,18-39 ans,Né Canada,Collégial,NSP
Ind_2925,-1.976239,1.445958,-0.195729,Sou_OUI,POUR,CONTRE,CONTRE,POUR,POUR,POUR,NEUTRE,DÉSACCORD,NEUTRE,NEUTRE,OPTIMISTE,CONTRE,Responsabilité individuelle,Economie: privé seulement,Feministe: CONTRE féministe,Feministe: CONTRE féministe,Risque facile,PQ,BQ,Homme,Francophones,18-39 ans,Né Canada,Collégial,Revenus moyens
Ind_2926,0.0699,-0.984844,0.408989,Sou_NON,CONTRE,POUR,POUR,POUR,NEUTRE,NEUTRE,ACCORD,NSP,PESSIMISTE,PESSIMISTE,OPTIMISTE,POUR,Responsabilité mixte,Economie: neutre,Féministe: POUR féministe,Féministe: POUR féministe,Risque facile,PCQ,BQ,Femme,Francophones,40-59 ans,Né Canada,Secondaire,Revenus bas
Ind_2927,0.529637,-0.234336,0.322198,Sou_NON,CONTRE,POUR,POUR,CONTRE,NEUTRE,CONTRE,NSP,ACCORD,OPTIMISTE,PESSIMISTE,OPTIMISTE,CONTRE,Responsabilité individuelle,Economie: neutre,Feministre: NEUTRE féministe,Féministe: POUR féministe,Risque difficile,PLQ,BQ,Femme,Francophones,40-59 ans,Né Canada,Universitaire,Revenus bas
Ind_2928,0.59119,-0.875837,-0.279087,Sou_NON,CONTRE,POUR,POUR,POUR,CONTRE,CONTRE,NSP,ACCORD,NEUTRE,PESSIMISTE,PESSIMISTE,CONTRE,Responsabilité mixte,Economie: privé et public,Féministe: POUR féministe,Féministe: POUR féministe,Risque difficile,PQ,BQ,Femme,Francophones,60 ans et plus,Né Canada,Secondaire,Revenus moyens
Ind_2929,-1.621493,-0.07452,-1.078795,Sou_OUI,POUR,CONTRE,CONTRE,POUR,POUR,CONTRE,DÉSACCORD,NEUTRE,OPTIMISTE,PESSIMISTE,OPTIMISTE,CONTRE,Responsabilité collective,Economie: privé et public,Féministe: POUR féministe,Féministe: POUR féministe,Risque difficile,PQ,BQ,Homme,Francophones,60 ans et plus,Né Canada,Collégial,Revenus élevés
Ind_2930,0.158525,-0.295397,0.511458,Sou_NON,CONTRE,POUR,POUR,NEUTRE,POUR,NEUTRE,ACCORD,DÉSACCORD,NEUTRE,NEUTRE,NEUTRE,CONTRE,Responsabilité individuelle,Economie: neutre,Féministe: POUR féministe,Féministe: POUR féministe,Risque facile,CAQ,PLC,Femme,Francophones,60 ans et plus,Né Canada,Collégial,Revenus bas
Ind_2931,-0.465732,0.109797,-0.722469,Sou_NON,POUR,CONTRE,CONTRE,CONTRE,POUR,NEUTRE,NEUTRE,ACCORD,PESSIMISTE,NEUTRE,OPTIMISTE,CONTRE,Responsabilité individuelle,Economie: privé seulement,Féministe: POUR féministe,Féministe: POUR féministe,Risque facile,PLQ,NPD,Homme,Francophones,18-39 ans,Né Canada,Universitaire,Revenus moyens
Ind_2932,-1.968843,-1.325858,-1.078612,Sou_OUI,POUR,POUR,CONTRE,POUR,POUR,POUR,ACCORD,ACCORD,NEUTRE,NEUTRE,OPTIMISTE,POUR,Responsabilité mixte,Economie: privé et public,Féministe: POUR féministe,Féministe: POUR féministe,Risque difficile,QS,PVQ,Homme,Francophones,18-39 ans,Né Canada,Universitaire,Revenus bas
Ind_2933,-2.05168,1.384388,-0.28016,Sou_NSP,POUR,POUR,CONTRE,POUR,CONTRE,POUR,DÉSACCORD,DÉSACCORD,OPTIMISTE,NEUTRE,OPTIMISTE,CONTRE,Responsabilité individuelle,Economie: privé et public,Feministe: CONTRE féministe,Feministe: CONTRE féministe,Risque facile,PQ,BQ,Homme,Francophones,40-59 ans,Né Canada,Collégial,Revenus élevés
Ind_2934,1.712666,-0.485114,-0.142639,Sou_NON,CONTRE,CONTRE,POUR,CONTRE,CONTRE,NEUTRE,DÉSACCORD,DÉSACCORD,NEUTRE,PESSIMISTE,NEUTRE,CONTRE,Responsabilité mixte,Economie: neutre,Féministe: POUR féministe,Féministe: POUR féministe,Risque difficile,PLQ,PLC,Femme,Non francophones,60 ans et plus,Né Canada,Universitaire,NSP
Ind_2935,-1.390722,0.122565,-0.691289,Sou_OUI,CONTRE,POUR,CONTRE,POUR,CONTRE,CONTRE,DÉSACCORD,DÉSACCORD,OPTIMISTE,OPTIMISTE,OPTIMISTE,CONTRE,Responsabilité individuelle,Economie: privé et public,Féministe: POUR féministe,Féministe: POUR féministe,Risque facile,PQ,BQ,Femme,Francophones,40-59 ans,Né Canada,Collégial,Revenus bas
Ind_2936,0.818519,0.13097,0.332847,Sou_NON,CONTRE,CONTRE,POUR,POUR,POUR,NEUTRE,NSP,NSP,NEUTRE,NEUTRE,NEUTRE,CONTRE,Responsabilité individuelle,Economie: privé seulement,NSP,NSP,Risque facile,PLQ,PLC,Femme,Non francophones,40-59 ans,Né Ailleurs,Universitaire,Revenus bas
Ind_2937,1.857901,-0.004905,0.753983,Sou_NON,CONTRE,CONTRE,POUR,CONTRE,CONTRE,CONTRE,ACCORD,NSP,PESSIMISTE,PESSIMISTE,NEUTRE,NEUTRE,Responsabilité mixte,Economie: privé seulement,Feministre: NEUTRE féministe,Feministre: NEUTRE féministe,Risque difficile,NSP,PLC,Femme,Francophones,60 ans et plus,Né Canada,Secondaire,Revenus bas
Ind_2938,-1.30502,-0.152879,1.439684,Sou_OUI,POUR,POUR,POUR,POUR,POUR,NEUTRE,NSP,DÉSACCORD,PESSIMISTE,NEUTRE,OPTIMISTE,NEUTRE,Responsabilité individuelle,Economie: privé seulement,NSP,NSP,Risque difficile,NSP,Vote fed: NSP,Femme,Francophones,60 ans et plus,Né Canada,Secondaire,Revenus bas
Ind_2939,-2.546586,0.192654,-0.468105,Sou_OUI,POUR,POUR,CONTRE,POUR,POUR,POUR,DÉSACCORD,NSP,OPTIMISTE,NEUTRE,OPTIMISTE,NEUTRE,Responsabilité mixte,Economie: privé et public,Féministe: POUR féministe,Feministre: NEUTRE féministe,Risque facile,NSP,BQ,Homme,Francophones,60 ans et plus,Né Canada,Universitaire,Revenus bas
Ind_2940,1.610595,0.164025,0.036197,Sou_NON,CONTRE,CONTRE,POUR,CONTRE,CONTRE,CONTRE,DÉSACCORD,ACCORD,PESSIMISTE,PESSIMISTE,NSP,CONTRE,Responsabilité collective,Economie: privé seulement,Féministe: POUR féministe,Feministre: NEUTRE féministe,Risque facile,CAQ,PVQ,Femme,Francophones,18-39 ans,Né Canada,Collégial,Revenus élevés
Ind_2941,-0.753584,1.186536,-0.144433,Sou_NON,POUR,POUR,POUR,CONTRE,CONTRE,POUR,DÉSACCORD,DÉSACCORD,NEUTRE,OPTIMISTE,OPTIMISTE,CONTRE,Responsabilité individuelle,Economie: neutre,Feministe: CONTRE féministe,Féministe: POUR féministe,Risque facile,PQ,BQ,Homme,Francophones,18-39 ans,Né Canada,Collégial,Revenus élevés
Ind_2942,1.220507,-0.793802,0.532724,Sou_NON,CONTRE,CONTRE,POUR,CONTRE,NEUTRE,NEUTRE,NEUTRE,NEUTRE,OPTIMISTE,PESSIMISTE,PESSIMISTE,CONTRE,Responsabilité mixte,Economie: neutre,Féministe: POUR féministe,Féministe: POUR féministe,Risque facile,NSP,PLC,Femme,Francophones,18-39 ans,Né Canada,Collégial,Revenus bas
Ind_2943,1.489376,1.585742,0.491058,Sou_NON,CONTRE,CONTRE,POUR,CONTRE,CONTRE,CONTRE,DÉSACCORD,DÉSACCORD,NEUTRE,PESSIMISTE,NEUTRE,CONTRE,Responsabilité collective,Economie: neutre,Feministe: CONTRE féministe,Feministre: NEUTRE féministe,Risque facile,Vote prov: NSP,Vote fed: NSP,Homme,Francophones,40-59 ans,Né Canada,Secondaire,Revenus bas
Ind_2944,-1.300611,-1.939586,-0.854433,Sou_OUI,POUR,POUR,POUR,POUR,CONTRE,POUR,ACCORD,ACCORD,OPTIMISTE,NEUTRE,OPTIMISTE,POUR,Responsabilité collective,Economie: privé et public,Féministe: POUR féministe,Féministe: POUR féministe,Risque difficile,QS,NPD,Femme,Francophones,18-39 ans,Né Canada,Collégial,Revenus bas
Ind_2945,0.643236,0.168499,1.553478,Sou_NON,CONTRE,CONTRE,POUR,NEUTRE,NEUTRE,NEUTRE,NEUTRE,DÉSACCORD,NEUTRE,NEUTRE,NEUTRE,CONTRE,Responsabilité collective,Economie: neutre,Feministre: NEUTRE féministe,Feministre: NEUTRE féministe,Risque difficile,PQ,PLC,Femme,Francophones,40-59 ans,Né Canada,Secondaire,Revenus bas
Ind_2946,-0.517617,0.931927,1.20399,Sou_NSP,CONTRE,POUR,CONTRE,NEUTRE,CONTRE,NEUTRE,NEUTRE,NEUTRE,NEUTRE,PESSIMISTE,OPTIMISTE,CONTRE,Responsabilité mixte,Economie: neutre,Feministre: NEUTRE féministe,Feministre: NEUTRE féministe,Risque facile,PQ,BQ,Homme,Francophones,60 ans et plus,Né Canada,Secondaire,Revenus bas
Ind_2947,1.856041,0.289818,0.903729,Sou_NON,CONTRE,CONTRE,POUR,CONTRE,CONTRE,NSP,NEUTRE,NEUTRE,NEUTRE,PESSIMISTE,NEUTRE,NEUTRE,Responsabilité individuelle,Economie: neutre,Feministre: NEUTRE féministe,Feministre: NEUTRE féministe,Risque facile,NSP,Vote fed: NSP,Femme,Non francophones,40-59 ans,Né Ailleurs,Collégial,Revenus bas
Ind_2948,2.335131,0.293418,-1.232527,Sou_NON,CONTRE,CONTRE,POUR,CONTRE,CONTRE,CONTRE,ACCORD,NEUTRE,PESSIMISTE,PESSIMISTE,PESSIMISTE,POUR,Responsabilité individuelle,Economie: privé et public,Feministre: NEUTRE féministe,Feministre: NEUTRE féministe,Risque facile,PLQ,PLC,Femme,Non francophones,40-59 ans,Né Canada,Universitaire,Revenus moyens
Ind_2949,-2.283686,1.629949,0.255028,Sou_OUI,POUR,POUR,POUR,POUR,POUR,POUR,NEUTRE,DÉSACCORD,OPTIMISTE,NEUTRE,OPTIMISTE,CONTRE,Responsabilité individuelle,Economie: neutre,Feministre: NEUTRE féministe,Feministre: NEUTRE féministe,Risque facile,PQ,BQ,Homme,Francophones,40-59 ans,Né Canada,Secondaire,Revenus élevés
Ind_2950,1.888761,1.237206,0.130225,Sou_NON,CONTRE,CONTRE,POUR,CONTRE,CONTRE,CONTRE,NSP,NSP,NSP,PESSIMISTE,PESSIMISTE,CONTRE,Responsabilité individuelle,Economie: privé et public,Feministre: NEUTRE féministe,Feministre: NEUTRE féministe,Risque facile,NSP,Vote fed: NSP,Homme,Non francophones,60 ans et plus,Né Canada,Collégial,Revenus moyens
Ind_2951,-0.788053,0.255253,1.768731,Sou_NSP,CONTRE,POUR,CONTRE,POUR,NEUTRE,NEUTRE,NSP,NEUTRE,PESSIMISTE,NSP,NSP,CONTRE,Responsabilité mixte,Economie: privé seulement,Feministre: NEUTRE féministe,Feministre: NEUTRE féministe,Risque difficile,PQ,Vote fed: NSP,Homme,Francophones,60 ans et plus,Né Canada,Universitaire,Revenus bas
Ind_2952,0.986772,1.803304,0.62087,Sou_NON,CONTRE,NSP,POUR,POUR,CONTRE,CONTRE,DÉSACCORD,NEUTRE,NEUTRE,PESSIMISTE,NEUTRE,CONTRE,Responsabilité individuelle,Economie: privé seulement,Feministre: NEUTRE féministe,Feministre: NEUTRE féministe,Risque facile,PCQ,PCC,Homme,Francophones,60 ans et plus,Né Canada,Collégial,NSP
Ind_2953,-0.109527,-1.243917,2.89884,Sou_NSP,NSP,NSP,NSP,NSP,NSP,NSP,NSP,NSP,NSP,NSP,NSP,CONTRE,Responsabilité mixte,NSP,NSP,NSP,Risque facile,Vote prov: NSP,Vote fed: NSP,Femme,Francophones,18-39 ans,Né Canada,Secondaire,NSP
Ind_2954,-2.561649,0.059745,-1.256723,Sou_OUI,POUR,POUR,CONTRE,POUR,POUR,POUR,DÉSACCORD,DÉSACCORD,NEUTRE,NEUTRE,OPTIMISTE,CONTRE,Responsabilité collective,Economie: privé et public,Féministe: POUR féministe,Féministe: POUR féministe,Risque facile,PQ,BQ,Homme,Francophones,18-39 ans,Né Canada,Universitaire,Revenus moyens
Ind_2955,-2.295876,-1.239681,-0.10396,Sou_OUI,POUR,POUR,NSP,POUR,POUR,POUR,ACCORD,ACCORD,OPTIMISTE,NEUTRE,OPTIMISTE,CONTRE,Responsabilité mixte,Economie: privé seulement,Féministe: POUR féministe,Féministe: POUR féministe,Risque difficile,PQ,BQ,Femme,Francophones,18-39 ans,Né Canada,Collégial,Revenus élevés
Ind_2956,1.074708,0.410569,-0.464912,Sou_NON,CONTRE,CONTRE,POUR,NEUTRE,CONTRE,CONTRE,NEUTRE,ACCORD,NEUTRE,OPTIMISTE,OPTIMISTE,POUR,Responsabilité mixte,Economie: neutre,Feministre: NEUTRE féministe,Feministe: CONTRE féministe,Risque facile,PQ,PLC,Homme,Non francophones,18-39 ans,Né Ailleurs,Universitaire,Revenus bas
Ind_2957,-1.336238,1.248758,-0.510396,Sou_NSP,POUR,POUR,CONTRE,POUR,POUR,POUR,DÉSACCORD,DÉSACCORD,NEUTRE,PESSIMISTE,PESSIMISTE,POUR,Responsabilité individuelle,Economie: privé et public,Feministre: NEUTRE féministe,Feministre: NEUTRE féministe,Risque facile,NSP,BQ,Homme,Francophones,60 ans et plus,Né Canada,Universitaire,Revenus moyens
Ind_2958,-0.78662,-1.681956,1.113446,Sou_OUI,POUR,NSP,NSP,NEUTRE,NEUTRE,NEUTRE,ACCORD,ACCORD,OPTIMISTE,NEUTRE,NEUTRE,CONTRE,Responsabilité individuelle,Economie: neutre,Féministe: POUR féministe,Féministe: POUR féministe,Risque difficile,QS,NPD,Femme,Francophones,18-39 ans,Né Canada,Collégial,NSP
Ind_2959,0.892506,0.511446,0.112353,Sou_NON,CONTRE,NSP,POUR,POUR,CONTRE,NEUTRE,DÉSACCORD,DÉSACCORD,NEUTRE,PESSIMISTE,PESSIMISTE,NEUTRE,Responsabilité individuelle,Economie: privé et public,Feministre: NEUTRE féministe,Feministre: NEUTRE féministe,Risque facile,PQ,PLC,Femme,Francophones,18-39 ans,Né Canada,Collégial,Revenus élevés
Ind_2960,1.07271,0.464973,0.312045,Sou_NON,CONTRE,POUR,CONTRE,CONTRE,CONTRE,CONTRE,DÉSACCORD,DÉSACCORD,NEUTRE,PESSIMISTE,PESSIMISTE,CONTRE,Responsabilité mixte,Economie: privé et public,Feministe: CONTRE féministe,Feministe: CONTRE féministe,Risque difficile,NSP,PLC,Femme,Francophones,60 ans et plus,Né Canada,Collégial,Revenus bas
Ind_2961,-0.112303,-2.399954,0.926075,Sou_NSP,NSP,NSP,POUR,POUR,NEUTRE,CONTRE,ACCORD,NEUTRE,OPTIMISTE,NSP,NSP,NEUTRE,Responsabilité collective,Economie: privé et public,Féministe: POUR féministe,Féministe: POUR féministe,Risque difficile,NSP,Vote fed: NSP,Femme,Francophones,18-39 ans,Né Canada,Collégial,Revenus bas
Ind_2962,-1.741375,-1.713195,-0.005292,Sou_OUI,POUR,POUR,CONTRE,POUR,POUR,POUR,ACCORD,ACCORD,NEUTRE,NSP,OPTIMISTE,NSP,Responsabilité collective,NSP,Féministe: POUR féministe,Féministe: POUR féministe,Risque difficile,NSP,NPD,Femme,Francophones,40-59 ans,Né Canada,Collégial,Revenus bas
Ind_2963,-0.658464,-0.54555,1.462173,Sou_NON,POUR,POUR,NSP,NEUTRE,NEUTRE,NEUTRE,DÉSACCORD,NEUTRE,NEUTRE,NSP,NEUTRE,NEUTRE,Responsabilité collective,Economie: privé et public,Feministre: NEUTRE féministe,Feministre: NEUTRE féministe,Risque difficile,PQ,BQ,Femme,Francophones,60 ans et plus,Né Canada,Collégial,Revenus bas
Ind_2964,1.627282,-0.815572,-0.834613,Sou_NON,CONTRE,CONTRE,POUR,NEUTRE,CONTRE,CONTRE,ACCORD,NSP,NEUTRE,PESSIMISTE,NEUTRE,POUR,Responsabilité collective,Economie: privé et public,Féministe: POUR féministe,Féministe: POUR féministe,Risque difficile,PLQ,PLC,Homme,Francophones,60 ans et plus,Né Canada,Collégial,Revenus bas
Ind_2965,0.245104,-1.153125,0.48768,Sou_NSP,POUR,POUR,POUR,CONTRE,NSP,NSP,ACCORD,NSP,NSP,NSP,NSP,POUR,Responsabilité collective,NSP,Féministe: POUR féministe,NSP,Risque difficile,PLQ,PLC,Homme,Non francophones,40-59 ans,Né Ailleurs,Collégial,Revenus bas
Ind_2966,-1.157167,0.84221,1.335658,Sou_NSP,POUR,POUR,POUR,POUR,NSP,NSP,DÉSACCORD,DÉSACCORD,OPTIMISTE,NSP,OPTIMISTE,CONTRE,Responsabilité individuelle,Economie: neutre,NSP,NSP,Risque facile,NSP,Vote fed: NSP,Homme,Francophones,40-59 ans,Né Canada,Collégial,Revenus élevés
Ind_2967,-1.653172,-1.99154,-1.199846,Sou_OUI,POUR,POUR,CONTRE,POUR,CONTRE,POUR,ACCORD,ACCORD,OPTIMISTE,OPTIMISTE,NEUTRE,POUR,Responsabilité collective,Economie: privé et public,Féministe: POUR féministe,Féministe: POUR féministe,Risque difficile,PQ,NPD,Femme,Francophones,18-39 ans,Né Canada,Universitaire,NSP
Ind_2968,1.62145,-1.708035,0.103071,Sou_NON,CONTRE,CONTRE,POUR,NEUTRE,CONTRE,NEUTRE,ACCORD,NSP,NEUTRE,PESSIMISTE,PESSIMISTE,NEUTRE,Responsabilité collective,NSP,Féministe: POUR féministe,Féministe: POUR féministe,Risque difficile,QS,PLC,Femme,Francophones,18-39 ans,Né Canada,Collégial,Revenus bas
Ind_2969,0.515891,-0.890563,2.477552,Sou_NON,NSP,NSP,NSP,NEUTRE,NEUTRE,NEUTRE,NSP,NSP,PESSIMISTE,PESSIMISTE,NSP,NEUTRE,Responsabilité mixte,Economie: neutre,NSP,NSP,Risque facile,Vote prov: NSP,Vote fed: NSP,Femme,Francophones,40-59 ans,Né Canada,Collégial,Revenus moyens
Ind_2970,-1.989166,0.897356,0.420839,Sou_OUI,POUR,POUR,POUR,POUR,POUR,POUR,DÉSACCORD,NEUTRE,OPTIMISTE,OPTIMISTE,NEUTRE,NEUTRE,Responsabilité individuelle,Economie: neutre,Feministre: NEUTRE féministe,Feministre: NEUTRE féministe,Risque difficile,PQ,BQ,Homme,Francophones,40-59 ans,Né Canada,Collégial,Revenus moyens
Ind_2971,1.072469,0.769857,-0.602052,Sou_NON,CONTRE,POUR,POUR,CONTRE,POUR,CONTRE,ACCORD,NEUTRE,PESSIMISTE,PESSIMISTE,PESSIMISTE,CONTRE,Responsabilité collective,Economie: privé et public,Feministe: CONTRE féministe,Feministe: CONTRE féministe,Risque facile,CAQ,PLC,Homme,Francophones,40-59 ans,Né Canada,Collégial,Revenus élevés
Ind_2972,-2.698392,-0.08729,-0.126711,Sou_OUI,POUR,POUR,CONTRE,POUR,POUR,POUR,DÉSACCORD,NEUTRE,OPTIMISTE,NEUTRE,OPTIMISTE,CONTRE,Responsabilité mixte,Economie: neutre,Féministe: POUR féministe,Féministe: POUR féministe,Risque difficile,PQ,BQ,Homme,Francophones,40-59 ans,Né Canada,Collégial,Revenus moyens
Ind_2973,1.875121,0.195653,0.069384,Sou_NON,CONTRE,CONTRE,POUR,CONTRE,CONTRE,CONTRE,DÉSACCORD,ACCORD,NEUTRE,PESSIMISTE,PESSIMISTE,CONTRE,Responsabilité individuelle,Economie: privé seulement,Feministre: NEUTRE féministe,Féministe: POUR féministe,Risque difficile,NSP,PCC,Femme,Francophones,18-39 ans,Né Canada,Universitaire,Revenus bas
Ind_2974,-0.486448,-1.620876,1.626719,Sou_NSP,NSP,NSP,NSP,NSP,NSP,NSP,ACCORD,DÉSACCORD,OPTIMISTE,OPTIMISTE,NSP,CONTRE,Responsabilité mixte,NSP,Féministe: POUR féministe,Féministe: POUR féministe,NSP,NSP,Vote fed: NSP,Femme,Francophones,18-39 ans,Né Canada,Secondaire,Revenus moyens
Ind_2975,1.451368,-1.706008,0.31166,Sou_NON,CONTRE,NSP,POUR,NSP,CONTRE,CONTRE,ACCORD,NEUTRE,NEUTRE,PESSIMISTE,NSP,POUR,Responsabilité individuelle,NSP,Féministe: POUR féministe,Féministe: POUR féministe,Risque difficile,NSP,Vote fed: NSP,Femme,Francophones,18-39 ans,Né Canada,Universitaire,NSP
Ind_2976,1.30512,-1.806087,0.612227,Sou_NON,CONTRE,CONTRE,POUR,NEUTRE,NEUTRE,NEUTRE,ACCORD,NEUTRE,NEUTRE,PESSIMISTE,NEUTRE,POUR,Responsabilité mixte,Economie: neutre,Féministe: POUR féministe,Féministe: POUR féministe,Risque difficile,QS,PLC,Femme,Francophones,18-39 ans,Né Canada,Collégial,NSP
Ind_2977,2.073357,0.408344,-1.168579,Sou_NON,CONTRE,CONTRE,POUR,CONTRE,CONTRE,CONTRE,ACCORD,DÉSACCORD,PESSIMISTE,PESSIMISTE,NSP,POUR,Responsabilité mixte,Economie: neutre,Feministe: CONTRE féministe,Féministe: POUR féministe,Risque facile,PLQ,PLC,Homme,Non francophones,40-59 ans,Né Ailleurs,Universitaire,Revenus moyens
Ind_2978,1.797249,-0.095882,0.06392,Sou_NON,CONTRE,CONTRE,POUR,CONTRE,CONTRE,CONTRE,NEUTRE,DÉSACCORD,PESSIMISTE,PESSIMISTE,NSP,CONTRE,Responsabilité collective,Economie: neutre,Feministre: NEUTRE féministe,Féministe: POUR féministe,Risque difficile,PLQ,PLC,Femme,Francophones,40-59 ans,Né Canada,Universitaire,Revenus bas
Ind_2979,1.034903,0.729988,0.076979,Sou_NON,CONTRE,CONTRE,POUR,POUR,CONTRE,NEUTRE,NEUTRE,ACCORD,NEUTRE,PESSIMISTE,NEUTRE,CONTRE,Responsabilité mixte,Economie: privé et public,Feministre: NEUTRE féministe,Feministre: NEUTRE féministe,Risque facile,NSP,PLC,Homme,Francophones,60 ans et plus,Né Canada,Universitaire,Revenus bas
Ind_2980,1.169397,0.491787,0.797181,Sou_NON,CONTRE,CONTRE,POUR,NEUTRE,NEUTRE,CONTRE,NEUTRE,DÉSACCORD,OPTIMISTE,PESSIMISTE,NEUTRE,CONTRE,Responsabilité individuelle,Economie: neutre,Feministre: NEUTRE féministe,Feministre: NEUTRE féministe,Risque difficile,CAQ,PLC,Femme,Francophones,18-39 ans,Né Canada,Universitaire,Revenus élevés
Ind_2981,0.301918,0.326528,0.271732,Sou_NON,POUR,POUR,POUR,POUR,NEUTRE,NEUTRE,NEUTRE,NEUTRE,NEUTRE,PESSIMISTE,NEUTRE,CONTRE,Responsabilité individuelle,Economie: privé et public,Feministre: NEUTRE féministe,Feministre: NEUTRE féministe,Risque facile,CAQ,PLC,Femme,Non francophones,40-59 ans,Né Canada,Universitaire,Revenus élevés
Ind_2982,1.707953,-0.089689,-1.234982,Sou_NON,CONTRE,CONTRE,POUR,CONTRE,CONTRE,NEUTRE,ACCORD,NEUTRE,OPTIMISTE,PESSIMISTE,PESSIMISTE,NEUTRE,Responsabilité individuelle,Economie: privé et public,Feministe: CONTRE féministe,Féministe: POUR féministe,Risque difficile,PLQ,PLC,Homme,Non francophones,60 ans et plus,Né Canada,Universitaire,Revenus bas
Ind_2983,1.660861,-1.533843,-1.118834,Sou_NON,CONTRE,NSP,POUR,CONTRE,CONTRE,CONTRE,ACCORD,ACCORD,OPTIMISTE,PESSIMISTE,PESSIMISTE,POUR,Responsabilité collective,Economie: privé et public,Féministe: POUR féministe,Féministe: POUR féministe,Risque facile,NSP,NPD,Femme,Non francophones,18-39 ans,Né Canada,Collégial,NSP
Ind_2984,1.437183,0.079009,-0.282121,Sou_NON,CONTRE,POUR,POUR,CONTRE,CONTRE,CONTRE,DÉSACCORD,DÉSACCORD,NSP,PESSIMISTE,PESSIMISTE,POUR,Responsabilité individuelle,Economie: privé et public,Feministe: CONTRE féministe,Féministe: POUR féministe,Risque difficile,CAQ,PLC,Femme,Francophones,40-59 ans,Né Canada,Collégial,Revenus bas
Ind_2985,1.896645,0.064808,-1.166089,Sou_NON,CONTRE,CONTRE,POUR,CONTRE,CONTRE,CONTRE,ACCORD,DÉSACCORD,OPTIMISTE,PESSIMISTE,PESSIMISTE,CONTRE,Responsabilité collective,Economie: privé et public,Feministre: NEUTRE féministe,Féministe: POUR féministe,Risque facile,PLQ,PLC,Femme,Non francophones,60 ans et plus,Né Canada,Collégial,NSP
Ind_2986,-2.342879,0.946251,0.334177,Sou_OUI,POUR,POUR,CONTRE,POUR,POUR,POUR,NEUTRE,ACCORD,OPTIMISTE,NSP,OPTIMISTE,CONTRE,Responsabilité mixte,Economie: neutre,Feministre: NEUTRE féministe,Feministre: NEUTRE féministe,Risque facile,PQ,PLC,Homme,Francophones,60 ans et plus,Né Canada,Secondaire,Revenus bas
Ind_2987,1.869182,-0.207422,-1.216715,Sou_NON,CONTRE,CONTRE,POUR,CONTRE,CONTRE,CONTRE,ACCORD,DÉSACCORD,PESSIMISTE,PESSIMISTE,NEUTRE,POUR,Responsabilité individuelle,Economie: privé seulement,Féministe: POUR féministe,Féministe: POUR féministe,Risque facile,PLQ,PLC,Femme,Francophones,40-59 ans,Né Canada,Universitaire,Revenus moyens
Ind_2988,-2.277688,-0.530197,-0.768534,Sou_OUI,POUR,CONTRE,CONTRE,POUR,POUR,POUR,ACCORD,DÉSACCORD,OPTIMISTE,OPTIMISTE,OPTIMISTE,CONTRE,Responsabilité individuelle,Economie: privé et public,Féministe: POUR féministe,Féministe: POUR féministe,Risque difficile,PQ,BQ,Femme,Francophones,60 ans et plus,Né Canada,Collégial,Revenus bas
Ind_2989,2.03758,0.470618,-1.093634,Sou_NON,CONTRE,CONTRE,POUR,CONTRE,NEUTRE,CONTRE,ACCORD,ACCORD,PESSIMISTE,PESSIMISTE,PESSIMISTE,POUR,Responsabilité collective,Economie: privé et public,Feministre: NEUTRE féministe,Feministre: NEUTRE féministe,Risque facile,PLQ,PLC,Homme,Non francophones,60 ans et plus,Né Ailleurs,Collégial,NSP
Ind_2990,1.969371,0.889957,-0.172595,Sou_NON,CONTRE,CONTRE,POUR,CONTRE,NEUTRE,CONTRE,ACCORD,DÉSACCORD,NEUTRE,PESSIMISTE,PESSIMISTE,NEUTRE,Responsabilité mixte,Economie: privé seulement,Feministre: NEUTRE féministe,Feministre: NEUTRE féministe,Risque difficile,PLQ,PLC,Homme,Non francophones,60 ans et plus,Né Canada,Collégial,Revenus élevés
Ind_2991,-0.340977,-0.321756,0.780371,Sou_NSP,CONTRE,NSP,POUR,CONTRE,POUR,NEUTRE,ACCORD,NSP,OPTIMISTE,OPTIMISTE,NSP,CONTRE,Responsabilité mixte,Economie: privé et public,Feministre: NEUTRE féministe,Féministe: POUR féministe,NSP,PQ,PCC,Homme,Francophones,18-39 ans,Né Canada,Secondaire,Revenus bas
Ind_2992,-0.484087,-0.60687,1.550002,Sou_OUI,NSP,NSP,NSP,NEUTRE,NEUTRE,NEUTRE,NSP,NSP,NEUTRE,NEUTRE,NSP,NEUTRE,Responsabilité mixte,Economie: neutre,NSP,NSP,Risque facile,PQ,PLC,Homme,Francophones,18-39 ans,Né Canada,Universitaire,Revenus moyens
Ind_2993,0.403989,0.132709,0.834962,Sou_NON,CONTRE,POUR,POUR,POUR,NEUTRE,CONTRE,NEUTRE,DÉSACCORD,NEUTRE,PESSIMISTE,OPTIMISTE,CONTRE,Responsabilité mixte,Economie: privé et public,Feministre: NEUTRE féministe,Feministre: NEUTRE féministe,Risque difficile,CAQ,Vote fed: NSP,Femme,Francophones,40-59 ans,Né Canada,Universitaire,NSP
Ind_2994,-1.466071,1.087996,0.237902,Sou_NSP,POUR,POUR,CONTRE,NEUTRE,POUR,POUR,NSP,DÉSACCORD,OPTIMISTE,NEUTRE,NEUTRE,POUR,Responsabilité individuelle,Economie: privé seulement,Feministe: CONTRE féministe,Feministe: CONTRE féministe,Risque facile,CAQ,PLC,Homme,Francophones,60 ans et plus,Né Canada,Collégial,Revenus moyens
Ind_2995,-0.278787,1.49796,0.559846,Sou_NON,POUR,POUR,POUR,POUR,NSP,CONTRE,DÉSACCORD,DÉSACCORD,NEUTRE,NEUTRE,PESSIMISTE,CONTRE,Responsabilité individuelle,Economie: neutre,Feministe: CONTRE féministe,Feministre: NEUTRE féministe,Risque difficile,PQ,PLC,Homme,Francophones,60 ans et plus,Né Canada,Collégial,Revenus bas
Ind_2996,-2.411929,-1.027619,-0.585879,Sou_OUI,POUR,POUR,CONTRE,POUR,POUR,POUR,ACCORD,NEUTRE,OPTIMISTE,NEUTRE,OPTIMISTE,CONTRE,Responsabilité collective,Economie: privé et public,Féministe: POUR féministe,Féministe: POUR féministe,Risque facile,PQ,Vote fed: NSP,Femme,Francophones,40-59 ans,Né Canada,Secondaire,Revenus bas
Ind_2997,1.065618,0.663808,-0.024735,Sou_NON,CONTRE,CONTRE,POUR,NEUTRE,CONTRE,CONTRE,ACCORD,NEUTRE,PESSIMISTE,PESSIMISTE,OPTIMISTE,CONTRE,Responsabilité individuelle,Economie: privé seulement,Féministe: POUR féministe,Feministe: CONTRE féministe,Risque difficile,PQ,PCC,Homme,Francophones,40-59 ans,Né Canada,Secondaire,Revenus moyens
Ind_2998,2.248089,-0.726491,-1.138995,Sou_NON,CONTRE,CONTRE,POUR,CONTRE,CONTRE,CONTRE,NEUTRE,NSP,NEUTRE,PESSIMISTE,PESSIMISTE,CONTRE,Responsabilité collective,Economie: privé et public,Féministe: POUR féministe,Féministe: POUR féministe,Risque facile,PLQ,PLC,Femme,Non francophones,18-39 ans,Né Ailleurs,Collégial,Revenus moyens
Ind_2999,1.905278,0.754715,-0.127518,Sou_NON,CONTRE,CONTRE,POUR,CONTRE,CONTRE,CONTRE,ACCORD,NEUTRE,PESSIMISTE,PESSIMISTE,PESSIMISTE,CONTRE,Responsabilité mixte,Economie: neutre,Feministe: CONTRE féministe,Féministe: POUR féministe,Risque facile,PCQ,PCC,Homme,Francophones,40-59 ans,Né Ailleurs,Collégial,NSP
